bond_sym_id,previous yield,volume_weighted_yield_predicted,direction,percentage_change,trd_exctn_dt,error,volume_weighted_yield_actual
A4404722,5.484954666666666,5.878560913444227,up,7.1761075651107396,2023-09-12,-0.26255560796872235,5.616005305475505
A4881169,5.366766390243902,5.827934648613664,up,8.593037684817192,2023-09-12,-0.4270089700422357,5.400925678571428
A4996671,5.478077,5.823041211203957,up,6.297177115326373,2023-09-12,-0.2819495445372908,5.5410916666666665
A5143230,5.435136788417211,5.927415016181167,up,9.057329133151685,2023-09-12,-0.47894710874778745,5.44846790743338
AA.GI,6.23795385326087,5.850631744249052,down,-6.209121101614867,2023-09-12,0.2977676486508294,6.148399392899881
AA.HO,6.344836006464123,5.779571519439016,down,-8.909048026603296,2023-09-12,0.5762155341152138,6.35578705355423
AA.HQ,6.158208009060224,5.983058471244653,down,-2.844164041842746,2023-09-12,0.19603748231385243,6.179095953558505
AA4165125,6.2427147969881585,6.0778995956341335,down,-2.6401206320292125,2023-09-12,0.19402553117746102,6.2719251268115945
AA4979362,6.285333311099796,5.92092976658071,down,-5.797680512432894,2023-09-12,0.3192788063030232,6.240208572883733
AA5243241,6.123338916666665,5.835981721046824,down,-4.692818730606337,2023-09-12,0.2970335187818707,6.133015239828695
AAGH4973989,6.847397616853933,6.076044309231931,down,-11.264911880148762,2023-09-12,0.8182766907680685,6.894321
AAGI4343522,,no data prior to target date,N/A,N/A,,N/A,5.61602
AAGI5043576,5.834992999999999,5.705628511947982,down,-2.217046156730904,2023-09-12,0.3401274880520182,6.045756
AAL5005428,0.411168219858156,5.974002172479374,up,1352.9338319338674,2023-09-12,-5.659977172479374,0.314025
AAL5291551,5.9354059999999995,5.8025874666475445,down,-2.2377329091296363,2023-09-12,0.21808153335245528,6.020669
AAP5009293,6.566590317870346,6.3387482461968245,down,-3.46971655980229,2023-09-12,0.589055118956229,6.9278033651530535
AAP5049981,6.258401534508075,5.858034908487822,down,-6.397266519456764,2023-09-12,0.8136578836317412,6.671692792119563
AAP5372191,6.60747342427257,5.890316488289865,down,-10.853724108041465,2023-09-12,1.124176267721368,7.014492756011233
AAP5552143,6.238549241237113,5.905969341168812,down,-5.331045523692135,2023-09-12,0.6271785679333401,6.533147909102152
AAP5552144,6.37721831329114,5.880917223180721,down,-7.7824070892484265,2023-09-12,0.8594760976964313,6.7403933208771525
AAPL4001810,5.088567949709864,5.7275930427434,up,12.558053647882822,2023-09-12,-0.6291314274942232,5.098461615249176
AAPL4122386,4.9363648181818185,5.664519907046714,up,14.750836206086811,2023-09-12,-0.6778061266728814,4.986713780373832
AAPL4122390,5.425460972959096,5.986743340752704,up,10.34533969723645,2023-09-12,-0.478471779042394,5.50827156171031
AAPL4208639,5.024264146551725,5.6661991528332765,up,12.776696995959638,2023-09-12,-0.616012680813812,5.0501864720194645
AAPL4208641,5.330381988304093,5.884140908433629,up,10.388728637921117,2023-09-12,-0.5753060429489505,5.308834865484679
AAPL4242665,5.12363727837515,5.8868478076104855,up,14.89587353219842,2023-09-12,-0.6939737264784096,5.192874081132076
AAPL4242667,5.114412608157318,5.668415785507523,up,10.832195596940847,2023-09-12,-0.5380852494905737,5.130330536016949
AAPL4336433,5.117322178235147,5.778400835026345,up,12.918449020131654,2023-09-12,-0.6510925861028269,5.127308248923518
AAPL4336436,4.70720702926337,5.767671277725759,up,22.528523641934246,2023-09-12,-1.0484418601718781,4.719229417553881
AAPL4336441,5.067297689956332,5.881637869611064,up,16.070502060078283,2023-09-12,-0.7531318486923055,5.128506020918758
AAPL4389208,5.017867094674555,5.875230842974836,up,17.086218748404036,2023-09-12,-0.8042470012883758,5.07098384168646
AAPL4389215,5.13179823540894,5.753952610544749,up,12.123515902145183,2023-09-12,-0.6209708287971756,5.132981781747573
AAPL4452435,4.917115408577878,5.860637947003076,up,19.18853758809948,2023-09-12,-0.9258384499697563,4.934799497033319
AAPL4452437,4.999886846153846,5.634106051681066,up,12.684671174410516,2023-09-12,-0.5881371597905245,5.045968891890541
AAPL4452439,5.685544813035074,5.912134838865207,up,3.9853705015328798,2023-09-12,-0.36765764787535904,5.544477190989848
AAPL4492956,4.844239448800001,5.862452384059051,up,21.01904635435142,2023-09-12,-0.9848731607786263,4.877579223280424
AAPL4492960,5.574050835955057,5.891634863236099,up,5.697544508070989,2023-09-12,-0.26027522062923225,5.631359642606867
AAPL4507383,4.811178282051282,5.865201967185051,up,21.907807679169565,2023-09-12,-1.0376915840591865,4.827510383125865
AAPL4538816,4.765462214437368,5.854427445470064,up,22.851198520336276,2023-09-12,-1.0128033318966567,4.841624113573407
AAPL4562446,4.805516548608173,5.915947880632126,up,23.1074291554686,2023-09-12,-1.0918509084774302,4.824096972154696
AAPL4562450,5.271878126381215,5.889819245982017,up,11.721460640536026,2023-09-12,-0.4948089600394727,5.395010285942544
AAPL4562451,5.121365625098039,5.63978396990047,up,10.122658344521271,2023-09-12,-0.5106594441714831,5.129124525728987
AAPL4880745,5.498818670512148,5.917567122299772,up,7.615243871073544,2023-09-12,-0.5885035458291838,5.329063576470588
AAPL4880746,4.972948612586603,5.872888176075486,up,18.096699435242968,2023-09-12,-0.8816080090434824,4.991280167032004
AAPL4880747,4.767883952261791,5.8585912217218885,up,22.876128705747707,2023-09-12,-1.0751281121980796,4.783463109523809
AAPL4880748,5.083097761904762,5.6055029144803274,up,10.277298943386985,2023-09-12,-0.5426088103793809,5.0628941041009465
AAPL4984116,5.037383103843009,5.604581257837188,up,11.259777989914333,2023-09-12,-0.530181663453412,5.074399594383776
AAPL4984119,5.241053976911977,5.88221524931648,up,12.233441502967963,2023-09-12,-0.5646014757071667,5.317613773609313
AAPL4984120,4.734165902482269,5.825422865443011,up,23.05067007450166,2023-09-12,-1.0953673215226,4.730055543920411
AAPL5030513,4.9167397407407405,5.595502737028657,up,13.805143897766218,2023-09-12,-0.6555091902121788,4.939993546816479
AAPL5030514,4.829654063636364,5.4837691093867065,up,13.543724604942886,2023-09-12,-0.6584938794609894,4.825275229925717
AAPL5030515,5.08149746803653,5.882717579389268,up,15.767401566025491,2023-09-12,-0.7652673971620461,5.117450182227222
AAPL5030516,4.748420846880907,5.822260701149113,up,22.614673149149755,2023-09-12,-1.0689786871491131,4.753282014
AAPL5123994,5.1174220089878855,5.91304550542153,up,15.54734972093891,2023-09-12,-0.8121334706411716,5.100912034780358
AAPL5123995,4.804262120967741,5.850535665876417,up,21.778027896153194,2023-09-12,-1.022399308334518,4.828136357541899
AAPL5123996,4.710361523500045,5.8734310948969,up,24.69172622089172,2023-09-12,-1.1330933866589143,4.740337708237986
AAPL5123997,4.973477758823529,5.711411219863319,up,14.837373299410245,2023-09-12,-0.7120873350148358,4.999323884848483
AAPL5123998,5.059489862617498,5.597462698346392,up,10.6329462126954,2023-09-12,-0.5501740082055475,5.047288690140845
AAPL5123999,5.059086469460227,5.564046465553435,up,9.981248574054998,2023-09-12,-0.5068136445607578,5.057232820992677
AAPL5231623,4.72079516399417,5.850099989549618,up,23.921919641181088,2023-09-12,-1.0708322815007039,4.7792677080489145
AAPL5231624,4.71534711467522,5.815790764716988,up,23.337489760126893,2023-09-12,-1.0331809460035375,4.782609818713451
AAPL5231843,5.080492365156419,5.59476119706447,up,10.122421114832578,2023-09-12,-0.5130282365657735,5.081732960498696
AAPL5231844,5.087332490533937,5.626512633908343,up,10.598484458754463,2023-09-12,-0.5357620150283848,5.090750618879958
AAPL5455692,4.725198102803739,5.832460731447588,up,23.433147236448036,2023-09-12,-1.0725876637185037,4.759873067729084
AAPL5455693,4.691110295898812,5.826771987184026,up,24.208803879074477,2023-09-12,-1.1289574977879004,4.697814489396126
AAPL5455705,5.112397946914057,5.616557146808801,up,9.861501493620311,2023-09-12,-0.5111052713498045,5.105451875458996
AAPL5455706,5.19450914981369,5.723377652526333,up,10.181298895808299,2023-09-12,-0.5301093779765127,5.19326827454982
AAPL5584758,5.089852755910544,5.573564205228353,up,9.503446809067372,2023-09-12,-0.4766082559067124,5.09695594932164
AAPL5584911,4.959531242424243,5.8697822493473675,up,18.353569368345987,2023-09-12,-0.9401526647577532,4.929629584589614
AAPL5584912,4.6792042581888245,5.862845911789686,up,25.295789375499762,2023-09-12,-1.1618657253901707,4.700980186399515
AAPL5584913,4.663037451928613,5.832757909598608,up,25.08494666252795,2023-09-12,-1.1666747385567708,4.666083171041837
AAPL5584914,4.694508470948012,5.816813050003894,up,23.90675373154121,2023-09-12,-1.093882863017689,4.722930186986205
ABB3852142,5.659661666666667,5.690088506600389,up,0.5376088134901228,2023-09-12,-0.03062200660038883,5.6594665
ABBV4036937,5.597543166666666,5.689055277056535,up,1.634862075469514,2023-09-12,-0.08310475025000663,5.605950526806528
ABBV4241910,5.632052968485617,5.932065244642501,up,5.326872418203712,2023-09-12,-0.23492877741822582,5.697136467224275
ABBV4241923,5.3372937714899535,6.224691255885515,up,16.626356396864338,2023-09-12,-0.8890299889816013,5.335661266903914
ABBV4241924,5.608190516483516,5.655781224867998,up,0.8485929328649633,2023-09-12,0.003275284784510113,5.659056509652508
ABBV4362386,5.283188040117417,5.902384457510825,up,11.720128314411594,2023-09-12,-0.5491613611662514,5.353223096344574
ABBV4362395,5.375290302207132,5.775663271353905,up,7.448397140194968,2023-09-12,-0.4027483121702309,5.3729149591836745
ABBV4362396,5.612612684210526,5.646928291622622,up,0.6114016651929886,2023-09-12,-0.035756210062337423,5.611172081560285
ABBV4693581,5.122240854769815,5.875428326364948,up,14.704257237216156,2023-09-12,-0.7311262802554372,5.144302046109511
ABBV4693582,5.761173843530429,6.102998075854439,up,5.933239329479093,2023-09-12,-0.34560085008071884,5.75739722577372
ABBV4693583,5.548118045112782,5.618704111359004,up,1.2722524227544163,2023-09-12,-0.050947714546923706,5.56775639681208
ABBV5066461,5.75375764186605,6.010506285561849,up,4.462277691844708,2023-09-12,-0.26213246459278317,5.748373820969066
ABBV5068386,5.513635845896148,5.753297181023263,up,4.3467022818617504,2023-09-12,-0.23823169872029037,5.5150654823029726
ABBV5068387,5.504497651456552,5.740169734114154,up,4.281445784525699,2023-09-12,-0.229461479773037,5.510708254341117
ABBV5068389,5.650026543689321,5.6798486945789435,up,0.527823199749956,2023-09-12,-0.01061753430019774,5.669231160278746
ABBV5068390,5.668225343362831,5.660266528639227,down,-0.14041105004626905,2023-09-12,0.017721138027440908,5.6779876666666675
ABBV5082874,5.348606969837474,5.8838411660281,up,10.006983111845482,2023-09-12,-0.5331073716070964,5.350733794421004
ABBV5083839,5.668541563046648,5.912289855078651,up,4.3000177262702595,2023-09-12,-0.19250168547943236,5.7197881695992185
ABBV5084327,5.261472597007836,6.299527218982064,up,19.7293552866656,2023-09-12,-1.016183553303585,5.283343665678479
ABBV5084339,5.310362169245493,5.932813035241137,up,11.721439068704479,2023-09-12,-0.5637714851732474,5.369041550067889
ABBV5087645,5.861592350177094,5.913781204102844,up,0.8903528394323265,2023-09-12,-0.010039886533160569,5.903741317569684
ABC4127448,5.794869076923075,5.892272584357407,up,1.6808577750655675,2023-09-12,-0.1606277710240711,5.731644813333336
ABC4213750,5.626759,5.892942852169959,up,4.73067803632534,2023-09-12,-0.24781385216995933,5.645129
ABC4213751,5.982955,5.657777596762962,down,-5.435063496834551,2023-09-12,0.2860918203493368,5.943869417112299
ABC4571977,5.197937066651806,5.901111325079019,up,13.527948672917557,2023-09-12,-0.6936643917456857,5.207446933333333
ABC4571978,5.682257378787879,5.6412274960382245,down,-0.7220701213363033,2023-09-12,0.12473072929314544,5.76595822533137
ABC4987224,5.436379,5.828027228728317,up,7.2042112723987275,2023-09-12,-0.37965056206165126,5.4483766666666655
ABG5064855,6.856057109704641,5.851411259347504,down,-14.653405511092904,2023-09-12,1.0288854916841323,6.880296751031636
ABG5064856,7.288209629370629,5.829562783362009,down,-20.013788298986956,2023-09-12,1.4423357627493365,7.271898546111346
ABS3702072,6.445318,5.854105499505737,down,-9.172743695412134,2023-09-12,0.748727000494263,6.6028325
ABS3702077,6.489451028571429,5.818036298236231,down,-10.346248509760333,2023-09-12,0.7208007017637703,6.538837000000001
ABS3706771,7.106553999999999,5.869221196322757,down,-17.411150378611666,2023-09-12,0.535043137010577,6.404264333333334
ABS3706781,7.591016,5.8262728939845045,down,-23.2477853559457,2023-09-12,1.5703692411506331,7.396642135135138
ABT.GW,5.203278,5.740578200085072,up,10.32618668625955,2023-09-12,-0.5360542000850721,5.204524
ABT.GX,4.909692857142857,5.727140232377211,up,16.64966422584037,2023-09-12,-0.4971914088477991,5.229948823529412
ABT.HB,5.159388545454546,5.712783509963836,up,10.725979631769246,2023-09-12,-0.5590120393756015,5.153771470588235
ABT4219949,5.341149591666665,5.886509555530783,up,10.210535288414254,2023-09-12,-0.5200106651926184,5.366498890338165
ABT4427938,5.737416098039217,5.905540500965909,up,2.9303156691763887,2023-09-12,-0.5079881506834214,5.397552350282488
ABT4427939,4.940406401952809,5.890813415413783,up,19.23742575277418,2023-09-12,-0.932827008186166,4.957986407227617
ABT4427940,4.993692552980133,5.764639668964082,up,15.438417720046937,2023-09-12,-0.7718920529157653,4.992747616048317
ABT4427941,5.244300378378377,5.640619374058231,up,7.557137598636224,2023-09-12,-0.4024714330860091,5.238147940972222
ABT4466215,5.1850302313043475,5.686136239579748,up,9.664476115298223,2023-09-12,-0.5011718341743432,5.184964405405405
ABT4466374,5.227514298809017,5.92957084193789,up,13.430026261024718,2023-09-12,-0.7604677055742544,5.169103136363636
ABT5005071,4.786033421276596,5.851746314557212,up,22.267142735421075,2023-09-12,-1.0483815379294992,4.8033647766277126
ABT5005072,4.768989,5.823378458456014,up,22.109286862603668,2023-09-12,-1.0780671080910507,4.745311350364964
ABX.GB,6.051342814356436,5.781040724253824,down,-4.466811720885102,2023-09-12,0.4283418122136613,6.209382536467485
ABX.GQ,5.852004888661998,5.873375953328125,up,0.36519218751051324,2023-09-12,-0.0160697628519344,5.857306190476191
ACE.GD,6.049707333333333,5.827102141760904,down,-3.679602653601019,2023-09-12,0.44470885823909523,6.271811
ACHN4899048,5.361732,5.832043244191313,up,8.771629096555237,2023-09-12,-0.5719292441913124,5.260114000000001
ACM4502954,6.453985484521239,5.876361673568503,down,-8.949877751322283,2023-09-12,0.6106549042616862,6.48701657783019
ACOR5104777,,no data prior to target date,N/A,N/A,,N/A,42.1498335
ACT4176287,6.700126,5.8936523772405796,down,-12.036693380981498,2023-09-12,1.1633246227594194,7.056976999999999
ACT4218879,7.135194666666667,5.883661588382007,down,-17.540279372214183,2023-09-12,0.9065254116179924,6.7901869999999995
ADBE4204134,5.31298037912088,5.887784905191486,up,10.81887161355783,2023-09-12,-0.5288829269584507,5.358901978233035
ADBE4939807,5.255504000000001,5.884936640271163,up,11.976637069844523,2023-09-12,-0.4191230563074715,5.465813583963691
ADBE4939808,4.882498560338743,5.870196493825889,up,20.22935432096921,2023-09-12,-0.9410788912799202,4.929117602545968
ADBE4939809,4.9270903259151755,5.863370981726355,up,19.002709385833544,2023-09-12,-0.9409953897927847,4.92237559193357
ADI4432502,5.0809323636363635,5.8709828076002,up,15.549320231423163,2023-09-12,-0.7031991496709713,5.1677836579292284
ADI4974267,5.3786627311999995,5.890075554138883,up,9.50817793375167,2023-09-12,-0.49432388747221623,5.3957516666666665
ADI5271547,4.988712289356984,5.848774834894429,up,17.240171323816746,2023-09-12,-0.7994421958411744,5.0493326390532545
ADI5271548,5.024296023376624,5.812368029678464,up,15.685222419920425,2023-09-12,-0.7709570029761936,5.041411026702271
ADI5271549,5.446767,5.698053614845341,up,4.613500354344886,2023-09-12,-0.2475202674507999,5.450533347394541
ADI5271550,5.306932251193888,5.644317875002973,up,6.3574511193954795,2023-09-12,-0.36462497808399164,5.279692896918982
ADM.GL,5.155163666666667,5.838860095102355,up,13.262361248712146,2023-09-12,-0.6728942379594995,5.165965857142855
ADM.GM,,no data prior to target date,N/A,N/A,,N/A,4.441895333333333
ADM.GP,5.31354,5.7669852499725085,up,8.533769388628086,2023-09-12,-0.46345824860825147,5.303527001364257
ADM4392331,4.895726874999999,5.8687103434068755,up,19.874137043375733,2023-09-12,-0.8920031853687291,4.976707158038146
ADM4540771,5.423946523809524,5.701817653433066,up,5.123043311798339,2023-09-12,-0.28995995343306724,5.411857699999999
ADM4773867,5.37018827586207,5.617028027373127,up,4.596482261535468,2023-09-12,-0.323945027373127,5.293083
ADM4971157,4.976141166666666,5.8296061764787925,up,17.15114144126725,2023-09-12,-0.8332542536988692,4.996351922779923
ADM5367929,5.040589717472121,5.810601761065459,up,15.276229305556392,2023-09-12,-0.7050795509998133,5.105522210065645
ADM5564429,5.094215575043631,5.802585010178513,up,13.905368249533003,2023-09-12,-0.6789204121541967,5.123664598024316
ADP4287440,5.136194187179488,5.887359438805568,up,14.624938704636058,2023-09-12,-0.6389186158737825,5.248440822931785
ADP5029293,4.869965499999999,5.823316306751839,up,19.57613060609649,2023-09-12,-0.9471884346588162,4.876127872093023
ADP5183440,4.831098386255924,5.855888922624309,up,21.212371482307816,2023-09-12,-0.997240596199438,4.858648326424871
ADSK4504222,5.357128635135136,5.859591873421688,up,9.379338681380704,2023-09-12,-0.5466415455528351,5.312950327868853
ADSK4933609,5.3642368479776845,5.83418171061237,up,8.760703077677386,2023-09-12,-0.35686929720454774,5.477312413407822
ADSK5275354,5.352625863514527,5.860834794086315,up,9.494572262857506,2023-09-12,-0.5353105392754323,5.325524254810882
ADVO4664869,5.409308,5.622340455528878,up,3.9382570844344196,2023-09-12,-0.1615772582499666,5.4607631972789115
AEE.IA,5.887519999999999,5.728991493295243,down,-2.6926194170848987,2023-09-12,0.10391400670475726,5.8329055
AEE3899397,5.837984,5.692103818391206,down,-2.498810918440232,2023-09-12,0.16511021864583153,5.857214037037037
AEE4504577,5.226955276150628,5.888994562092602,up,12.665868578648535,2023-09-12,-0.6807534627822571,5.208241099310345
AEE4618395,5.785225277777776,5.627300768806443,down,-2.729790135882056,2023-09-12,0.11559623119355766,5.742897000000001
AEE4633269,5.0694894509803925,5.849878883968958,up,15.393846669069314,2023-09-12,-0.7508588839689576,5.09902
AEE4764901,5.461025000000001,5.653737516659768,up,3.5288708009900462,2023-09-12,-0.1438555166597677,5.509882
AEE4883511,6.023910233582089,5.913102309488494,down,-1.8394683817807072,2023-09-12,0.20825288895275396,6.121355198441248
AEE4914049,5.517627,5.605084128290929,up,1.5850496652080444,2023-09-12,-0.10301056162426292,5.502073566666666
AEE4972837,5.655777446976336,5.826086980935616,up,3.011248861115106,2023-09-12,-0.1886876748857942,5.637399306049822
AEE5077433,5.373046999999999,5.824337196474446,up,8.399148499435194,2023-09-12,-0.4093841964744467,5.414953
AEE5139512,5.43485218367347,5.865334019335355,up,7.920764376169637,2023-09-12,-0.46470068600202197,5.400633333333333
AEE5200475,,no data prior to target date,N/A,N/A,,N/A,5.369290838560885
AEE5302941,5.263928,5.8630242457732535,up,11.381163377866368,2023-09-12,-0.6129004838684917,5.250123761904762
AEE5383965,5.531962,5.588899604479169,up,1.0292479319121952,2023-09-12,-0.06718660447916847,5.521713
AEE5501155,5.623360264462809,5.57774481803887,down,-0.8111777349960861,2023-09-12,0.025135181961130293,5.60288
AEE5548628,5.671226801601424,5.577605571909809,down,-1.650810890955345,2023-09-12,0.12310432282703321,5.700709894736843
AEE5592042,5.395519098039216,5.794843282122957,up,7.401033650846671,2023-09-12,-0.38969728212295784,5.405145999999999
AEP.JQ,5.879952000000001,5.797197270527577,down,-1.407404847393724,2023-09-12,0.2868140628057567,6.084011333333334
AEP.KS,6.163745555555555,5.744389987060807,down,-6.803583384728963,2023-09-12,0.48738781293918976,6.231777799999997
AEP.KY,6.1299160207692305,5.7393079471702375,down,-6.372160275533047,2023-09-12,0.3895021956869069,6.128810142857144
AEP.LF,6.104419599999998,5.77177145994095,down,-5.4493000458069405,2023-09-12,0.2682054733923831,6.0399769333333335
AEP.LH,5.975041466666667,5.76818536383733,down,-3.462002799199606,2023-09-12,0.22372779405740673,5.991913157894737
AEP.LJ,6.151129970588236,5.74948245113086,down,-6.529654248534203,2023-09-12,0.4169309774405665,6.166413428571427
AEP.LL,5.980998460317459,5.7449444705306325,down,-3.946732161076288,2023-09-12,0.2112459074221249,5.956190377952757
AEP3704185,5.784882266666665,5.799736310708562,up,0.2567734891942073,2023-09-12,0.024722825655073777,5.824459136363636
AEP4225317,6.1811665978260875,5.662171184314317,down,-8.396399050210043,2023-09-12,0.5413213156856829,6.2034925
AEP4245049,5.776144333333333,5.884889583553612,up,1.882661580887534,2023-09-12,-0.02415702799805608,5.860732555555556
AEP4408776,5.5552419516129055,5.872452187234341,up,5.710106569333796,2023-09-12,-0.27406551093376397,5.598386676300577
AEP4427269,5.243611454545455,5.8729554345364505,up,12.002109337171522,2023-09-12,-0.6030004345364501,5.269955
AEP4494997,5.337562285714285,5.862372741247739,up,9.832399650643566,2023-09-12,-0.37450494124773925,5.4878678
AEP4543470,6.101378,5.63580209513452,down,-7.630668102606994,2023-09-12,0.472416674096249,6.108218769230769
AEP4563780,5.346176,5.856656904900564,up,9.548524120802693,2023-09-12,-0.5121358513291359,5.3445210535714285
AEP4621212,5.585159,5.632276932734639,up,0.8436274192845529,2023-09-12,-0.07827272583808753,5.554004206896551
AEP4628426,5.241206666666666,5.852949887166735,up,11.671801159657944,2023-09-12,-0.6168698871667351,5.23608
AEP4664067,5.799490333333333,5.623873272756956,down,-3.0281464487835175,2023-09-12,0.2316640430325183,5.855537315789475
AEP4687615,5.500651751870322,5.856389805258774,up,6.467198241871884,2023-09-12,-0.3085779652587739,5.5478118400000005
AEP4773531,5.50360208621697,5.931140926993063,up,7.768345786604121,2023-09-12,-0.41316502776825637,5.5179758992248065
AEP4794624,5.601525622149837,5.87647906694838,up,4.908545695324645,2023-09-12,-0.2724122098055224,5.604066857142858
AEP4845237,5.594057,5.617409037052154,up,0.4174436737443573,2023-09-12,-0.032908481496598974,5.584500555555555
AEP4961681,5.730926666666667,5.831726080297338,up,1.7588676228743347,2023-09-12,-0.05464941363067055,5.777076666666668
AEP4961682,6.015315666666666,5.6168719552520345,down,-6.623820485807117,2023-09-12,0.3661620447479663,5.983034000000001
AEP5082163,5.665475418867924,5.881688484638319,up,3.816326959081553,2023-09-12,-0.1915979075106593,5.69009057712766
AEP5145676,5.658256379310345,5.877525003257726,up,3.875197750832684,2023-09-12,-0.15974900325772623,5.717776
AEP5146510,5.675660143884893,5.821894497351578,up,2.5765170880473134,2023-09-12,-0.1353481719077907,5.686546325443787
AEP5179396,5.926378,5.602976373230563,down,-5.456986151903184,2023-09-12,0.34397462676943746,5.946951
AEP5239006,5.583922,5.81554748930067,up,4.14807888256085,2023-09-12,-0.2838464893006698,5.531701
AEP5256223,5.588047,5.592596847916463,up,0.08142107459837561,2023-09-12,0.0010601520835376022,5.593657
AEP5294411,5.959873882666668,5.609688159177918,down,-5.875723721389613,2023-09-12,0.34877510542689283,5.958463264604811
AEP5334385,6.068987592592593,5.8997676260651915,down,-2.7882733972621727,2023-09-12,-0.021521843807127183,5.878245782258064
AEP5415149,5.628169285714286,5.80763177478227,up,3.1886476748932453,2023-09-12,-0.13393459831168109,5.673697176470589
AEP5454477,5.6386094,5.805784542920468,up,2.9648292878820044,2023-09-12,-0.07370107220463318,5.732083470715835
AEP5458042,5.736435737384139,5.899389759382638,up,2.840684171471385,2023-09-12,-0.14619187566170755,5.75319788372093
AEP5497571,5.413594623762377,5.861145828442831,up,8.267172475677768,2023-09-12,-0.40845651292721996,5.452689315515611
AEP5497572,5.705387632768362,5.803211080648029,up,1.7145802209446177,2023-09-12,-0.071923759062126,5.731287321585903
AEP5522215,5.607176666666667,5.800002309212952,up,3.438907921210833,2023-09-12,-0.14847376368175436,5.651528545531198
AEP5548720,5.780687300983327,5.811669478545574,up,0.5359601021314053,2023-09-12,-0.024939870270245912,5.786729608275328
AEP5554199,5.587397388888888,5.580791547401933,down,-0.1182275221750218,2023-09-12,-0.006813547401932851,5.573978
AEP5558540,5.715569008,5.574661394942952,down,-2.4653295736578764,2023-09-12,0.1532669184228279,5.72792831336578
AEP5563957,5.755546020009307,5.809758123409301,up,0.9419106929477108,2023-09-12,-0.04462512340930136,5.765133
AEP5584303,5.525818482972135,5.797717746935237,up,4.920524711424412,2023-09-12,-0.24068074693523656,5.557037
AER4519766,6.108402660056658,5.873628586926818,down,-3.843460986372862,2023-09-12,0.2493474130731821,6.122976
AER4566810,6.220953,5.8921271616769015,down,-5.285779177613112,2023-09-12,0.39256683832309847,6.284694
AER4667191,6.2174309999999995,5.902004095077016,down,-5.073267478529045,2023-09-12,0.3513090622603521,6.253313157337368
AER4786976,6.132535909871245,6.005450065948976,down,-2.0723212352936273,2023-09-12,0.14665993405102462,6.15211
AER4814500,6.1059915,5.88020790055124,down,-3.6977385155016975,2023-09-12,0.06009293944875971,5.94030084
AER4997733,6.200044942028986,5.886485873034114,down,-5.057367679213281,2023-09-12,0.4173341269658861,6.30382
AER5050847,6.146977796158192,5.884180870248071,down,-4.275221655662519,2023-09-12,0.27855011163598675,6.162730981884057
AER5050850,6.655564420489296,5.937141272341098,down,-10.794323407591358,2023-09-12,0.739700727658902,6.676842
AER5107540,6.1845345,5.8822034550980575,down,-4.888501226760758,2023-09-12,0.3042410449019419,6.1864444999999995
AER5286239,6.03021188423962,6.077843239856203,up,0.789878639937531,2023-09-12,0.05418766923470564,6.132030909090909
AER5286240,6.1241468359375,5.8961246991246306,down,-3.72332902723361,2023-09-12,0.23985457073415084,6.135979269858781
AER5286241,6.331948312071036,5.941678171256224,down,-6.163508000701981,2023-09-12,0.36898941685639386,6.310667588112618
AER5286242,6.266294636363637,5.8072472728611535,down,-7.32565878467647,2023-09-12,0.46734795583839794,6.274595228699551
AER5286244,6.3225616296296305,5.894424719480803,down,-6.771573536625337,2023-09-12,0.5255190580191966,6.4199437774999994
AER5286245,6.227800820058998,5.911887584922174,down,-5.0726290750870735,2023-09-12,0.23287708174449318,6.144764666666667
AER5286246,6.182519307046553,5.892011980897901,down,-4.698850286121145,2023-09-12,0.2781828168681191,6.17019479776602
AER5286247,6.393491,5.704754083032025,down,-10.77247026652536,2023-09-12,0.6796393355726256,6.384393418604651
AER5596397,6.084093608695652,5.865465621431443,down,-3.593435626166845,2023-09-12,0.2525111432744396,6.117976764705882
AES3671691,9.374435,5.817188088127208,down,-37.94625395421476,2023-09-12,4.011618245206125,9.828806333333333
AES4819839,7.612911166666667,5.84370608125276,down,-23.239534084679956,2023-09-12,1.8983107187472363,7.7420167999999965
AES5179394,6.679344913621263,5.8890589592522025,down,-11.831788365314406,2023-09-12,0.8201366635022875,6.70919562275449
AES5186582,6.239154935647144,5.83922423914791,down,-6.410013866048539,2023-09-12,0.38678276085208907,6.226006999999999
AES5225396,6.140382784559298,5.918577869869912,down,-3.612232697400237,2023-09-12,0.2570263125625205,6.175604182432433
AES5225397,6.082958874999999,5.881725859102267,down,-3.3081436194607226,2023-09-12,0.17465928375487572,6.056385142857143
AES5588225,6.024370266973657,5.9052419154393165,down,-1.9774407324764975,2023-09-12,0.16492056183340953,6.070162477272726
AFG4502082,6.3593736,5.64031191193884,down,-11.307115028768871,2023-09-12,0.7102515880611611,6.350563500000001
AFG4971805,5.76519,5.8343313427689,up,1.1992899239903714,2023-09-12,0.004189157231099472,5.8385205
AFL.GD,6.013743,5.724142558694728,down,-4.815643789654322,2023-09-12,0.6343511631097858,6.358493721804514
AFL.GF,6.015719000000001,5.716992378852115,down,-4.965767535815509,2023-09-12,0.33616997205398125,6.053162350906097
AFL4404389,5.879594,5.648325629220546,down,-3.9334071498721555,2023-09-12,0.24067537077945467,5.889001
AFL4972576,5.40436626984127,5.833500171379729,up,7.940503661515584,2023-09-12,-0.4499881809951143,5.383511990384615
AFL5143253,5.476431489361701,5.878506288166236,up,7.34191233078675,2023-09-12,-0.2956252881662369,5.5828809999999995
AGO.GA,6.1024611875,5.788780805075836,down,-5.140227406389614,2023-09-12,0.14765386159083072,5.936434666666667
AGO4136090,4.990465000000001,5.898295185006139,up,18.19129449873184,2023-09-12,-0.907906185006139,4.990389
AGO5188097,5.745964322434151,5.831714140922969,up,1.4923486063779088,2023-09-12,-0.12438589092296937,5.70732825
AGO5242429,6.298578000000001,5.593842193878574,down,-11.18880811067874,2023-09-12,0.6731848061214256,6.267027
AGO5636563,6.014699797073653,5.952235686202841,down,-1.038524165432202,2023-09-12,0.076078107412207,6.028313793615048
AGR4566948,6.135555203703704,5.904925358571385,down,-3.7589075067420206,2023-09-12,0.08051389724256897,5.9854392558139535
AGR4834304,5.871021,5.84427341461562,down,-0.45558660724224104,2023-09-12,0.09843453410232872,5.942707948717949
AGR4974626,6.0608866645569615,5.89054486967882,down,-2.810509489878297,2023-09-12,0.2768547768230212,6.167399646501841
AGREC5180195,6.057047,5.854258660090384,down,-3.3479736893178473,2023-09-12,0.23094433990961694,6.085203000000001
AGREC5180197,6.017033999999999,5.799460520864639,down,-3.6159589448116742,2023-09-12,0.22425906404102047,6.02371958490566
AGREC5463132,6.135171000000001,5.805452920335232,down,-5.374228031537649,2023-09-12,0.31621407966476855,6.121667
AHSH5114767,,no data prior to target date,N/A,N/A,,N/A,5.507079
AIG.PK,6.7715890000000005,5.882592422974855,down,-13.128330396678617,2023-09-12,0.028132577025146155,5.910725000000001
AIG4055516,5.835071061588332,5.9162399208695815,up,1.391051769970306,2023-09-12,0.04068836734002623,5.956928288209608
AIG4143451,5.915255999999999,5.673697828466932,down,-4.083646955145598,2023-09-12,0.22169539375529101,5.895393222222223
AIG4201967,5.615752,5.781935393921644,up,2.9592366956668306,2023-09-12,-0.07889659392164194,5.703038800000002
AIG4345460,5.53702233033996,5.896232443604017,up,6.4874239588266605,2023-09-12,-0.33650935165423856,5.559723091949778
AIG4611976,5.459161722342733,5.8641138844972405,up,7.4178451335698306,2023-09-12,-0.38325314090749707,5.480860743589743
AIG4611977,5.833019,5.634693965413681,down,-3.4000409494006316,2023-09-12,0.1710610345863195,5.805755
AIG4808295,5.621196,5.845825374357196,up,3.9961135380654955,2023-09-12,-0.3388683743571965,5.506957
AIG4984963,5.77945956020408,5.909298893140204,up,2.246565298772325,2023-09-12,-0.10171745564020451,5.8075814375
AIG4984964,5.662292233766234,5.833050055182638,up,3.015701316122745,2023-09-12,-0.13513505518263802,5.697915
AIG4984965,5.724807,5.607459413515451,down,-2.0498086046315525,2023-09-12,0.14542125315121623,5.752880666666667
AIG5559726,5.770675028310814,6.013148157721586,up,4.2018157013036435,2023-09-12,-0.21444865111863098,5.798699506602955
AIZ4613421,5.737983657142857,5.8579295555916095,up,2.09038410730639,2023-09-12,-0.07121555559161052,5.786713999999999
AIZ4873343,6.469964,5.846742270816901,down,-9.632537819114585,2023-09-12,0.6043720148973843,6.451114285714286
AIZ5201402,6.661608468085106,5.837445899937256,down,-12.371825394667143,2023-09-12,0.7885541000627443,6.626
AJGG5295094,5.864049,5.602100275609571,down,-4.467028232377132,2023-09-12,0.3217324327668516,5.923832708376422
AJGG5548693,5.7089820625,5.801997983367335,up,1.6292908236359618,2023-09-12,-0.08955541374708176,5.712442569620253
AJGG5548694,6.060511663763066,5.609463211087478,down,-7.442415388332489,2023-09-12,0.45067665603182405,6.060139867119302
AKAM4837277,9.29726546442432,5.907098091406953,down,-36.46413438434916,2023-09-12,3.1671015586203755,9.074199650027328
AKAM5040824,0.462533252464206,5.941292052466619,up,1184.5113342259426,2023-09-12,-5.581528496960867,0.3597635555057523
AL4162877,6.075285948012232,5.918853822825105,down,-2.5748932070976824,2023-09-12,0.10456125409797057,6.023415076923076
AL4392330,11.966410416666667,5.914020596841755,down,-50.57815676616957,2023-09-12,96.17677073192537,102.09079132876712
AL4462625,5.981093862321145,5.903625061094287,down,-1.2952279802008277,2023-09-12,0.13234944446813568,6.0359745055624225
AL4565307,5.975184208333332,5.874432048873992,down,-1.6861766256314925,2023-09-12,0.09726746964452637,5.971699518518518
AL4585493,6.3055290060483875,5.8974807446496404,down,-6.471277207786041,2023-09-12,0.40803275679128337,6.305513501440924
AL4687217,6.119985094936709,5.854370052938383,down,-4.340125635568611,2023-09-12,0.28970329285600993,6.144073345794393
AL4788606,6.528859235294117,5.9058231146567595,down,-9.54280216778622,2023-09-12,0.20071688534324128,6.106540000000001
AL4882363,5.918700391428571,5.84253067536146,down,-1.2869331277085627,2023-09-12,0.09666953454420035,5.93920020990566
AL4933621,6.342691043062201,5.8952713351242165,down,-7.054099039356235,2023-09-12,0.4445153558080941,6.339786690932311
AL4933622,6.125937980263158,5.837621474438996,down,-4.706487508575407,2023-09-12,0.3504805255610046,6.188102000000001
AL5003191,6.166253398058252,5.890121871269507,down,-4.47810864982777,2023-09-12,0.40822251477193205,6.298344386041439
AL5028511,6.018438899159665,5.884340400319849,down,-2.2281276106091106,2023-09-12,0.1994837201010391,6.083824120420888
AL5113930,6.219420647887324,5.909383229373851,down,-4.9849887323313595,2023-09-12,0.327965688919714,6.237348918293565
AL5186765,5.969038784584178,5.889704514825049,down,-1.3290962351261673,2023-09-12,0.10638931840456856,5.996093833229618
AL5239216,6.275276746478872,5.900289885452177,down,-5.975622688467156,2023-09-12,0.439535114547823,6.339825
AL5239217,5.963813779349364,5.8569693031677055,down,-1.7915461504117374,2023-09-12,0.11457672933707475,5.97154603250478
AL5335159,5.866822,5.872028826608695,up,0.08875037641664682,2023-09-12,0.032135173391306004,5.904164000000001
AL5335160,6.0224979110828825,5.973580584988407,down,-0.8122431392538194,2023-09-12,0.10484958742538542,6.078430172413793
AL5507880,5.96420589700473,5.871772344970741,down,-1.5498048462815444,2023-09-12,0.16880305234462245,6.040575397315363
AL5524577,5.862385036807705,5.957134372874762,up,1.6162250598035048,2023-09-12,-0.04017873510386405,5.916955637770898
ALB4185470,6.271405999999999,5.6715181666376475,down,-9.565444070474014,2023-09-12,0.6330068333623524,6.304525
ALB5412961,5.723556162436547,5.871699391193622,up,2.5883074185474477,2023-09-12,0.032118795064187466,5.903818186257809
ALB5412962,6.10742602006689,5.819546277041381,down,-4.713601803437907,2023-09-12,0.3080024125422405,6.127548689583621
ALB5412963,6.524660626984128,5.589590090489526,down,-14.33132832422605,2023-09-12,0.9716859537582607,6.561276044247787
ALIA4480283,,no data prior to target date,N/A,N/A,,N/A,5.806896
ALL.GD,6.189952,5.746569861540658,down,-7.162933387194949,2023-09-12,0.15440709084029347,5.900976952380952
ALL.GR,5.730132333333332,5.808363518029269,up,1.3652596510005686,2023-09-12,-0.14130288166563343,5.667060636363636
ALL.GS,5.579339314893616,5.812033835952577,up,4.170646521494055,2023-09-12,-0.07598083595257688,5.736053
ALL4015209,6.001077999999999,5.688810176719895,down,-5.203528820656955,2023-09-12,0.3691435291624581,6.057953705882353
ALL4432905,5.996130099415206,5.659751445749552,down,-5.609929205813271,2023-09-12,0.36302955425044825,6.022781
ALL4432908,5.286227373984824,5.95678428121873,up,12.68498041786712,2023-09-12,-0.6510721661744823,5.305712115044248
ALL4843255,5.844507,5.641020092440369,down,-3.4816778824908723,2023-09-12,0.17484849101605615,5.815868583456425
ALL5083323,5.505994641791045,5.884901524328002,up,6.881715424512336,2023-09-12,-0.41427562995771794,5.470625894370284
ALL5083324,5.5227742806122455,5.830270968686099,up,5.567793874055719,2023-09-12,-0.2953369776547099,5.534933991031389
ALL5564982,5.713935907327506,5.953907123857241,up,4.199753382287645,2023-09-12,-0.2543091046791588,5.699598019178082
ALLE4543091,6.380866654660061,5.910215951876745,down,-7.375968316773887,2023-09-12,0.5436752692997251,6.4538912211764705
ALLE4887009,5.690682666666667,5.841796052869922,up,2.655452694426392,2023-09-12,-0.03449285286992243,5.8073032
ALLE5426854,5.974106290322581,5.828239496035108,down,-2.4416504695231436,2023-09-12,0.17881350396489193,6.007053
ALLVF4261712,11.440143513780637,6.318775829020455,down,-44.766638448119586,2023-09-12,4.681063099628585,10.99983892864904
ALLY3677327,7.322724844555872,5.896439552918228,down,-19.47752130408158,2023-09-12,1.5038501795279773,7.400289732446205
ALLY3681405,7.403612505990782,5.866979014883739,down,-20.755185254004644,2023-09-12,1.5885828500844124,7.455561864968152
ALLY4168346,6.567385010771219,5.949906476111805,down,-9.402197886170574,2023-09-12,0.45364916251969856,6.403555638631503
ALLY4227586,6.914524520588235,5.915309050275533,down,-14.450964304740024,2023-09-12,1.1719557454887228,7.087264795764256
ALLY4311981,7.1984296252319115,5.984691517554319,down,-16.861151263092182,2023-09-12,1.3528042140715169,7.337495731625836
ALLY4835691,6.183095061506566,5.934535772243721,down,-4.01998168862507,2023-09-12,0.39976854553549757,6.334304317779218
ALLY4974312,6.8523034504865485,5.901430087706706,down,-13.876696641511483,2023-09-12,1.1862486003585575,7.087678688065264
ALLY5047166,6.3854070588604035,6.176917079612153,down,-3.2651008358026217,2023-09-12,1.0852389203878472,7.262156
ALLY5095366,6.616844,5.884834294226329,down,-11.062822484158175,2023-09-12,0.7309257057736716,6.615760000000001
ALLY5099242,,no data prior to target date,N/A,N/A,,N/A,7.887458
ALLY5289888,6.77680294340796,5.861600975352328,down,-13.50492224280893,2023-09-12,0.9584846084627028,6.820085583815031
ALLY5425718,6.8944719464625495,5.933039514675167,down,-13.944975616017683,2023-09-12,0.9895924254206792,6.9226319400958465
ALLY5500553,6.820512667012989,5.8743889692555085,down,-13.871738737959571,2023-09-12,0.9762637945498494,6.850652763805358
ALLY5538983,8.234884516945517,5.817895044517764,down,-29.35061769784554,2023-09-12,2.4232384111363388,8.241133455654102
ALLY5543099,,no data prior to target date,N/A,N/A,,N/A,7.300949
ALLY5547135,7.218652,5.80421867077371,down,-19.594147622385588,2023-09-12,1.4253225292262899,7.2295412
ALLY5579891,7.212249250000001,5.8022333093301866,down,-19.550294114832685,2023-09-12,1.3452321176361046,7.147465426966291
ALLY5590045,6.467111000000001,5.892353724043119,down,-8.887388448364069,2023-09-12,0.8970752759568814,6.789429
ALLY5604361,8.56157,5.801360316408739,down,-32.23952713802796,2023-09-12,1.66164993359126,7.463010249999999
ALLY5637417,,no data prior to target date,N/A,N/A,,N/A,7.342440118811879
ALLY5641243,7.0687898474576265,5.881383422306148,down,-16.797874187454354,2023-09-12,1.2593129977802437,7.140696420086392
ALLY5641244,6.751540434654919,5.803359170151197,down,-14.043924844718566,2023-09-12,1.661460837521437,7.464820007672634
ALLY5648622,7.335587706795302,5.908011867284575,down,-19.46096068333142,2023-09-12,1.391365216048758,7.299377083333333
ALLY5648623,7.568270724169742,5.822892271622286,down,-23.061786716660144,2023-09-12,1.6983727283777137,7.521265
ALTR5615146,0.782557,5.8689868843156905,up,649.9756419424644,2023-09-12,-5.2699758843156905,0.599011
AMAT.GH,5.36298,5.713041079668204,up,6.52736127429533,2023-09-12,-0.3219928375629415,5.391048242105263
AMAT4291221,5.219987791845493,5.893269826719675,up,12.898153438710395,2023-09-12,-0.5814718267196755,5.311798
AMAT4291223,5.120762159999999,5.783985714953028,up,12.951657082097888,2023-09-12,-0.6433807737765571,5.140604941176471
AMAT4479382,5.029382404111897,5.887932894752342,up,17.07069420568449,2023-09-12,-0.8304682608725606,5.057464633879781
AMAT4993872,5.0005201669627,5.838987882459349,up,16.767609918588345,2023-09-12,-0.8154243679665951,5.0235635144927535
AMC4267538,29.463879200000004,5.893933193925429,down,-79.99607195672513,2023-09-12,28.580703251934445,34.47463644585987
AMC4506547,35.21752404487181,5.877447920815635,down,-83.31101325201912,2023-09-12,27.233466475736087,33.11091439655172
AMC4507267,32.32531976415095,5.876099078013687,down,-81.82199241682264,2023-09-12,27.19066452615298,33.06676360416667
AMCR4402225,6.1619345,5.877605783693162,down,-4.614276836386985,2023-09-12,1.135425216306838,7.013031
AMCR4983786,5.708962,5.859075771610673,up,2.629440721635094,2023-09-12,-0.09428677161067256,5.764789
AMCR4987667,6.158138999999999,5.893882913250453,down,-4.291167944561607,2023-09-12,0.12900108674954858,6.022884000000001
AMCR5187505,5.778634,5.825268455044505,up,0.8070152054015597,2023-09-12,-0.01908920693557903,5.806179248108926
AMCR5589366,5.8613399375,5.8038340029212,down,-0.9811056037013899,2023-09-12,0.06530932755393426,5.869143330475135
AMCX4347599,7.555212165638768,5.918162920214178,down,-21.667813021451824,2023-09-12,1.2759885204637875,7.194151440677966
AMCX4520745,9.731599384959717,5.896792662871112,down,-39.4057191463855,2023-09-12,3.3735468705567175,9.27033953342783
AMCX5117977,14.960328409067223,5.861547267225127,down,-60.81939442136488,2023-09-12,9.126861934363141,14.988409201588269
AMD4501130,5.958762691358024,5.904163127819153,down,-0.9162902831833993,2023-09-12,-0.061078213269500026,5.843084914549653
AMD4987233,5.104932,5.836457350189361,up,14.329776580557027,2023-09-12,-0.685376693888216,5.151080656301145
AMD5426831,5.04764128061265,5.884387882964617,up,16.576982313814668,2023-09-12,-0.806597882964617,5.07779
AMD5426832,5.368803,5.603653870508528,up,4.374361855119813,2023-09-12,-0.251188521472125,5.352465349036403
AMG4096256,6.945343642857142,5.909324799749605,down,-14.916739853081548,2023-09-12,0.17065320025039377,6.079977999999999
AMG4997162,6.1049628333333334,5.836711960743557,down,-4.39398043711448,2023-09-12,0.05138228925644395,5.888094250000001
AMGN.BZ,5.870916340909091,5.71679629264849,down,-2.6251446845985305,2023-09-12,0.12879169413564995,5.84558798678414
AMGN.GV,5.783099,5.73989025365762,down,-0.7471555707827207,2023-09-12,0.13352021331276553,5.873410466970386
AMGN.HB,5.881443,5.7022939072118906,down,-3.046005764029498,2023-09-12,0.22031418369720068,5.922608090909091
AMGN.HG,,no data prior to target date,N/A,N/A,,N/A,5.891887999999999
AMGN4127506,5.751907696356273,5.90860147353177,up,2.724205349727007,2023-09-12,-0.10238692624630552,5.806214547285465
AMGN4239800,5.666917070526316,5.915153790597528,up,4.3804544337218765,2023-09-12,-0.2502336057068737,5.664920184890654
AMGN4239801,5.845236360099751,5.736707211599351,down,-1.8567110346680202,2023-09-12,0.08528174943961009,5.8219889610389615
AMGN4393273,5.373885250080984,5.913888663098783,up,10.048659170935242,2023-09-12,-0.4872561905713084,5.426632472527475
AMGN4436563,5.743391256410256,5.618207386121128,down,-2.179615922028797,2023-09-12,0.20091569517968555,5.8191230813008135
AMGN4560540,5.266395611420613,5.869993808136903,up,11.461315124282304,2023-09-12,-0.5969626049766328,5.27303120316027
AMGN4953601,5.384446049132949,5.849809716705684,up,8.642739909106746,2023-09-12,-0.46732609821447557,5.382483618491208
AMGN4953908,5.636020211838006,5.729668974291357,up,1.6616115438452368,2023-09-12,-0.04692236252665083,5.682746611764706
AMGN4953909,5.647896097826087,5.623890149995271,down,-0.42504230628563405,2023-09-12,0.06724309710082288,5.691133247096094
AMGN4953910,5.551201456790124,5.8972591467402,up,6.233924180985805,2023-09-12,-0.43045158669466677,5.466807560045533
AMGN4953911,5.296284452309468,5.922334074230564,up,11.820543770984663,2023-09-12,-0.6044257025211479,5.317908371709416
AMGN4984121,5.269887790378007,5.833855327134791,up,10.701699147873708,2023-09-12,-0.5112899195876217,5.322565407547169
AMGN5186584,5.681047,5.607312762967862,down,-1.2978987329648701,2023-09-12,0.06405312813283981,5.671365891100701
AMGN5235279,5.166343289883269,5.860309216917675,up,13.432439311443547,2023-09-12,-0.6636321675349564,5.196677049382719
AMGN5235280,5.568099612799999,5.61203582087608,up,0.7890700801235556,2023-09-12,-0.09867635069227187,5.513359470183808
AMGN5235281,5.4108580476190475,5.819629297648593,up,7.5546474594619575,2023-09-12,-0.4240793017651203,5.3955499958834725
AMGN5235282,5.698087999999999,5.742488095967143,up,0.7792104293079364,2023-09-12,-0.032297727206569427,5.710190368760574
AMGN5364491,5.161444125,5.852599727149418,up,13.390740758031894,2023-09-12,-0.6625841516030126,5.190015575546405
AMGN5364492,5.374049026889753,5.836791729972984,up,8.610690017300511,2023-09-12,-0.4662114891140172,5.370580240858967
AMGN5364493,5.767439,5.5951996565830076,down,-2.986409451699322,2023-09-12,0.17335934341699222,5.768559
AMGN5364494,5.88414,5.484773180895027,down,-6.787173981329025,2023-09-12,0.4187563191049737,5.9035295
AMGN5463175,5.335753674425977,6.057821973891912,up,13.532639314419164,2023-09-12,-0.7038425469963823,5.353979426895529
AMGN5463176,5.445866275984954,5.834986315026949,up,7.1452367598140905,2023-09-12,-0.3686766483602826,5.466309666666667
AMGN5463177,5.802945000000001,5.585635121705072,down,-3.744820574638039,2023-09-12,0.20639687829492814,5.792032
AMGN5542110,5.7040499083431255,5.939374339832274,up,4.125567540090199,2023-09-12,-0.25764703896502983,5.681727300867244
AMGN5542111,5.625355366758242,5.893542769327663,up,4.767474854197,2023-09-12,-0.2077791899790835,5.6857635793485795
AMGN5542112,5.351609255755065,5.887248840490994,up,10.00894420981703,2023-09-12,-0.5198621985026266,5.367386641988367
AMGN5542113,5.388061932262339,5.8743158111659115,up,9.024652741870106,2023-09-12,-0.47840111404757835,5.395914697118333
AMGN5542390,5.522342402047859,6.452884887490879,up,16.850503241123647,2023-09-12,-0.9113254484868287,5.54155943900405
AMGN5542391,5.899713031437055,5.813288110774557,down,-1.4649004146807947,2023-09-12,0.09853782625931018,5.911825937033867
AMGN5542392,5.843525333792352,5.777274332432043,down,-1.1337505628184346,2023-09-12,0.09804220184583645,5.8753165342778795
AMGN5542393,5.987203259641957,5.563367789272613,down,-7.079022575136189,2023-09-12,0.4363857670539186,5.999753556326532
AMH4594336,5.781855520811325,5.969435805900872,up,3.2442921552495902,2023-09-12,-0.1867734441987441,5.782662361702128
AMH4788597,5.888964011152417,5.853970460758555,down,-0.5942225207624281,2023-09-12,0.03099253924144474,5.884963
AMH5214886,5.858917,5.827574499844287,down,-0.5349538175009618,2023-09-12,0.08742750015571321,5.915002
AMH5214887,6.166955,5.601299575983403,down,-9.172361789839501,2023-09-12,0.6006954240165969,6.201995
AMH5390661,5.957249674796747,5.819829982031249,down,-2.3067640315106863,2023-09-12,0.13800233803508544,5.957832320066334
AMH5390662,6.132168817813765,5.594041040597607,down,-8.77548862733383,2023-09-12,0.46144545798596237,6.055486498583569
AMHS3814828,5.326601833333334,5.733474192901031,up,7.638497719531641,2023-09-12,-0.37213519290103125,5.361339
AMP4047726,6.3968478398994115,5.93924578262421,down,-7.153555449935428,2023-09-12,1.6781440971834822,7.617389879807693
AMP4164379,5.788258240963856,5.905550054158041,up,2.0263749181766526,2023-09-12,-0.06796612662180834,5.837583927536232
AMP4392364,5.295120913242009,5.88234981200714,up,11.089999801451041,2023-09-12,-0.5045101277966149,5.377839684210525
AMP4972819,5.732604820837391,5.9019897939520725,up,2.954764516454813,2023-09-12,-0.15610236229739538,5.745887431654677
AMP5412918,5.454069361012117,5.832135139358953,up,6.931810971261249,2023-09-12,-0.3904375679303804,5.4416975714285725
AMP5552140,5.625714052613655,5.838025443964604,up,3.7739456603257455,2023-09-12,-0.212582579842719,5.625442864121885
AMT4040702,5.940796272489225,6.318611164006414,up,6.359667529196105,2023-09-12,-0.29403698660993083,6.024574177396484
AMT4241208,5.926337315280465,5.900322018764586,down,-0.4389776540191327,2023-09-12,-0.026585442582447882,5.8737365761821385
AMT4326497,5.665910879310346,5.888566041070961,up,3.9297328620833647,2023-09-12,-0.22234692724982263,5.666219113821138
AMT4362783,5.7114549721197205,5.90646960701278,up,3.41444755924746,2023-09-12,-0.15058236496608934,5.755887242046691
AMT4410289,5.857165342321218,5.895487722940921,up,0.6542820354208324,2023-09-12,-0.05883491044092093,5.8366528125
AMT4513192,5.751918863424727,5.881698592098409,up,2.2562858022724237,2023-09-12,0.005908700224754426,5.887607292323163
AMT4573944,5.783179969543147,5.8663816501087735,up,1.438683924826906,2023-09-12,-0.016198904978903528,5.85018274512987
AMT4808341,5.7945409056603765,5.907080524966952,up,1.9421662757897147,2023-09-12,0.13192468964319293,6.039005214610145
AMT4808342,5.822283602061855,5.857709452777957,up,0.6084528535084864,2023-09-12,-0.021021189084686753,5.83668826369327
AMT4845257,5.963510913946587,5.900911357620388,down,-1.0497097637534338,2023-09-12,0.07654850984949135,5.97745986746988
AMT4845258,5.739573516129032,5.848177670731344,up,1.8921990335539496,2023-09-12,-0.034444120344995,5.813733550386349
AMT4892459,5.763363115646258,5.877488251951772,up,1.980182994121774,2023-09-12,-0.09931925195177271,5.778168999999999
AMT4892460,6.140466425531915,5.6279613874854695,down,-8.346353558997754,2023-09-12,0.5243846125145302,6.152346
AMT4933612,5.984385149903189,5.952169273761524,down,-0.5383322652985669,2023-09-12,0.09404462894980004,6.046213902711324
AMT4933613,5.882283944444445,5.843194301936315,down,-0.6645317172260681,2023-09-12,0.03651764400963131,5.879711945945946
AMT4996708,5.868687669354839,5.895923490483122,up,0.4640870781129475,2023-09-12,-0.03141132666674018,5.864512163816382
AMT4996709,5.882564000000001,5.840868618977873,down,-0.7087960457740591,2023-09-12,0.04730185470633863,5.8881704736842115
AMT4996710,6.067066480314961,5.635385221786463,down,-7.115156227958252,2023-09-12,0.4155376253472953,6.050922847133759
AMT5050784,5.8673700645161295,5.8403836346347475,down,-0.4599408181970114,2023-09-12,0.03214825610527505,5.872531890740023
AMT5080792,5.895891188346882,5.918861445260347,up,0.38959770761824486,2023-09-12,0.1924131975967951,6.1112746428571425
AMT5080793,5.8535695407407395,5.86602211043068,up,0.21273463317161567,2023-09-12,0.023386657333085203,5.889408767763765
AMT5155352,5.692738404090658,5.93601913369991,up,4.273527296361207,2023-09-12,-0.18274480299124907,5.753274330708661
AMT5155353,5.8628160813439445,5.842056710930207,down,-0.35408530859080206,2023-09-12,0.02003698233111617,5.862093693261323
AMT5265403,5.673240833113829,5.999528649196561,up,5.751347874714577,2023-09-12,-0.2668508915910657,5.7326777576054955
AMT5265404,5.876328849056604,5.825084217760993,down,-0.8720517964857918,2023-09-12,0.07309894781002146,5.898183165571014
AMT5389713,5.785696541691843,5.893856895872439,up,1.8694439537433418,2023-09-12,-0.10514257769061963,5.788714318181819
AMT5389714,5.846873257053291,5.829956172492848,down,-0.28933557846556196,2023-09-12,0.027101489967718884,5.857057662460567
AMT5549085,5.787499828086626,5.914229873678272,up,2.1897200752668167,2023-09-12,-0.13615327422948909,5.778076599448783
AMT5549086,5.869556526273885,5.815133807123531,down,-0.9272032547389536,2023-09-12,0.0724022485640754,5.887536055687606
AMT5591553,5.7535638567753,5.873536001451904,up,2.085179684506788,2023-09-12,-0.10805274993140035,5.765483251520504
AMT5591554,5.892623693952352,5.813581873963276,down,-1.3413688722427186,2023-09-12,0.08852415266902725,5.902106026632303
AMX3671943,5.694603,5.756246094909895,up,1.0824827456785866,2023-09-12,0.01322290509010493,5.769469
AMX3684864,5.904956,5.739818616495495,down,-2.796589568228876,2023-09-12,0.1682923835045056,5.908111000000001
AMX3707418,5.630007,5.787328256578348,up,2.7943350084351297,2023-09-12,-0.20044519687685547,5.586883059701493
AMX3875867,5.795456189189189,5.7407842393160795,down,-0.9433588675054536,2023-09-12,0.013839883971590972,5.7546241232876705
AMX4822219,5.5288138,5.854818660046522,up,5.896470234655437,2023-09-12,-0.3720761478513994,5.482742512195123
AMX4984110,5.574017245614035,5.843690829289704,up,4.838047171236576,2023-09-12,-0.2755943041098474,5.568096525179857
AMX5448315,5.591009475932936,5.826104373101149,up,4.204873881545049,2023-09-12,-0.26545437310114917,5.56065
AMZN4190396,5.371231845447589,5.959790599635953,up,10.957612166512597,2023-09-12,-0.5969089081885848,5.3628816914473685
AMZN4190411,4.869400487320082,5.854405599253371,up,20.228467847289263,2023-09-12,-0.975836557082614,4.878569042170757
AMZN4190413,5.1333003924528295,5.69475982499089,up,10.93759160020207,2023-09-12,-0.5538189368329949,5.140940888157895
AMZN4411360,5.613868,5.890699744686967,up,4.931212217440218,2023-09-12,-0.24510554468696633,5.645594200000001
AMZN4531860,5.513542081668063,6.651676276452662,up,20.642523044646264,2023-09-12,-1.042951668449554,5.608724608003108
AMZN4531862,4.939102209074876,6.010496619451707,up,21.692088258637387,2023-09-12,-1.0515200915013958,4.958976527950311
AMZN4531864,5.073041613482802,5.904432903063088,up,16.38841848587774,2023-09-12,-0.8231965681278597,5.0812363349352285
AMZN4531866,5.193012777806497,6.165452650393434,up,18.72592874685148,2023-09-12,-1.0002253230878297,5.165227327305605
AMZN4579577,5.082283294987675,5.904132711902185,up,16.170869847516116,2023-09-12,-0.7532653786740378,5.150867333228147
AMZN4996697,5.249590470939887,5.913012960731062,up,12.63760465628086,2023-09-12,-0.6500990012568018,5.26291395947426
AMZN4996698,4.917990893451792,5.958678324556191,up,21.160824687374948,2023-09-12,-0.9833446315570553,4.975333692999135
AMZN4996699,4.916108961485557,5.844216662140017,up,18.87890825702941,2023-09-12,-0.9233820028179833,4.920834659322034
AMZN4996700,5.108903476190475,5.633331487429421,up,10.264981784897472,2023-09-12,-0.5195213094112985,5.113810178018123
AMZN4996701,5.09983727669903,5.509280466375057,up,8.028554000080716,2023-09-12,-0.3965943027386949,5.112686163636362
AMZN5182954,5.5071126206896555,5.909551017831153,up,7.307611535481913,2023-09-12,-0.3896493123055462,5.519901705525607
AMZN5182955,5.029624888888889,5.88917727738347,up,17.089791137176988,2023-09-12,-0.8344711743521636,5.0547061030313065
AMZN5182956,4.814214346466542,5.872364685600962,up,21.979709730021955,2023-09-12,-1.0002681428163207,4.872096542784641
AMZN5182957,4.943430067669173,5.832793336235682,up,17.990813188257434,2023-09-12,-0.879637887987923,4.953155448247759
AMZN5182958,5.166276776611693,5.754872489693657,up,11.393034839840595,2023-09-12,-0.5836461616711643,5.171226328022493
AMZN5182959,5.184551957034541,5.612066075039077,up,8.24592214616487,2023-09-12,-0.44719040837240964,5.164875666666667
AMZN5182960,5.2259995293262245,5.504751067891102,up,5.3339373071244145,2023-09-12,-0.28970406789110204,5.215047
AMZN5396180,5.097560440476191,5.900081370128903,up,15.74323520091002,2023-09-12,-0.7305772704919518,5.169504099636951
AMZN5396181,4.915475033607683,5.892097642646632,up,19.868326099953006,2023-09-12,-0.9104621288987076,4.981635513747924
AMZN5396182,4.784533617768594,5.856085558275251,up,22.39616284703641,2023-09-12,-1.0421989741168352,4.813886584158416
AMZN5396183,4.919530240849526,5.832102272775566,up,18.549983174175033,2023-09-12,-0.8923599592375684,4.939742313537997
AMZN5396184,5.208573023368251,5.6577112165063745,up,8.623056470996303,2023-09-12,-0.4734057326212371,5.1843054838851375
AMZN5396185,5.2506208439241915,5.49316362490798,up,4.6193162331355335,2023-09-12,-0.24770434518770124,5.245459279720278
AMZN5508426,5.3608777952566795,5.939772228221642,up,10.798500825315774,2023-09-12,-0.5646030510169835,5.375169177204659
AMZN5508427,5.039108456223628,5.901906459086053,up,17.122036772136006,2023-09-12,-0.781088926519554,5.120817532566499
AMZN5508428,4.835361707678029,5.977250875609663,up,23.615382611779342,2023-09-12,-1.132834504548054,4.844416371061609
AMZN5508429,4.848151650119712,5.916486695904767,up,22.03592467571996,2023-09-12,-1.0491197070158744,4.867366988888892
AMZN5508430,4.961001458525879,5.86120438306279,up,18.14558879013914,2023-09-12,-0.8937870250575406,4.96741735800525
AN4290107,5.993268436482084,5.896756039882879,down,-1.6103466350967484,2023-09-12,0.2803529718267237,6.177109011709603
AN4563192,6.494384502958579,5.904136756968471,down,-9.08858638907528,2023-09-12,0.42719704303152817,6.3313337999999995
AN4563193,6.094467733333334,5.877960922071657,down,-3.5525138656080815,2023-09-12,0.34473274459500924,6.222693666666666
AN4989992,6.19530153252788,5.847081988173221,down,-5.620703730502279,2023-09-12,0.3538922121434851,6.200974200316706
AN5228566,6.170380668161435,5.8865753825075915,down,-4.5994777456478735,2023-09-12,0.36482970464837106,6.2514050871559625
AN5228567,6.270496748959777,5.848188290468131,down,-6.734848535910714,2023-09-12,0.48129820953186986,6.329486500000001
AN5368570,6.344318920030906,5.908297854253428,down,-6.872622124982233,2023-09-12,0.4749409674154803,6.383238821668908
ANDF5018894,4.7850772500000005,5.873973171380462,up,22.756078209196342,2023-09-12,-0.5294571713804626,5.344516
ANTM3707029,5.7551231666666665,5.790768779051793,up,0.6193718423192677,2023-09-12,-0.004847445718459298,5.7859213333333335
ANTM3851462,5.75616,5.7088701768375945,down,-0.8215515753975902,2023-09-12,0.042103823162405796,5.750974
ANTM3899002,5.736874823529412,5.701599887952136,down,-0.6148806913582728,2023-09-12,0.0376173107945057,5.739217198746641
ANTM4035617,5.910036,5.694622558903998,down,-3.6448752781878526,2023-09-12,0.15844573739229784,5.853068296296295
ANTM4153492,6.101452500000001,5.571361458018052,down,-8.687948352985591,2023-09-12,0.518042341981948,6.0894038
ANTM4153493,5.817982428571429,5.683607525109243,down,-2.3096478050928235,2023-09-12,0.07140647489075747,5.755014
ANTM4153494,5.862088239810926,6.0128918138144565,up,2.5725230981578453,2023-09-12,-0.14524896870783977,5.867642845106617
ANTM4566032,5.841460666344498,6.221131562022642,up,6.499588328405824,2023-09-12,-0.309599627750341,5.911531934272301
ANTM4566033,5.71801731402439,5.647014620347566,down,-1.2417362483789356,2023-09-12,0.04985090139156512,5.696865521739131
ANTM4566050,5.323325896967484,5.900249478705119,up,10.837652867848808,2023-09-12,-0.535955064926771,5.364294413778348
ANTM4606236,5.738509666666667,5.643460140596127,down,-1.6563451417125852,2023-09-12,0.09555785940387285,5.739018
ANTM4606305,5.341052219175833,5.900968380341659,up,10.483255699234212,2023-09-12,-0.5554678343347152,5.345500546006944
ANTM4880738,5.825252941257504,6.015613671771706,up,3.267853472352545,2023-09-12,-0.13809935768272386,5.877514314088982
ANTM4880743,5.3411339496981896,5.852523324627008,up,9.574546898561028,2023-09-12,-0.48680646370906633,5.365716860917941
ANTM4983276,5.387005235042735,5.84365261999028,up,8.476832024907484,2023-09-12,-0.4459705116921082,5.397682108298172
ANTM4983288,5.56997412087912,5.618818895018639,up,0.876930001459492,2023-09-12,-0.029615895018638483,5.589203
ANTM5145664,5.357156102739727,5.83388863777326,up,8.898985317783167,2023-09-12,-0.4459564421210871,5.387932195652173
ANTM5145798,5.574449999999999,5.621676752216153,up,0.847200211969871,2023-09-12,-0.014832752216152656,5.606844000000001
ANTM5145799,5.54365297368421,5.889671902039204,up,6.241713361163656,2023-09-12,-0.321607934248374,5.56806396779083
ANTM5405192,5.676648,5.596673537131375,down,-1.4088325164538156,2023-09-12,0.09749402597542112,5.694167563106796
ANTM5405194,5.408005636655949,5.821826972956411,up,7.652013775569026,2023-09-12,-0.38849584092516043,5.433331132031251
ANTM5495607,5.531632559058717,5.918439968433495,up,6.992644671261377,2023-09-12,-0.39229046025353576,5.52614950817996
ANTM5495608,5.391158936936937,5.8179371715658235,up,7.91626141282651,2023-09-12,-0.4094367573178026,5.408500414248021
ANTM5495609,5.79799,5.591595204305502,down,-3.5597646028105987,2023-09-12,0.1957914992055514,5.7873867035110536
ANZ4310125,5.379191,5.893153483953568,up,9.554642769769064,2023-09-12,-0.44739448395356796,5.445759
ANZ5508434,5.38002,5.893931877727142,up,9.552229875114625,2023-09-12,-0.5208577229714928,5.373074154755649
ANZ5608842,5.460268666666667,5.900223553903771,up,8.057385343012506,2023-09-12,-0.41400288768333393,5.486220666220437
AOG.GC,6.383236552147239,5.848374986906689,down,-8.379159394627623,2023-09-12,0.5418428702361675,6.390217857142857
AON3996731,6.444386666666667,5.703918171930843,down,-11.490131381561389,2023-09-12,0.7078878280691576,6.411806
AON4074471,5.695971572727273,5.920591662402125,up,3.9434903564187294,2023-09-12,-0.23221416240212545,5.6883775
AON4127751,5.898785615384617,5.696003238357642,down,-3.4376970150957593,2023-09-12,0.2065513616423571,5.902554599999999
AON4127753,5.878450530246021,5.967499121234551,up,1.5148310006242975,2023-09-12,-0.03880005921904672,5.928699062015505
AON4338343,5.60398823020528,5.900418149872285,up,5.289624237061378,2023-09-12,-0.22054910629929836,5.679869043572987
AON4774231,5.294221571428572,5.859469819568291,up,10.676701768399816,2023-09-12,-0.5287360944051294,5.330733725163162
AON4829076,5.385650870292887,5.856286043656704,up,8.73868701663951,2023-09-12,-0.4531213474940463,5.403164696162658
AON4987244,5.572233316363636,5.849515381096836,up,4.97613881168476,2023-09-12,-0.2531765412970861,5.59633883979975
AON5243152,5.474041,5.830792999190934,up,6.517159794582001,2023-09-12,-0.29879699919093383,5.531996
AON5313372,5.509363319371729,5.82714911661336,up,5.768103841041852,2023-09-12,-0.33303540449214886,5.494113712121211
AON5368580,5.399702789473684,5.876889895685677,up,8.837284658374777,2023-09-12,-0.4102608527983307,5.466629042887346
AON5368581,5.685615951219512,5.602198529854109,down,-1.467165951430671,2023-09-12,0.08740063411817722,5.689599163972286
AON5472696,5.531551717407138,5.825097475655846,up,5.306752485472647,2023-09-12,-0.27118164412014956,5.553915831535696
AON5547216,5.563537173699705,5.817961442989577,up,4.573066762141941,2023-09-12,-0.2537648485013886,5.564196594488188
APA.GN,6.850200745700048,5.942623171549777,down,-13.248919379771,2023-09-12,0.896827828450224,6.839451000000001
APA.GS,6.863946551724138,5.732238888254144,down,-16.48771089550112,2023-09-12,1.1511637532176193,6.883402641471763
APA.GU,7.103663542857142,5.717194833965395,down,-19.517657340146215,2023-09-12,1.3831121660346053,7.100307
APA3840727,7.030112333333334,5.702980510260257,down,-18.877818164874416,2023-09-12,1.3644434897397426,7.067424
APA4667136,6.2867380787929585,5.874974881964458,down,-6.54971133945441,2023-09-12,0.3883430745572811,6.263317956521739
APA4843300,7.099627815789473,5.650495240252435,down,-20.411387936620955,2023-09-12,1.4393889871843886,7.089884227436824
APA4843303,6.0511105174693105,5.8831670995604375,down,-2.7754148172311046,2023-09-12,0.1477125002365165,6.030879599796954
APC.GX,,no data prior to target date,N/A,N/A,,N/A,7.130920333333334
APC3691950,7.250047,5.873635433133264,down,-18.984864054905255,2023-09-12,1.153526138295308,7.027161571428572
APC4106711,7.045527200000001,5.722062629706358,down,-18.784464706823396,2023-09-12,1.3597903702936422,7.081853000000001
APC4141602,7.546801400000001,5.686378885512533,down,-24.651801682332174,2023-09-12,1.6070371144874676,7.293416000000001
APC4252255,6.200204,5.901889886858052,down,-4.811359644649574,2023-09-12,0.3393887798086146,6.241278666666666
APC4260164,6.824952499999999,5.677273995630653,down,-16.81591929569248,2023-09-12,1.1406580043693468,6.817932
APC4260165,6.168475758389261,5.907940931364102,down,-4.223650010633913,2023-09-12,0.270930640064468,6.17887157142857
APC4349250,6.046802818181818,5.89120547205924,down,-2.5732168023524817,2023-09-12,0.30414683053442104,6.195352302593661
APC4349251,6.427959874999999,5.672002565470603,down,-11.760454704602468,2023-09-12,0.7670059345293971,6.4390085
APC4379710,6.107657476340694,5.89867244088582,down,-3.421688859672006,2023-09-12,0.2828880910290721,6.181560531914892
APC4422781,6.944609,5.656960351384595,down,-18.541701175910767,2023-09-12,1.1292923925767573,6.786252743961352
APC4601883,6.19260167427386,5.874822954551904,down,-5.131586632515291,2023-09-12,0.40969424544809474,6.284517199999999
APC4606457,6.369009,5.70048279448221,down,-10.496549863845226,2023-09-12,0.6955022055177897,6.395985
APC4664860,6.207264302872063,5.898640926814264,down,-4.971970919862408,2023-09-12,0.30391485579443245,6.202555782608696
APC4664861,7.018108,5.742147797299436,down,-18.180971320198598,2023-09-12,1.288070566336926,7.030218363636362
APC4869086,6.077544854092528,5.914077533881706,down,-2.6896933570263273,2023-09-12,0.02553256562078232,5.939610099502488
APC4869088,6.833704499999999,5.630552154385617,down,-17.606151182193816,2023-09-12,1.1411224427829039,6.771674597168521
APC4869092,6.3278382243478255,5.872671291019958,down,-7.193087389252577,2023-09-12,0.4412853604458391,6.313956651465797
APC4875629,6.458036789274828,6.447993646459674,down,-0.15551386811287726,2023-09-12,-0.012456424853025894,6.435537221606648
APC4876385,6.146596499999999,5.881369715790609,down,-4.315018632008625,2023-09-12,0.1201407842093909,6.0015105
APC4876388,6.491717285714286,5.885252100208022,down,-9.342137970808674,2023-09-12,0.5161535764586445,6.401405676666666
APC4876390,5.9551179735099335,5.923779572378342,down,-0.5262431621169215,2023-09-12,0.16806394894867172,6.0918435213270135
APC4876393,6.016014700425306,5.955094464386427,down,-1.012634427814357,2023-09-12,0.0890102876754284,6.044104752061855
APC4878217,6.236286120754717,5.839077099838996,down,-6.369320028370515,2023-09-12,0.43647577516100444,6.275552875000001
APC4878221,6.224245436130632,5.870999294174126,down,-5.675324753519116,2023-09-12,0.37387100176859445,6.244870295942721
APC4878871,6.3740030274725274,5.7411288969864405,down,-9.92899011434953,2023-09-12,0.6852918377696566,6.426420734756097
APC4878874,6.356294179040154,5.859978089626255,down,-7.808261786411635,2023-09-12,0.4976942939507971,6.357672383577052
APC4935026,6.383513053140096,5.974242220796346,down,-6.4113730000509115,2023-09-12,0.3592498878481205,6.333492108644466
APC4935027,6.353976124637683,5.858426898693599,down,-7.799041359670528,2023-09-12,0.4941087601758003,6.3525356588693995
APC4935341,6.9719469883040945,5.6339227647360826,down,-19.19154327783382,2023-09-12,1.364874647028623,6.998797411764706
APC5009749,5.93865132,5.883919995860921,down,-0.9216120157577892,2023-09-12,0.07126389370963082,5.955183889570552
APC5009750,6.217397752396694,5.8607522838026025,down,-5.736249839518655,2023-09-12,0.3309534916293497,6.191705775431952
APC5029931,6.122796428260868,5.903658767114185,down,-3.5790453547534886,2023-09-12,0.10315403648564914,6.006812803599834
APC5029932,5.904709921086677,5.873513991848562,down,-0.5283228076405345,2023-09-12,0.07204191724234565,5.945555909090908
APC5029933,6.165489994737259,6.124826757526107,down,-0.6595296926255796,2023-09-12,0.031922165293160276,6.1567489228192676
APC5093899,5.897786857567944,5.923985604065279,up,0.44421317911340247,2023-09-12,-0.05974947299016797,5.864236131075111
APC5093900,6.09622188,5.845784340120217,down,-4.108077835903546,2023-09-12,0.2840562881084905,6.129840628228708
APC5565389,6.3859959901764585,5.905730391624201,down,-7.5206060149591,2023-09-12,0.49638564635048255,6.402116037974683
APD4149424,5.709856952380951,5.911274780026005,up,3.5275459494841606,2023-09-12,-0.35258820426842963,5.558686575757576
APD4981161,5.274234812101911,5.900914878749242,up,11.881914419308599,2023-09-12,-0.6227657878401507,5.278149090909091
APD4981660,4.943250816176471,5.846795834233768,up,18.278356726316684,2023-09-12,-0.914595846604902,4.932199987628866
APD4981664,5.316695285234899,5.737157001389845,up,7.90832826779859,2023-09-12,-0.49905682560211684,5.238100175787729
APD4981665,5.076127087912088,5.629182827162474,up,10.895230353223262,2023-09-12,-0.5301528271624738,5.09903
APD4981666,5.05029604103384,5.942708617938582,up,17.670500296494644,2023-09-12,-0.8883713900407431,5.054337227897839
APD5548792,5.049102706806282,5.816873860579554,up,15.206091029566535,2023-09-12,-0.762438964906762,5.054434895672792
APH4479853,6.0054133051538745,5.945011455897224,down,-1.0057900462040361,2023-09-12,0.0023395441027762587,5.947351
APH4880685,5.384575205408886,5.866360445304178,up,8.947506934462185,2023-09-12,-0.4980634913208588,5.368296953983319
APH4952057,5.525799258768353,5.932114241923092,up,7.353053633101083,2023-09-12,-0.3165832000820874,5.615531041841004
APH5254579,5.299047078531361,5.8423036962724,up,10.251968131062606,2023-09-12,-0.5300976962724002,5.312206
APH5562172,5.3745877654321,5.915305938832462,up,10.06064459265351,2023-09-12,-0.5218650564795198,5.393440882352942
APHQF4901957,8.7949395,5.9208474771026225,down,-32.67892886468835,2023-09-12,14.103056722897374,20.023904199999997
APLS5052553,4.541852,5.8874411039401355,up,29.626441018776834,2023-09-12,0.03838489605986428,5.925826
APO5288911,5.957679205546245,5.931788455637779,down,-0.4345777779435115,2023-09-12,0.08226957965633908,6.014058035294118
APO5288912,7.692161370370372,5.917121705969763,down,-23.07595458459736,2023-09-12,1.471394718272661,7.388516424242424
APO5288913,6.1419490425531915,5.885292792922257,down,-4.178742738709581,2023-09-12,0.2552113477027431,6.1405041406250005
APTV4804509,5.292056934131737,5.8652798562218935,up,10.831760300859363,2023-09-12,-0.5012868562218937,5.363993
APTV4804510,6.52679405263158,5.63641576349917,down,-13.641893431177172,2023-09-12,0.8938226624404022,6.530238425939572
APTV5299743,6.115448370497428,5.608195667992902,down,-8.294611805597931,2023-09-12,0.5090479489225199,6.117243616915422
APTV5359450,6.202800666666667,5.602816512252327,down,-9.672794382037857,2023-09-12,0.6199654588613175,6.222781971113644
APTV5359453,5.981863693251534,5.906481028016668,down,-1.2601869434087738,2023-09-12,0.11508877986510413,6.0215698078817725
APTV5359454,5.703302101091327,5.836425347867195,up,2.334143350926378,2023-09-12,-0.09352393490707112,5.742901412960124
ARCC4806130,0.4587627638408304,5.9359569002972945,up,1193.905558201929,2023-09-12,-4.4500243725195165,1.4859325277777775
ARCC4843247,6.5879486935483875,5.914900427353503,down,-10.216355613910656,2023-09-12,0.39558367947142337,6.310484106824926
ARCC4934572,6.94365290625951,5.956321162574781,down,-14.219197834538603,2023-09-12,1.0348083897486058,6.991129552323387
ARCC5013168,6.905422299999999,5.897594486250514,down,-14.594731067345219,2023-09-12,1.0246989452563335,6.922293431506848
ARCC5107541,7.066903,5.890380218014084,down,-16.648350514870746,2023-09-12,1.111519361251374,7.001899579265458
ARCC5197287,6.867106476406191,5.8834048573473785,down,-14.324834228777233,2023-09-12,0.9547483255538127,6.838153182901191
ARCC5292536,6.870001120793269,5.848885771839236,down,-14.863394212024906,2023-09-12,0.9969635624233089,6.845849334262545
ARCC5335712,6.618796905882352,5.882295443464483,down,-11.127421990593408,2023-09-12,0.7524579246747418,6.634753368139225
ARCC5625988,6.953193656540084,5.904453818525929,down,-15.082850986434474,2023-09-12,1.0545205464243876,6.958974364950317
ARCH4432052,5.691742,5.886545445298946,up,3.4225628164267894,2023-09-12,-0.17624871898315586,5.71029672631579
ARCH4432053,,no data prior to target date,N/A,N/A,,N/A,6.072242
ARE4459169,5.6952138620689645,5.880065054539203,up,3.245728728492122,2023-09-12,-0.13921405453920155,5.740851000000001
ARE4564190,5.771487308139535,5.905959840808312,up,2.3299459132333267,2023-09-12,-0.2159331741416448,5.690026666666667
ARE4644602,5.800969949517685,5.863434251567826,up,1.0767906504210434,2023-09-12,-0.06353667803841567,5.79989757352941
ARE4856880,5.660749622119816,5.8348125779627,up,3.0749099935937756,2023-09-12,-0.1870910854661112,5.647721492496589
ARE4969894,5.611371591939546,5.843352878997941,up,4.134128051537783,2023-09-12,-0.19498962593671543,5.648363253061226
ARE5023555,5.6619694255407484,5.951786552068938,up,5.118662867037839,2023-09-12,-0.27488437815589517,5.676902173913043
ARE5125389,5.724437000000001,5.825851583168218,up,1.7716079881430598,2023-09-12,-0.10846534567882049,5.717386237489397
ARE5125390,6.032970440366972,5.6181402361916355,down,-6.87605232407045,2023-09-12,0.4049057638083644,6.023046
ARE5355097,5.982492,5.603644159768753,down,-6.332609224237102,2023-09-12,0.36056517356457984,5.964209333333333
ARE5355098,5.768412,5.805172077614566,up,0.6372651193182189,2023-09-12,-0.02637263235909071,5.778799445255475
ARE5536100,5.825013,5.795524518685518,down,-0.506238892762681,2023-09-12,0.021551042717990576,5.817075561403509
ARE5536101,6.040460044539054,5.624855636754538,down,-6.880343628135534,2023-09-12,0.42934712795134633,6.0542027647058845
ARHPF5005651,5.804043,5.635522736116096,down,-2.9034978528571216,2023-09-12,0.222620263883905,5.858143000000001
ARI4729370,9.423976999999995,5.9221267895967955,down,-37.15894266723276,2023-09-12,0.9229522873262814,6.845079076923077
ARRY5513955,2.34845587425546,5.872777797789274,up,150.06975273278843,2023-09-12,-3.092491832876993,2.780285964912281
ARW4215840,5.983708666666666,5.905779656034624,down,-1.3023530217331558,2023-09-12,0.08918884396537585,5.9949685
ARW4503443,5.994488368421053,5.878640412357258,down,-1.932574540874606,2023-09-12,0.061076882724709236,5.939717295081968
ARW4538758,6.241242707317073,5.912632854316461,down,-5.265134980496092,2023-09-12,0.21621814568353948,6.128851
ARW5548809,6.197288246963565,5.902351570552582,down,-4.759124711610598,2023-09-12,0.28268355382552457,6.185035124378107
ASB4181900,7.440762061099797,5.962940299740894,down,-19.861161386747398,2023-09-12,1.3881850487032077,7.351125348444102
ASH3707083,7.992877,5.858881461848258,down,-26.69871609624097,2023-09-12,2.4105328714850778,8.269414333333335
ASH4041064,6.987780166666665,5.702974864678961,down,-18.386458522500813,2023-09-12,1.251336135321039,6.954311
ASND5566766,3.558067,5.8745669279014905,up,65.10557355725709,2023-09-12,-1.9339850167903796,3.940581911111111
ATHU4585506,5.985683851024209,5.904699977570259,down,-1.352959418999263,2023-09-12,0.18842156287675138,6.093121540447011
ATHU4972740,5.997103004310346,5.857631279925515,down,-2.3256516402100655,2023-09-12,0.23195675834967844,6.089588038275194
ATHU5058291,6.386665526315788,5.841601851082603,down,-8.534401449195824,2023-09-12,0.5910681054391365,6.43266995652174
ATHU5080264,6.477982,5.843261714124352,down,-9.798117467378702,2023-09-12,0.6153330858756485,6.4585948
ATHU5106999,,no data prior to target date,N/A,N/A,,N/A,6.340008363636363
ATHU5153048,,no data prior to target date,N/A,N/A,,N/A,6.362424
ATHU5188777,6.3704283076923085,5.613392963511227,down,-11.883586277345888,2023-09-12,0.8373164364887726,6.4507094
ATHU5241585,6.125872000000001,5.913172588067644,down,-3.4721491394589585,2023-09-12,0.2709268563768008,6.184099444444445
ATHU5320299,6.283987,5.603365486552496,down,-10.831045854288107,2023-09-12,0.705056513447504,6.308422
ATHU5504106,6.364847412635735,5.8297813886143,down,-8.406580540472989,2023-09-12,0.5465137707798613,6.376295159394162
ATI.GA,6.34001,5.898629078094956,down,-6.961833213276389,2023-09-12,0.4715617358585318,6.370190813953488
ATI4914738,6.797116277777778,5.890650971612799,down,-13.336027649380375,2023-09-12,0.8983125816066497,6.788963553219449
ATI5256562,6.895634416879796,5.858239949219285,down,-15.044220806153492,2023-09-12,1.009960851985535,6.86820080120482
ATI5630955,7.082233203791469,5.90528676704417,down,-16.618295428583476,2023-09-12,1.2197889634468844,7.125075730491054
ATO4172087,5.63771150241546,5.690858880798634,up,0.942711920615358,2023-09-12,-0.03344661653345948,5.657412264265174
ATO4504246,5.047729,5.882191532673318,up,16.53144478781086,2023-09-12,-0.826122109596394,5.056069423076924
ATO4890349,5.0800845776892425,5.863807523582271,up,15.427360192682416,2023-09-12,-0.7257451902489382,5.138062333333333
ATO4890350,5.576604550724638,5.638127508986652,up,1.1032332972941281,2023-09-12,-0.03711150898665139,5.601016
ATO5050410,5.285332868421053,5.843267468458648,up,10.556281201722555,2023-09-12,-0.5548811102496929,5.288386358208955
ATO5483126,5.238826333333333,5.824104005603603,up,11.171923538413473,2023-09-12,-0.5320680056036027,5.292036
ATO5483128,5.6224664010889285,5.607241683069297,down,-0.2707836193860148,2023-09-12,0.006099316930702869,5.613341
ATR5372867,6.0519490000000005,5.963926420908434,down,-1.4544501133695324,2023-09-12,0.018845007662994462,5.982771428571429
ATVI4495111,5.142708808219178,5.898052172453087,up,14.687655716121922,2023-09-12,-0.6943602733994583,5.203691899053629
ATVI4499882,5.1452995,5.885042083534147,up,14.37705586495299,2023-09-12,-0.7825230312633673,5.10251905227078
ATVI4499883,5.117938,5.659781022915183,up,10.587135344648248,2023-09-12,-0.46112052291518335,5.1986605
ATVI5026498,4.913903582839516,5.983646616404422,up,21.769719644086948,2023-09-12,-1.062799609158045,4.920847007246377
ATVI5026499,5.116767133333334,5.624947134625407,up,9.931661692820052,2023-09-12,-0.5267044507173608,5.098242683908047
AU.GD,6.9668177999999985,5.739707329195516,down,-17.613643790203362,2023-09-12,1.271070005612744,7.01077733480826
AU5054787,7.033710846153846,5.860027710908865,down,-16.686542294907834,2023-09-12,1.0806856308632877,6.9407133417721525
AU5283955,6.654643272727273,5.873283186843142,down,-11.741577329717726,2023-09-12,0.7605028131568581,6.633786
AUY5345729,6.114044627326713,5.947898555728647,down,-2.7174494418224704,2023-09-12,0.1673286656974886,6.115227221426135
AVB4078831,5.755620217741936,5.949801194371674,up,3.3737628488962383,2023-09-12,-0.2658671508303092,5.683934043541365
AVB4184044,5.632051000000001,5.9120723623986216,up,4.971925190283627,2023-09-12,-0.17810736239862024,5.733965000000001
AVB4242544,5.520331416666666,5.932445092801394,up,7.465379250428654,2023-09-12,-0.3506280928013936,5.581817
AVB4308425,5.59897125,5.900724563334303,up,5.389442093211375,2023-09-12,-0.3142442300009689,5.586480333333334
AVB4361018,5.446870999999999,5.896146953449559,up,8.248331077595934,2023-09-12,-0.4566851275789121,5.439461825870647
AVB4563759,5.333238913043478,5.876560312337896,up,10.187456593508683,2023-09-12,-0.6174013964500453,5.259158915887851
AVB4832158,5.403763684210526,5.861845883943925,up,8.4770953450812,2023-09-12,-0.38280088394392386,5.479045000000001
AVB4949812,5.458514496350365,5.855810057698132,up,7.278455733943791,2023-09-12,-0.4119981496521543,5.443811908045977
AVB4986209,5.384187621621621,5.843065177405421,up,8.522688807148121,2023-09-12,-0.411524980222322,5.431540197183099
AVB5255605,5.120627377622378,5.838160318609269,up,14.012598224244508,2023-09-12,-0.682779517082551,5.155380801526718
AVB5298640,5.225015599118943,5.898533007915496,up,12.890246852279711,2023-09-12,-0.619698499081573,5.278834508833923
AVB5508017,5.295501615384614,5.820293438406275,up,9.910143762340166,2023-09-12,-0.477824793463423,5.342468644942852
AVGO4467420,6.4973621547619045,5.887607295359199,down,-9.384652492486,2023-09-12,0.6010239546408007,6.48863125
AVGO5014742,5.861485514639175,5.836149698673472,down,-0.4322422345398008,2023-09-12,0.05243479925183969,5.8885844979253115
AVGO5014743,5.815797952072538,5.8537233147127266,up,0.6521093571806998,2023-09-12,-0.02977256925818139,5.823950745454545
AVGO5015229,5.496669438692098,5.85375802061019,up,6.496453641626659,2023-09-12,-0.3358264430700846,5.517931577540105
AVGO5015632,5.651763223255815,5.877878184971035,up,4.000786175627543,2023-09-12,-0.22829002133467124,5.649588163636364
AVGO5015633,5.706066,5.9178427118442825,up,3.7114311654348655,2023-09-12,0.09743319138152362,6.015275903225806
AVGO5015635,5.682239231101512,5.875957343693557,up,3.409186144992562,2023-09-12,-0.17787371201094615,5.698083631682611
AVGO5015636,5.686446360623782,5.904240836341552,up,3.8300629585799753,2023-09-12,-0.19537874374896003,5.708862092592592
AVGO5016373,5.5581399979064905,5.900073489819869,up,6.151940973818039,2023-09-12,-0.29585264047489,5.604220849344979
AVT4346442,6.093376333333334,5.897474188411288,down,-3.2150015722872545,2023-09-12,0.26287181158871054,6.160345999999999
AVT5179402,6.410369333333334,5.841363226401954,down,-8.876338902543408,2023-09-12,0.5958693949572691,6.4372326213592235
AVT5414144,6.393584696202531,5.834695904560648,down,-8.741399671671436,2023-09-12,0.493048619248877,6.327744523809525
AVT5552146,6.160056152,5.878889392945508,down,-4.5643538324436355,2023-09-12,0.2831285425296164,6.1620179354751246
AVY4774188,5.44888455737705,5.8679405920737295,up,7.690675592114254,2023-09-12,-0.45700105285804327,5.410939539215686
AVY4962260,5.7777365,5.851958089647265,up,1.2846136137787831,2023-09-12,-0.011509815310981608,5.840448274336284
AVY5238027,5.728811,5.9176930050548995,up,3.2970542239026415,2023-09-12,0.14141829963260033,6.0591113046875
AVY5238029,5.763119271393644,5.838266178483694,up,1.303927674428944,2023-09-12,-0.13168584515036041,5.706580333333333
AVY5552127,5.762057,5.819454598052625,up,0.9961303411719847,2023-09-12,-0.1491362647192913,5.670318333333333
AWK3943696,,no data prior to target date,N/A,N/A,,N/A,5.619917600000002
AWK4069635,5.937551202863961,5.967804200199538,up,0.509519771736609,2023-09-12,-0.5159318540456921,5.451872346153846
AWK4154063,5.664388443386243,5.941484944973638,up,4.891905001870655,2023-09-12,-0.2383495086100016,5.703135436363636
AWK4426113,5.489239780172413,5.903140882451362,up,7.540226312831039,2023-09-12,-0.5204670824513631,5.382673799999999
AWK4528438,5.262080854947756,5.918184931506729,up,12.468528983967628,2023-09-12,-0.6240175554563088,5.29416737605042
AWK4663977,5.156276511627907,5.894673354823711,up,14.320349995401656,2023-09-12,-0.7196216338934782,5.175051720930233
AWK4831001,5.557452,5.641108066205457,up,1.5052953440795804,2023-09-12,-0.08996606620545577,5.551142000000001
AWK4975060,5.386084,5.852144545998781,up,8.653050082374895,2023-09-12,-0.46443752325483434,5.387707022743947
AWK4975061,5.562112,5.873384969421795,up,5.596308909669475,2023-09-12,-0.28895563608846153,5.5844293333333335
AWK5408614,5.32130790459364,5.836766684637386,up,9.68669337098073,2023-09-12,-0.49469168463738544,5.342075
AXAHF3675327,5.680993,5.880631198149516,up,3.514142653397314,2023-09-12,-0.14547419814951557,5.735157
AXCA5120801,7.029990999999999,5.895715891517259,down,-16.134801715716847,2023-09-12,1.122756852668787,7.018472744186046
AXCA5630742,7.047463493094575,5.977992657377729,down,-15.175258967496074,2023-09-12,1.0861995313015163,7.064192188679245
AXL4586152,8.13462443655914,5.894836794249504,down,-27.534001843323473,2023-09-12,2.090751487635142,7.985588281884646
AXL4610079,7.417650625100471,5.996114747833433,down,-19.164233382153714,2023-09-12,1.404494231454482,7.400608979287915
AXL4999899,9.045321276204488,5.88825931198951,down,-34.90270680069989,2023-09-12,3.152558274348249,9.04081758633776
AXL5241651,8.825339401869158,5.867430982978457,down,-33.51608685173322,2023-09-12,3.0043376522179175,8.871768635196375
AXP.LQ,6.079701999999999,5.7647929580287585,down,-5.179678904841731,2023-09-12,0.3126264676122661,6.0774194256410246
AXP3962889,5.3923000000000005,5.715078451609273,up,5.985914203758548,2023-09-12,-0.32024336357315697,5.394835088036116
AXP4190375,5.896923280334729,5.926625067234703,up,0.5036827763899253,2023-09-12,-0.02213553199241325,5.9044895352422895
AXP4490720,5.343277,5.886450955126238,up,10.16555860993615,2023-09-12,-0.6231476217929046,5.263303333333333
AXP4556815,5.71572828949302,5.922051437098909,up,3.6097438008934697,2023-09-12,-0.16017857405859814,5.761872863040311
AXP4764027,5.535335104256149,5.945970929808889,up,7.418445637320131,2023-09-12,-0.3789790309993659,5.5669918988095235
AXP4799824,5.817038839779006,5.937395651569951,up,2.0690391641861234,2023-09-12,-0.01971493203416763,5.917680719535784
AXP4834861,5.370630764285714,5.898693633919557,up,9.832418068012055,2023-09-12,-0.4906264720214404,5.408067161898116
AXP4864218,5.852704094646369,5.97135738070104,up,2.027324192986387,2023-09-12,-0.22718769393426363,5.744169686766776
AXP5294461,5.534541196517415,5.901052525779428,up,6.62225315971338,2023-09-12,-0.33115270262601904,5.569899823153409
AXP5372186,5.670325280627099,5.935789192395369,up,4.681634626416191,2023-09-12,-0.11488966324738747,5.820899529147981
AXP5372188,5.532381838515545,5.899589975513506,up,6.637432984858668,2023-09-12,-0.43198187420018375,5.467608101313322
AXP5391242,5.518535947695898,5.915371269508479,up,7.190952918921697,2023-09-12,-0.41065284544391645,5.504718424064563
AXP5407644,5.828764576692965,6.365685708761907,up,9.211576913157336,2023-09-12,-0.6069377920077415,5.7587479167541655
AXP5407646,5.242466723395775,5.920311682913706,up,12.929885782448256,2023-09-12,-0.682050983572684,5.238260699341022
AXP5451252,5.703526247466217,5.939478937543604,up,4.136961589020619,2023-09-12,-0.2015438824471838,5.73793505509642
AXP5497645,5.3317333126278115,5.968475081714258,up,11.942490964024241,2023-09-12,-0.6302983467223049,5.338176734991953
AXP5541047,5.572779363500973,5.949216367445697,up,6.754923878921266,2023-09-12,-0.34795365468767603,5.601262712758021
AXS4105328,,no data prior to target date,N/A,N/A,,N/A,6.686217999999999
AXS4572000,5.808413959490564,5.916526054027963,up,1.8613014721643686,2023-09-12,-0.0993976992262331,5.81712835480173
AXS4846309,5.892431193548386,5.862985085559103,down,-0.4997276509825668,2023-09-12,0.05508811444089723,5.9180732
AYI5070576,5.654902727272727,5.848049958108376,up,3.415571233509103,2023-09-12,-0.15260762477504208,5.695442333333334
AYX5030352,6.411577,5.917947155383567,down,-7.699039481494695,2023-09-12,0.25239845437253106,6.170345609756098
AYX5030353,5.667114605619768,5.923498595356297,up,4.524065729715202,2023-09-12,-0.2342231441091318,5.689275451247165
AZN.GB,5.800823095744679,5.928020888566045,up,2.192754213012881,2023-09-12,-0.7369249050949707,5.191095983471074
AZN.GE,5.3224538287705325,6.040035787885637,up,13.48216409574498,2023-09-12,-0.7110780378856365,5.328957750000001
AZN3901525,5.248269737541528,5.739660649948453,up,9.362912673713103,2023-09-12,-0.4157970256709964,5.323863624277457
AZN4310519,5.291709160526316,5.912022386683692,up,11.722360533050898,2023-09-12,-0.57810984952153,5.333912537162162
AZN4504236,5.098583395437263,5.887462896866288,up,15.472523252929346,2023-09-12,-0.788469715048107,5.098993181818181
AZN4667232,5.011152684715558,5.8762032715838055,up,17.26250707759764,2023-09-12,-0.8350561511824672,5.041147120401338
AZN4667233,5.27677774271012,5.6515905894925,up,7.103062987638327,2023-09-12,-0.3685655894924995,5.283025
AZN5025308,5.210141636878539,5.9081848532980015,up,13.397778123315444,2023-09-12,-0.6706771784513759,5.237507674846626
AZN5025309,5.065153846292946,5.853853765458714,up,15.571095036787414,2023-09-12,-0.769747075317869,5.084106690140845
AZN5025310,5.033686,5.640979932219857,up,12.064597041211078,2023-09-12,-0.603968984851436,5.037010947368421
AZN5193312,5.1104606534653465,5.620699446535008,up,9.984203532095966,2023-09-12,-0.5067997517921077,5.1138996947429005
AZN5193313,5.2198650777451245,5.9397265832233614,up,13.790806749917039,2023-09-12,-0.683849404879413,5.255877178343948
AZN5193314,5.033075,5.8418706351890535,up,16.06961221895269,2023-09-12,-0.7767771351890529,5.065093500000001
AZN5193316,5.708290906485671,5.924110923996159,up,3.7808167286162084,2023-09-12,-0.1478965620913968,5.776214361904763
AZN5193317,5.062479952252857,5.883857156176656,up,16.224799143318645,2023-09-12,-0.7793884895099898,5.1044686666666665
AZN5549114,5.102999668810289,5.879964501183919,up,15.225649280803703,2023-09-12,-0.7357221951321975,5.144242306051721
AZN5549115,5.131861041292638,5.88694598773877,up,14.713667037561423,2023-09-12,-0.7381547807495217,5.148791206989248
AZN5549116,5.05821,5.82274822823638,up,15.114798085417172,2023-09-12,-0.7372782768281461,5.085469951408234
AZO4235610,5.680507411111113,5.915711878096161,up,4.14055382667025,2023-09-12,-0.2107931452194487,5.704918732876712
AZO4354812,5.418409333333334,5.899587275938487,up,8.880428055610528,2023-09-12,-0.47629439931511186,5.423292876623375
AZO4482985,5.317160019150708,5.893587428102988,up,10.84088887443998,2023-09-12,-0.5448291567275225,5.348758271375465
AZO4818553,5.524958923816569,5.8733562408350055,up,6.305880673910394,2023-09-12,-0.355671671729314,5.5176845691056915
AZO4971753,5.7099000289855075,5.9147096566180934,up,3.5869214275713857,2023-09-12,-0.11918141004275107,5.795528246575342
AZO4971754,5.509189125401928,5.858258026031772,up,6.336121209205663,2023-09-12,-0.33277174049718017,5.525486285534591
AZO5025899,5.540722752066116,5.848395702971961,up,5.552938933663749,2023-09-12,-0.2903371273417079,5.558058575630253
AZO5448855,5.52064408259587,5.832859955562747,up,5.655424771018206,2023-09-12,-0.26917168979378925,5.563688265768958
AZO5530617,5.28687138888889,5.879790901597122,up,11.214941107785164,2023-09-12,-0.4860975934004017,5.39369330819672
AZO5530618,5.640610775956284,5.82450956054649,up,3.26026368233197,2023-09-12,-0.2116344329954689,5.612875127551021
AZO5619730,5.441371562343096,5.90372455955478,up,8.496993669967123,2023-09-12,-0.44348513634658726,5.4602394232081926
BA.GBV,6.033236697674418,5.76794929861025,down,-4.397099141931997,2023-09-12,0.2479297013897508,6.015879000000001
BA.GCA,6.0248486765676565,5.749735572484164,down,-4.566307285915496,2023-09-12,0.33395073060862224,6.083686303092787
BA.IO,5.760990999999999,5.840850705131363,up,1.3862147177692845,2023-09-12,0.0470805737530986,5.887931278884461
BA.IQ,5.4541780000000015,5.838887678199784,up,7.053485936831956,2023-09-12,-0.14822892819978417,5.69065875
BA.IR,6.480553,5.918865827806639,down,-8.667272255830035,2023-09-12,0.39828822482494086,6.3171540526315795
BA.IX,6.190273150943398,5.771583695441326,down,-6.763666889857081,2023-09-12,0.4781913045586732,6.249775
BA.ZK,5.7479889576271175,5.833354638713759,up,1.485139963140818,2023-09-12,-0.06003926607224841,5.773315372641511
BA4179464,6.120669039534885,5.923807704088394,down,-3.2163368771439225,2023-09-12,0.062042510197320766,5.985850214285715
BA4214068,5.855715512820513,5.916372931130275,up,1.0358668923884442,2023-09-12,0.29819406886972466,6.214567
BA4214071,6.01228,5.801547388857907,down,-3.5050365442409976,2023-09-12,0.2816818983761342,6.083229287234041
BA4214072,5.978104730769231,5.689861235756952,down,-4.821653483731944,2023-09-12,0.4818847642430475,6.171746
BA4306071,5.800321900000002,5.906640480555279,up,1.8329772448538866,2023-09-12,-0.1458564075394051,5.7607840730158735
BA4364224,5.654232607142856,5.901680094422192,up,4.376323092310367,2023-09-12,-0.13558308701478428,5.766097007407407
BA4456338,5.732553357142857,5.891444197227067,up,2.7717289344761022,2023-09-12,-0.18005176193294847,5.711392435294118
BA4456339,6.130399749999999,5.666342338521278,down,-7.569774083308693,2023-09-12,0.500210161478722,6.1665525
BA4602171,6.185036738095237,5.669576455780403,down,-8.333989014810227,2023-09-12,0.46589154421959833,6.135468000000001
BA4762315,6.083426006389776,5.682608093032706,down,-6.588687245247457,2023-09-12,0.3902069069672942,6.072815
BA4798347,5.721124707524272,5.942958331921363,up,3.877447805067801,2023-09-12,0.05573090646872991,5.998689238390093
BA4798348,5.549063042253522,5.870457780122404,up,5.791873969021643,2023-09-12,-0.26875901299911664,5.601698767123287
BA4798350,6.031275555555556,5.532035840830573,down,-8.277514600789901,2023-09-12,0.4957593020265696,6.027795142857142
BA4829129,5.620732523178808,5.901222293628514,up,4.99027073949918,2023-09-12,-0.24449411330064574,5.656728180327868
BA4829130,5.683623472527472,5.8157145250665465,up,2.3240640970949875,2023-09-12,-0.07848240071421486,5.737232124352332
BA4829131,5.910582988696808,5.726331998075413,down,-3.1173065495188936,2023-09-12,0.2393462623412539,5.9656782604166665
BA4866206,5.644635774225283,5.9033574716306045,up,4.583496752557619,2023-09-12,-0.23992548767590893,5.663431983954696
BA4866207,5.629385939086296,5.859459670250986,up,4.087012929194065,2023-09-12,-0.18071441723893678,5.678745253012049
BA4866208,5.788901353448276,5.804879389684236,up,0.2760115479674217,2023-09-12,-0.012181554870737799,5.792697834813498
BA4866209,5.916898045519203,5.673243455086983,down,-4.117944716264588,2023-09-12,0.26224442270991943,5.935487877796902
BA4866210,6.0348175,5.529728061692244,down,-8.369589276026263,2023-09-12,0.527311938307756,6.05704
BA4983328,5.62320994488189,5.8713688861616795,up,4.4131189073894985,2023-09-12,-0.22598830561071548,5.645380580550964
BA4983329,6.098241758409784,5.76181943122914,down,-5.516710234006381,2023-09-12,0.3092982714735628,6.071117702702703
BA4983330,6.137143997623497,5.8734831025197165,down,-4.296149727069763,2023-09-12,0.25891388599411336,6.13239698851383
BA4983331,6.314532089211618,5.524551670307294,down,-12.510513965935916,2023-09-12,0.8031083689272878,6.327660039234582
BA4983332,5.560225041584157,5.937530653620011,up,6.785797503051352,2023-09-12,-0.377505645607191,5.56002500801282
BA4983334,5.89268601464854,5.965044766749373,up,1.227941755609547,2023-09-12,-0.053831416478037575,5.9112133502713355
BA5072873,5.6012503582339255,6.001081828438486,up,7.138253865349939,2023-09-12,-0.4673420081259865,5.5337398203124994
BA5072874,5.9248340007127585,5.941761473405698,up,0.2857037461455197,2023-09-12,0.2690026017388103,6.210764075144509
BA5072875,5.683980537969624,5.917636651248202,up,4.1107831337163905,2023-09-12,-0.19536414763374488,5.722272503614457
BA5072876,5.524219978552279,5.883347887222142,up,6.50097045490898,2023-09-12,-0.29809065214613195,5.58525723507601
BA5124656,6.180447141868514,5.958384932403695,down,-3.5929796723038345,2023-09-12,0.33987952679934086,6.298264459203036
BA5124657,5.806781253907402,5.922613051169155,up,1.9947677068739234,2023-09-12,-0.0683594465285724,5.854253604640583
BABA4309521,5.777304,5.817896645956231,up,0.7026226412221153,2023-09-12,0.13951835404376922,5.957415
BABA4309524,6.079415999999999,5.922537228841035,down,-2.5804908096265184,2023-09-12,-0.007895904337723358,5.914641324503312
BABA4572064,5.429578,5.886538190413952,up,8.416127190988908,2023-09-12,-0.43747319041395194,5.449065
BABA4572066,6.407324,5.665615415036197,down,-11.575949412949974,2023-09-12,0.7023695849638028,6.367985
BABA5126325,5.598019854700855,5.865950278556176,up,4.7861642296665075,2023-09-12,-0.2855241046431338,5.580426173913042
BABA5126327,6.312493999999999,5.64236851031479,down,-10.615859431869708,2023-09-12,0.6922824896852102,6.334651
BABA5126328,6.319614,5.52747872517714,down,-12.53455155366862,2023-09-12,0.76952327482286,6.297002
BAC3668789,5.537727249999999,5.906040101589256,up,6.650974939028595,2023-09-12,-0.3256806015892568,5.580359499999999
BAC3669737,5.945828,5.825496240593893,down,-2.023801553057153,2023-09-12,0.11845375940610747,5.94395
BAC3700644,4.975354333333334,5.878202742101286,up,18.146414270821833,2023-09-12,-0.792926227538179,5.085276514563107
BAC3710218,5.623571,5.7855394716736175,up,2.880171187909202,2023-09-12,-0.148553411891009,5.6369860597826085
BAC3710325,5.731391666666668,5.782346452040936,up,0.889047343782434,2023-09-12,0.20588719016090007,5.988233642201836
BAC3730605,5.16349,5.883174570680207,up,13.937948377554852,2023-09-12,-0.7121297706802068,5.171044800000001
BAC3742500,5.459616333333333,5.907997059449887,up,8.212678304499061,2023-09-12,-0.01570548101851532,5.892291578431371
BAC3742503,5.694848,5.881173757905344,up,3.2718302210233507,2023-09-12,-0.5880037579053452,5.293169999999999
BAC3816499,5.723544190798376,5.757860013298325,up,0.5995554739512311,2023-09-12,-0.017761867124635344,5.74009814617369
BAC4090046,5.810423713530657,5.948522968655297,up,2.3767501637281656,2023-09-12,-0.19459479344402908,5.753928175211268
BAC4090047,5.5737957487922705,5.7134024171528415,up,2.504696523743644,2023-09-12,-0.0696567137610753,5.643745703391766
BAC4105207,5.682002,5.759261631633235,up,1.3597255269046937,2023-09-12,-0.24202863163323407,5.517233000000001
BAC4109448,5.527563333333332,5.758416654019251,up,4.1764029964846205,2023-09-12,-0.014911987352584255,5.7435046666666665
BAC4113180,5.676976881203802,5.9678964304747195,up,5.124550537349166,2023-09-12,-0.2548404762854499,5.71305595418927
BAC4126821,5.795404,5.836779198895409,up,0.713931227148426,2023-09-12,-0.2956551988954095,5.541124
BAC4156844,6.053742065977965,8.522422400692825,up,40.77941061593697,2023-09-12,-2.4498903943248065,6.072532006368019
BAC4161408,,no data prior to target date,N/A,N/A,,N/A,5.667839
BAC4165620,5.672933999999998,5.7553403531909115,up,1.4526231609765536,2023-09-12,-0.186370290127849,5.5689700630630625
BAC4175616,5.828939164675326,6.273789328984812,up,7.631751708876585,2023-09-12,-0.43652217102360247,5.837267157961209
BAC4177188,5.760890000000001,5.76321333967476,up,0.04032952677032649,2023-09-12,-0.23115713967476026,5.5320561999999995
BAC4203516,6.0017222565386765,6.017478725188575,up,0.26253245279272885,2023-09-12,0.08884533910612546,6.1063240642947
BAC4209292,5.8077605000000005,5.804659270999556,down,-0.053398018056089,2023-09-12,-0.1544652709995562,5.650194
BAC4224383,5.732732666666666,5.758877965720204,up,0.4560704392437746,2023-09-12,-0.15804496572020454,5.600833
BAC4234735,5.9643467801863475,6.032007831126672,up,1.1344251673141343,2023-09-12,0.005863915140095877,6.0378717462667675
BAC4234736,5.646728666666666,5.70683623835505,up,1.0644671496827267,2023-09-12,0.017237077523327926,5.724073315878378
BAC4248310,5.534422999999999,5.747486620289873,up,3.84978922445707,2023-09-12,-0.0207146202898727,5.726772
BAC4258247,5.557765,5.7459622058865,up,3.3862030130187306,2023-09-12,-0.2602032058865005,5.485759
BAC4273622,5.498258887070376,5.925221667282372,up,7.76541790740402,2023-09-12,-0.34736096428927965,5.5778607029930924
BAC4274947,5.745787,5.743327381010143,down,-0.04280734718945713,2023-09-12,-0.1006853810101429,5.642642
BAC4278924,,no data prior to target date,N/A,N/A,,N/A,5.7975072173913045
BAC4280868,5.800115,5.743216960665008,down,-0.9809812276996508,2023-09-12,-0.11816996066500796,5.625047
BAC4283949,,no data prior to target date,N/A,N/A,,N/A,5.742265428571428
BAC4340670,5.783715667326173,5.984287767207164,up,3.467876213453553,2023-09-12,-0.16683484573391905,5.817452921473245
BAC4354159,5.69610337497788,5.9669573704837955,up,4.755075139537255,2023-09-12,-0.21513515793198934,5.751822212551806
BAC4416448,5.313870619588981,6.0658142122860275,up,14.150581497507526,2023-09-12,-0.6979424168414372,5.36787179544459
BAC4428979,5.758436441221373,6.149357990694537,up,6.788675250017162,2023-09-12,-0.36940784717061614,5.779950143523921
BAC5202254,,no data prior to target date,N/A,N/A,,N/A,5.765512333333334
BAC5247682,5.7532985000000005,5.84438461441845,up,1.5831981326616305,2023-09-12,0.22258758558155112,6.066972200000001
BAC5401043,6.4779972,5.926742838602687,down,-8.509641859637004,2023-09-12,0.08094949473064528,6.007692333333332
BAC5410526,5.574163999999999,5.893419521499917,up,5.727415294919885,2023-09-12,-0.23531752149991636,5.658102
BAC5464612,6.22348925,5.912791457292909,down,-4.9923407951108985,2023-09-12,-0.33156945729290843,5.581222
BAC5469511,6.294121400000001,5.90160350119791,down,-6.236261963458319,2023-09-12,-0.4631678119323732,5.438435689265537
BAC5469588,5.849732,5.890059531947445,up,0.6893911028307751,2023-09-12,-0.23855305467471766,5.6515064772727275
BAC5488856,5.895410142857142,5.889069185670753,down,-0.10755752412022047,2023-09-12,-0.45495818567075297,5.434111
BAC5529266,5.691643000000001,5.863847766358938,up,3.025572165347281,2023-09-12,-0.2407807663589372,5.623067000000001
BAC5589223,5.542857,5.904766785816618,up,6.529300427859111,2023-09-12,-0.2029760358166186,5.70179075
BAC5590168,,no data prior to target date,N/A,N/A,,N/A,5.6676926
BAC5620593,5.928666879310345,5.769928972814785,down,-2.6774637490515425,2023-09-12,-0.07009297281478588,5.6998359999999995
BAC5628460,5.349755228070175,5.881693110227479,up,9.943219072271283,2023-09-12,-0.3816451102274785,5.5000480000000005
BAC5634459,5.557683534625929,6.054070150763608,up,8.931537987815442,2023-09-12,-0.4309642025944944,5.623105948169114
BAC5634461,5.514044626479614,5.96600193101126,up,8.19647527626547,2023-09-12,-0.4209027201416946,5.545099210869566
BAC5636173,5.894746083969466,5.825954994476254,down,-1.1669898671341707,2023-09-12,0.0036724534001946196,5.829627447876448
BAC5637201,5.861610711252655,5.892962902320483,up,0.5348733072232318,2023-09-12,-0.03595749852644481,5.857005403794038
BAC5640295,5.931994148148149,5.769015217001729,down,-2.747456033774056,2023-09-12,0.10963944966493777,5.878654666666667
BAC5644837,5.821603376910016,5.895989070612605,up,1.2777526891924993,2023-09-12,-0.22192676292029656,5.674062307692308
BAC5644838,5.99523102163833,5.827080393627334,down,-2.804739757385446,2023-09-12,0.14121973672980914,5.968300130357143
BAC5645450,6.094822142857143,5.801533896592483,down,-4.812088677737387,2023-09-12,0.28551347319918463,6.087047369791668
BAC5648657,,no data prior to target date,N/A,N/A,,N/A,5.9
BAH5627181,5.9965027610536215,5.907561654484193,down,-1.4832163031273353,2023-09-12,0.09282971781017846,6.000391372294372
BAM3703016,5.874107999999999,5.832541114792563,down,-0.7076288894830636,2023-09-12,0.055890885207436014,5.888431999999999
BAM4202005,6.109403323122528,5.943067743488843,down,-2.7226157913678337,2023-09-12,0.09172126462804009,6.034789008116883
BAM4368369,5.896898587628867,5.909368880630837,up,0.21147206140075323,2023-09-12,-0.11497411747294173,5.794394763157896
BAM4464510,6.100326765658285,5.9556245790246995,down,-2.3720399282245794,2023-09-12,0.9969146371915167,6.952539216216216
BAM4540761,6.237633999999999,5.667041705085953,down,-9.14757574609292,2023-09-12,0.5634823666843802,6.230524071770334
BAM4586276,5.739825492300488,5.994015816976521,up,4.4285375054870375,2023-09-12,-0.24200273835244257,5.752013078624079
BAM4791432,5.866866456026059,5.8769219610482635,up,0.17139481693633093,2023-09-12,0.008458566083519692,5.885380527131783
BAM4974650,5.8782812751322755,5.863934593566942,down,-0.24406252259527783,2023-09-12,-0.03261159182780915,5.831323001739133
BAM5050695,6.259799,5.635617063552159,down,-9.971277615269134,2023-09-12,0.6512389364478404,6.286855999999999
BAM5226005,5.901215442857143,5.849620498545796,down,-0.8743104672410797,2023-09-12,0.08567800145420446,5.9352985
BAM5355087,6.27099,5.61785436942484,down,-10.415191709365823,2023-09-12,0.6841846305751593,6.302039
BAM5600533,6.111683427860698,5.832088526397064,down,-4.574760861943103,2023-09-12,0.30120014939240924,6.133288675789474
BANC4229778,,no data prior to target date,N/A,N/A,,N/A,8.090050004446605
BAND5142697,9.1888455,5.9584879996821,down,-35.15520530101306,2023-09-12,3.261133500317901,9.2196215
BAX4393263,5.606568499999999,5.911981985931163,up,5.4474227137537765,2023-09-12,-0.286431050447292,5.625550935483871
BAX4970560,5.53267,5.863774578844238,up,5.9845351131413445,2023-09-12,-0.23334347884423767,5.6304311
BAX5072771,5.666746041095891,5.8525713628809175,up,3.2792244515176794,2023-09-12,-0.18052836288091711,5.672043
BAX5415124,5.9176322500000005,5.924622622858402,up,0.11812786876712549,2023-09-12,0.04925819238600582,5.973880815244407
BAX5415125,5.70586136943662,5.9382235015206115,up,4.072341002335546,2023-09-12,-0.21261282587005326,5.725610675650558
BAX5415126,5.596616,5.879827990938818,up,5.060414917493317,2023-09-12,-0.25123767550257625,5.6285903154362416
BAX5415127,5.701018190476191,5.843462919672924,up,2.4985840149518173,2023-09-12,-0.11214198503240169,5.7313209346405225
BAX5415128,5.8995566568760935,5.677445610947853,down,-3.7648769025612165,2023-09-12,0.2277866471166634,5.905232258064516
BAYZ4140709,6.587996,5.815643613860021,down,-11.723631680103923,2023-09-12,0.5770975766161692,6.39274119047619
BAYZ4140716,5.934124526315789,5.92794832773113,down,-0.10407935588930761,2023-09-12,0.4351776722688703,6.363126
BAYZ4230950,6.866943000000001,5.9194385115518795,down,-13.79805378387619,2023-09-12,0.11908248844812075,6.038521
BBD4939831,7.503482000000001,5.9215257700363555,down,-21.08296161653543,2023-09-12,0.48378137500522556,6.405307145041581
BBD5337769,5.765984161490683,5.911148273265534,up,2.517594702121444,2023-09-12,-0.04201027326553319,5.869138
BBDC5507747,7.55293798389694,5.90469445475252,down,-21.822548161503747,2023-09-12,1.63757204524748,7.5422665
BBIO5151039,2.2173373333333335,5.897751270272907,up,165.98349207455908,2023-09-12,-3.997856270272907,1.899895
BBIO5355568,7.244509,5.878229515193573,down,-18.859518081990466,2023-09-12,1.4662446098064263,7.344474125
BBL3822197,5.358534,5.731991098708337,up,6.969389364858704,2023-09-12,-0.32791194501512777,5.40407915369321
BBL4055735,6.629201072356215,5.972862429642158,down,-9.900720095080397,2023-09-12,0.926137829617101,6.899000259259259
BBL4055738,5.451582624434389,5.749347038829311,up,5.461981132970821,2023-09-12,-0.3163013446545522,5.4330456941747585
BBL5547171,5.298471710734712,5.960519015712494,up,12.49506161628594,2023-09-12,-0.6188171001357992,5.341701915576695
BBL5547172,5.133427964788732,5.904754412925561,up,15.025562907038346,2023-09-12,-0.7689102771230916,5.135844135802469
BBL5547173,5.304171482756133,5.908624490851819,up,11.395804416594817,2023-09-12,-0.6081848557057619,5.300439635146057
BBL5647377,5.349679322704124,6.0761056937085725,up,13.578876922986458,2023-09-12,-0.7001004198271676,5.376005273881405
BBL5647378,5.2596934561336885,5.955017009939889,up,13.219849400069803,2023-09-12,-0.6858240002895775,5.269193009650311
BBL5647379,5.37132493646521,5.969070523732888,up,11.12845702574541,2023-09-12,-0.5971629557929408,5.371907567939947
BBL5647380,5.377284847292166,6.60079711285265,up,22.75334672249336,2023-09-12,-1.2253135313793626,5.375483581473287
BBL5647381,5.478804684238144,5.856510149130219,up,6.893939219601831,2023-09-12,-0.39239751176953774,5.464112637360682
BBVA3667107,6.433773895555555,5.9881199131416665,down,-6.926789620657099,2023-09-12,0.5346730243583329,6.522792937499999
BBVA5044147,5.855323500000001,5.924021344706124,up,1.1732544701607528,2023-09-12,0.0032646552938757623,5.927286
BBY4720674,5.321909174848221,5.945484557700574,up,11.717136883872831,2023-09-12,-0.581684277377124,5.36380028032345
BBY5055320,5.483553801089918,5.877131637198825,up,7.177422715004256,2023-09-12,-0.3887356924619825,5.488395944736842
BC5234274,6.2990716658767765,5.929779314400552,down,-5.862647244938472,2023-09-12,0.32932961770954083,6.259108932110093
BC5234275,6.308917714285715,5.849897680016157,down,-7.275733415101737,2023-09-12,0.6154510337584416,6.465348713774598
BC5384497,6.778705405469444,5.8934299833427,down,-13.05965326967084,2023-09-12,0.9000376937406322,6.793467677083332
BCE4615534,5.986595166998011,5.690582360544272,down,-4.94459368299286,2023-09-12,0.2894106394557294,5.979993000000001
BCE5149287,5.896702128,5.933755365054783,up,0.6283722028087347,2023-09-12,0.06836030161188322,6.002115666666667
BCE5237308,5.450061000000001,5.8448156493586065,up,7.243123505564538,2023-09-12,-0.3507624978434549,5.494053151515152
BCE5358698,5.7667624,5.613772511614492,down,-2.652959802635671,2023-09-12,0.2107569883855076,5.8245295
BCE5584816,5.7298554324324344,5.8322889747869615,up,1.7877160002105332,2023-09-12,-0.07662233205805702,5.7556666427289045
BCS.APR,,no data prior to target date,N/A,N/A,,N/A,6.585942
BCS.BUA,,no data prior to target date,N/A,N/A,,N/A,9.685468999999998
BCS.LPU,,no data prior to target date,N/A,N/A,,N/A,6.697621
BCS4139419,6.485014676965193,6.355810877300214,down,-1.992343982256689,2023-09-12,-0.024486217530098386,6.331324659770115
BCS4220930,6.25269166367713,5.958989901710504,down,-4.6972052639791135,2023-09-12,0.3298323990413756,6.28882230075188
BCS4325383,6.262085106642992,6.1263338420004985,down,-2.1678284841335835,2023-09-12,0.13102367588584674,6.257357517886345
BCS4361335,6.430325163265305,5.956929540241693,down,-7.361923557582942,2023-09-12,0.6304913264249743,6.587420866666667
BCS4442015,5.966184,5.907871380319636,down,-0.9773855395737682,2023-09-12,0.08296994957727133,5.990841329896908
BCS4442016,6.2141090000000005,5.677759684336892,down,-8.631153970152575,2023-09-12,0.5472259823297749,6.224985666666667
BCS4491793,6.881245000000002,5.903917420773925,down,-14.202772597488922,2023-09-12,0.9459534670189234,6.849870887792848
BCS4560358,5.9967415,5.937762834631914,down,-0.9835118850476665,2023-09-12,-0.10802983463191396,5.829733
BCS5464250,6.353937,5.906879109158312,down,-7.035919475463613,2023-09-12,-0.10680110915831165,5.800078
BCS5468920,6.001291959722223,5.915197910626238,down,-1.4345919124383033,2023-09-12,0.06703397961766377,5.982231890243901
BCS5495465,6.639119,5.926967576698328,down,-10.726595250087735,2023-09-12,0.06528472330167379,5.992252300000001
BCS5504602,5.990214215686275,5.927275434393049,down,-1.0506933312737123,2023-09-12,-0.3341012677263828,5.593174166666667
BCS5508403,6.0023912,5.914393547176497,down,-1.4660432799432226,2023-09-12,0.27928811949016996,6.1936816666666665
BCS5615287,,no data prior to target date,N/A,N/A,,N/A,5.9073872
BCS5642349,5.740008,5.928339893507685,up,3.2810388680239564,2023-09-12,-0.189243893507685,5.739096
BCS5645685,5.85,5.92801996129357,up,1.3336745520268438,2023-09-12,-0.07801996129357036,5.85
BCSF5143263,6.930371699421966,5.913887781401778,down,-14.667090916710407,2023-09-12,1.9906818571686884,7.904569638570466
BCSF5275313,7.701126668956506,6.054945792336494,down,-21.375844696280875,2023-09-12,1.5896701525453976,7.644615944881892
BDLL5257462,7.437249791666665,5.852791477599472,down,-21.304357907173653,2023-09-12,1.5722437724005278,7.42503525
BDN4162467,9.3022175,5.874317230802597,down,-36.85035604894642,2023-09-12,3.356783269197405,9.231100500000002
BDN4162469,7.566284601242236,5.995675295421059,down,-20.757999316643655,2023-09-12,1.3732254279592233,7.368900723380282
BDN4564352,9.2894868,5.893508572314542,down,-36.55722109089447,2023-09-12,3.1303809122792954,9.023889484593838
BDN5511264,9.589354923956808,6.2558162559390205,down,-34.762908396368815,2023-09-12,3.1438868238155813,9.399703079754602
BDVC5260049,7.7659435,5.912384071352673,down,-23.867794410908687,2023-09-12,1.881722928647327,7.794107
BDX.GC,5.2755232,5.95934042174449,up,12.962074012763129,2023-09-12,-0.4668985646016326,5.4924418571428575
BDX4191431,5.769651478605388,5.940222843637234,up,2.9563547410852626,2023-09-12,-0.15724408653944177,5.782978757097792
BDX4191433,5.641740434782609,5.706750187409995,up,1.1522996029130692,2023-09-12,-0.06031101452261467,5.64643917288738
BDX4240520,6.288864135837062,6.243662688000918,down,-0.7187537663369692,2023-09-12,-0.38942141022314036,5.854241277777778
BDX4499466,5.8512587831775695,5.938136737341898,up,1.4847737449948948,2023-09-12,0.11909829296113283,6.057235030303031
BDX4499467,5.396695466643218,5.993836655390997,up,11.064941359739274,2023-09-12,-0.5559142901147851,5.437922365276212
BDX4499468,5.6867435932203385,5.678083260031317,down,-0.15228984825948347,2023-09-12,-0.0004684406849131406,5.677614819346404
BDX4619409,5.240028000000001,5.904865515585221,up,12.687671050330648,2023-09-12,-0.4313766355852202,5.473488880000001
BDX4986708,5.43126812106136,5.89244507381987,up,8.491146864397257,2023-09-12,-0.44382333944486874,5.448621734375001
BDX5128039,5.312909,5.857373269567506,up,10.247950220256092,2023-09-12,-0.5387296225831122,5.318643646984394
BDX5459700,5.42118672972973,5.840457765600176,up,7.733934593530389,2023-09-12,-0.39669869170855065,5.443759073891625
BDX5537346,5.274978609948732,5.931359873398331,up,12.443297157862371,2023-09-12,-0.6459974017002184,5.285362471698113
BEN4345578,5.5756135,5.914644985902969,up,6.080613118232977,2023-09-12,-0.3828830577592566,5.5317619281437125
BEN5062055,5.468001666666666,5.861467160161664,up,7.195782252474278,2023-09-12,-0.4209972819890746,5.440469878172589
BF3942561,,no data prior to target date,N/A,N/A,,N/A,5.663550999999999
BF4613144,5.513345666666667,5.923961159222853,up,7.447664583026979,2023-09-12,-0.3552398970051245,5.5687212622177285
BF5558455,5.101292817460318,5.840414118591841,up,14.488901687856751,2023-09-12,-0.7528110882888113,5.08760303030303
BFDC5529443,,no data prior to target date,N/A,N/A,,N/A,5.829981
BFDC5613724,5.683717777777778,5.891757495697288,up,3.6602752996094288,2023-09-12,-0.05564649569728797,5.836111
BG4393246,5.586754989949749,5.910656264297585,up,5.797663848343376,2023-09-12,-0.2888926011676114,5.621763663129974
BG4543096,5.536510559577677,5.933028317206598,up,7.161871242943442,2023-09-12,-0.3837609022812254,5.549267414925373
BG5028493,5.767497206896551,5.920950905820736,up,2.6606636018946137,2023-09-12,-0.11347849091390305,5.807472414906833
BG5182307,5.5465705980392155,5.8644036385052605,up,5.730262237686167,2023-09-12,-0.28845042872929305,5.575953209775967
BGB5218421,7.140843594822396,5.924362167549165,down,-17.035542245390502,2023-09-12,1.2995307688870605,7.223892936436226
BGCP4799708,6.37055273467942,6.065486922790284,down,-4.78868670576177,2023-09-12,0.07823807720971576,6.143725
BGCP4907440,7.754242,5.930034556822895,down,-23.52528387916065,2023-09-12,1.6861246931771046,7.61615925
BGCP5057641,7.817515,5.923420151136485,down,-24.228861074951762,2023-09-12,1.5514614488635141,7.474881599999999
BGF4479785,7.047029850795757,5.940947907226694,down,-15.695718153431162,2023-09-12,0.2733621060906719,6.214310013317366
BGF4883972,9.200901696400626,5.946546413138484,down,-35.36996036524593,2023-09-12,3.723537391146489,9.670083804284973
BHF4508248,6.079312475934137,5.934534987022106,down,-2.3814779958285492,2023-09-12,0.18684852785884676,6.121383514880953
BHF4508250,7.076588374397797,5.682949345915664,down,-19.69365681242876,2023-09-12,1.4265458427888333,7.109495188704497
BHF4987731,6.364576301801799,5.8978160998314575,down,-7.333719949876361,2023-09-12,0.502025239454257,6.3998413392857145
BHF5300761,6.992312,5.6247224387941,down,-19.558474524676534,2023-09-12,1.3552865612059,6.980009
BIDU4514048,5.506056,5.898983878855696,up,7.1362855527749085,2023-09-12,-0.4369078788556964,5.462076
BIDU4613138,,no data prior to target date,N/A,N/A,,N/A,5.958595
BIDU4973337,5.811541833333334,5.93764384153629,up,2.169854606907777,2023-09-12,-0.08054184153628885,5.857102000000001
BIDU5058337,5.758377,5.863107339292777,up,1.8187475271726212,2023-09-12,-0.08364433929277837,5.779462999999999
BIDU5243137,5.758175615384616,5.925432198827575,up,2.9046801385509156,2023-09-12,-0.1397061988275743,5.785726
BIIB4288320,5.857662522727272,5.842637224736869,down,-0.25650671973855893,2023-09-12,0.015708660183766376,5.858345884920635
BIIB4288324,5.743305008345753,6.0883252357020545,up,6.0073464121258295,2023-09-12,-0.33147824764744804,5.7568469880546065
BIIB4981506,5.647486713358388,5.884140638111608,up,4.190429066321599,2023-09-12,-0.19273458712476632,5.691406050986842
BIIB4981508,5.857940916030534,5.650687540776909,down,-3.537990195265822,2023-09-12,0.20340695197671366,5.854094492753623
BIN4765606,5.276412272727272,5.886362237158992,up,11.559937565614991,2023-09-12,-0.609212119511934,5.277150117647058
BIN4819998,5.243264,5.880041822780644,up,12.144683593666922,2023-09-12,-0.6310371561139778,5.249004666666666
BIN4939179,5.331333326530612,5.8710034498499155,up,10.122610804200004,2023-09-12,-0.5233010243180001,5.347702425531915
BIN4962257,5.4415,5.644823325582511,up,3.7365308386016967,2023-09-12,-0.1557993255825103,5.489024000000001
BIN5254561,5.474195448378128,5.684744218373117,up,3.846204834673365,2023-09-12,-0.21072021837311716,5.474024
BIN5372851,5.382625457264957,5.84733277240676,up,8.633469276867208,2023-09-12,-0.4173147469405025,5.430018025466257
BIN5458250,5.392878699480182,5.85494115506185,up,8.568011285442152,2023-09-12,-0.45965979696738035,5.395281358094469
BIO5368763,5.408849,5.906671798536435,up,9.203858316925382,2023-09-12,-0.4302679374754472,5.476403861060988
BIO5368765,5.717536999999999,5.848055544167341,up,2.282775680635592,2023-09-12,-0.0944976525284913,5.75355789163885
BK4070978,5.629823237288136,5.923142191609728,up,5.210091719733695,2023-09-12,-0.29639104927396254,5.626751142335766
BK4094205,5.8004585842167256,6.052119593732853,up,4.338639882731121,2023-09-12,-0.42141691534089265,5.630702678391961
BK4123233,5.9109115839112345,5.967448392362503,up,0.956482052703245,2023-09-12,-0.19360998259125317,5.773838409771249
BK4161471,5.7389989578947365,5.933197460404302,up,3.383839306024275,2023-09-12,-0.20896097764568022,5.724236482758622
BK4214569,5.693425745283019,5.9300918204038675,up,4.156830802912037,2023-09-12,-0.13371782040386826,5.796373999999999
BK4418367,5.397336999999999,5.886049474042392,up,9.054696307501136,2023-09-12,-0.48076024027615816,5.405289233766234
BK4495517,5.247627631249999,5.903544391097093,up,12.49930074956275,2023-09-12,-0.6495790175826617,5.253965373514431
BK4532268,5.517011271973465,5.886393592431123,up,6.695333800279286,2023-09-12,-0.33588478491938467,5.550508807511738
BK4589401,5.250244471910113,5.895886490524885,up,12.297370571391276,2023-09-12,-0.5790343013356951,5.31685218918919
BK4625163,5.081014137844612,5.893395513017323,up,15.988567501158865,2023-09-12,-0.7777279130173227,5.1156676
BK4899941,5.395391000000001,5.931468767223075,up,9.935846488661786,2023-09-12,-0.16383963944130908,5.767629127781766
BK4978156,5.684808408450704,5.926620218087076,up,4.253649239557644,2023-09-12,-0.23119157706143412,5.695428641025642
BK5089167,6.81346,5.940620945165883,down,-12.810511176907427,2023-09-12,0.4373120548341163,6.377933
BK5115704,5.195605754385965,5.918029375769407,up,13.904511919011476,2023-09-12,-0.5923311884214755,5.325698187347932
BK5115708,5.1790215,5.861016347651638,up,13.168411207631367,2023-09-12,-0.7283173476516387,5.132699
BK5169414,5.145418607843137,5.889517552708605,up,14.461387917617458,2023-09-12,-0.630863552708604,5.258654000000001
BK5225101,5.35688362882096,5.909956623798794,up,10.324528836172702,2023-09-12,-0.5938399571321282,5.316116666666666
BK5285137,5.901193636015325,5.95273823250644,up,0.8734605178270263,2023-09-12,-0.30207120220340933,5.650667030303031
BK5285138,5.241421487179488,5.884274332191087,up,12.264856901587029,2023-09-12,-0.5082873321910863,5.375987
BK5344075,5.335094470588234,5.909447861266116,up,10.765571141133995,2023-09-12,-0.5586115214431073,5.350836339823009
BK5344076,5.480033499999999,5.85163321753121,up,6.780975290227883,2023-09-12,-0.3484222175312093,5.503211
BKH4326492,5.964545333333333,5.919384198488176,down,-0.7571597216768566,2023-09-12,0.11951880151182426,6.038903
BKH4393252,5.452172200000001,5.908164865222618,up,8.363504461994388,2023-09-12,-0.15301926522261766,5.7551456000000005
BKH4667143,6.05906403657006,6.0270491912636395,down,-0.5283793852184424,2023-09-12,0.04011814206969433,6.067167333333334
BKH5001513,5.921361333333333,5.868164988918419,down,-0.8983803118964077,2023-09-12,0.12685712872863952,5.995022117647059
BKH5245893,6.145058635204083,5.9573700873936595,down,-3.0543003566342706,2023-09-12,0.2536269166960734,6.210997004089733
BKH5550481,5.66281229245283,5.901570542766132,up,4.216248711466383,2023-09-12,-0.42005454276613197,5.481516
BKNG4221363,5.4818975337396605,5.939914267825797,up,8.355076527190851,2023-09-12,-0.43097116520049816,5.508943102625299
BKNG4365086,5.3219514631578955,5.916689528446452,up,11.175187699582205,2023-09-12,-0.5460030336547845,5.370686494791667
BKNG4530421,5.0857763333333335,5.894313356015445,up,15.898005922572258,2023-09-12,-0.7925515110903198,5.101761844925125
BKNG4975065,5.236081247068916,5.8897231238532,up,12.48341738681353,2023-09-12,-0.654543596234447,5.235179527618753
BKNG5180804,29.93038764765557,6.061233324149663,down,-79.74889802463206,2023-09-12,24.055702519165763,30.116935843315424
BKU4310858,7.734010490451147,5.980212405191299,down,-22.676437889826857,2023-09-12,1.7154207075766417,7.695633112767941
BKU4998209,7.984871803314917,5.878589015724829,down,-26.378417080104715,2023-09-12,2.1121889176085036,7.990777933333333
BLK4107682,5.640016694711539,5.947808674464317,up,5.457288451670437,2023-09-12,-0.34130667049844643,5.60650200396587
BLK4475422,4.9488601296296295,5.905296240677028,up,19.326392057861174,2023-09-12,-0.8528281239993758,5.052468116677653
BLK4823870,4.972318420668693,5.8903437120673106,up,18.4627212847555,2023-09-12,-0.8430182203085348,5.047325491758776
BLK4873826,6.29251417494824,5.939157349780497,down,-5.615510992005821,2023-09-12,0.29876375237004016,6.237921102150537
BLK4938153,5.11029885243553,5.873906958173645,up,14.942533260538859,2023-09-12,-0.7434652678583307,5.1304416903153145
BLK4981615,5.116831441340782,5.863653611734486,up,14.59540301366683,2023-09-12,-0.7608494015126928,5.102804210221794
BLK5124567,7.3341805,5.91749222052516,down,-19.31624507298178,2023-09-12,1.44468072393754,7.3621729444627
BLK5314905,5.216095118141421,5.9653017673743,up,14.363362482159516,2023-09-12,-0.7399073101804836,5.225394457193817
BLK5589446,5.273573439030289,5.9281005272047995,up,12.411452988030549,2023-09-12,-0.6702601737006315,5.257840353504168
BLL4005574,6.584558837858806,5.964232492549309,down,-9.420924933388813,2023-09-12,0.4554126139955885,6.419645106544897
BLL4261107,5.983856278861156,6.010350670891442,up,0.44276451163911357,2023-09-12,-0.05373158455199789,5.956619086339444
BLL4608097,6.083380914096413,5.96545225141621,down,-1.9385381968592308,2023-09-12,0.25712802832423787,6.2225802797404475
BLL5028534,6.395147216666666,5.882746387553999,down,-8.012338289527992,2023-09-12,0.5322030608922148,6.4149494484462135
BLL5256551,6.3260335261044185,5.870160529788247,down,-7.2063006690528635,2023-09-12,0.47590858861587026,6.346069118404118
BLL5501679,6.4276868558088776,5.9863193474109195,down,-6.866661651369685,2023-09-12,0.5130024452027167,6.499321792613636
BLL5584910,6.363266889370934,5.8904861923914895,down,-7.429842330975729,2023-09-12,0.4290883851171605,6.31957457750865
BMO4794153,5.931094974168298,5.968964049357671,up,0.6384837092358958,2023-09-12,0.10441244088094237,6.073376490238614
BMO4851991,5.873945927219796,5.939866250315743,up,1.122249402917937,2023-09-12,-0.1070125803513573,5.832853669964385
BMO4979252,5.821915717041801,5.931841680831529,up,1.8881407621198523,2023-09-12,-0.03444796304502162,5.897393717786508
BMO5090896,5.587178364924279,5.965306431077738,up,6.767782258882361,2023-09-12,-0.36277983572890093,5.602526595348837
BMO5133401,5.995101333333333,5.906527018100801,down,-1.4774448388395105,2023-09-12,0.08331331523253205,5.989840333333333
BMO5219426,5.891685226476432,5.966860151122308,up,1.2759494398656952,2023-09-12,-0.027853452933172207,5.939006698189136
BMO5256379,6.149805,5.9465057302695365,down,-3.305784000150626,2023-09-12,-0.516544730269537,5.429961
BMO5256381,5.521375248366013,5.912333362872236,up,7.080810430733216,2023-09-12,-0.33770673496525827,5.574626627906977
BMO5335061,5.7992594586709885,5.933862969506088,up,2.321046536965028,2023-09-12,-0.09913295970216662,5.834730009803922
BMO5373616,5.962653657534244,5.943244799471159,down,-0.3255070506830678,2023-09-12,-0.03522798606670552,5.908016813404453
BMO5373618,5.575921398734178,5.907254152680643,up,5.942206323455039,2023-09-12,-0.2971967482257796,5.610057404454864
BMO5422454,5.784653391621129,5.929243197898683,up,2.4995413984005896,2023-09-12,-0.13126621803291094,5.797976979865772
BMO5422703,,no data prior to target date,N/A,N/A,,N/A,6.167302
BMO5454470,,no data prior to target date,N/A,N/A,,N/A,6.298433
BMO5462011,,no data prior to target date,N/A,N/A,,N/A,6.638785
BMO5472620,5.911526165594561,5.965085377026021,up,0.9060132685054926,2023-09-12,-0.08892885829600772,5.8761565187300135
BMO5472622,5.53613021073718,5.91502329531221,up,6.84400601416811,2023-09-12,-0.30574844909970356,5.609274846212506
BMO5508008,6.415508000000001,5.937760277851507,down,-7.446763719233049,2023-09-12,-0.0950031602044481,5.842757117647059
BMO5523163,5.6527935,5.932452188361412,up,4.947265247906415,2023-09-12,-0.14871324099299166,5.783738947368421
BMO5523165,5.564530444264287,5.9107646733866055,up,6.222164342351723,2023-09-12,-0.34671364659001824,5.564051026796587
BMO5533911,,no data prior to target date,N/A,N/A,,N/A,6.198486
BMO5596345,5.590238418377321,5.944484318215186,up,6.336865681315472,2023-09-12,-0.3467447601261524,5.5977395580890335
BMO5630929,5.936866785714287,5.915123303476771,down,-0.3662450754299602,2023-09-12,0.053614096523229016,5.9687374
BMRN4529082,4.090943,5.936862084883435,up,45.12209250736162,2023-09-12,-1.8348490848834347,4.102013
BMRN5187965,1.0173303555555553,5.906083481885485,up,480.54725779417294,2023-09-12,-4.952415413950702,0.9536680679347828
BMY.GB,4.758712400359067,5.926733679436606,up,24.54490166267259,2023-09-12,-1.1202476794366056,4.8064860000000005
BMY.GL,5.6517871500000005,5.810140127863226,up,2.801821329439587,2023-09-12,-0.15953144365270067,5.650608684210526
BMY3883364,5.437594053030303,5.749627391666947,up,5.738444900327789,2023-09-12,-0.25310739166694685,5.49652
BMY4064362,5.808160651917404,5.983292942421424,up,3.0152797245063354,2023-09-12,-0.25295418643510814,5.730338755986316
BMY4459222,4.7789539961977185,5.9170690955754575,up,23.815150769043978,2023-09-12,-1.1263231543989862,4.790745941176471
BMY5005872,5.588132843894543,5.985766587547988,up,7.115681655418952,2023-09-12,-0.3285445080597018,5.657222079488286
BMY5007341,5.159110797156398,5.951681819032753,up,15.36255089371613,2023-09-12,-0.7734230509680735,5.17825876806468
BMY5007342,5.0092596563803164,5.894815739172983,up,17.67838250637955,2023-09-12,-0.839154598424785,5.055661140748198
BMY5007343,5.374321377136752,5.780959490777654,up,7.566315542103745,2023-09-12,-0.41089629077765544,5.370063199999999
BMY5007345,5.238463,5.926211839712174,up,13.128828813187637,2023-09-12,-0.5266727563788409,5.399539083333333
BMY5007346,4.884894,5.900564573277198,up,20.79206986430408,2023-09-12,-0.9654585732771981,4.935106
BMY5007347,4.997958641048035,5.910388178681992,up,18.25604418052222,2023-09-12,-0.8493505792601841,5.061037599421808
BMY5007348,,no data prior to target date,N/A,N/A,,N/A,5.929856
BMY5009250,5.528017,5.6949013535451884,up,3.0188827846439015,2023-09-12,-0.16574724779464578,5.529154105750543
BMY5009251,5.510875936263737,5.701675421070244,up,3.462235169385165,2023-09-12,-0.21061277510751175,5.4910626459627325
BMY5009252,5.345390571428572,5.705459927943249,up,6.736071980207931,2023-09-12,-0.35560324373272234,5.349856684210526
BMY5009254,5.510391286654135,5.666402066307269,up,2.8312105536131873,2023-09-12,-0.17663582426905222,5.4897662420382165
BMY5077465,5.712871782608697,5.947343907541093,up,4.104277740771001,2023-09-12,-0.3478597358653186,5.599484171675774
BMY5077466,5.248308762585457,5.932363562941928,up,13.03381396370986,2023-09-12,-0.7399993063974266,5.192364256544502
BMY5077467,4.81085178798908,5.907118726323894,up,22.787377093424244,2023-09-12,-1.0450525398159582,4.862066186507936
BMY5077468,5.072595086956523,5.867723337230173,up,15.674979702563155,2023-09-12,-0.7980158883412845,5.069707448888889
BMY5077469,5.408584221992774,5.765949760587919,up,6.607376790805987,2023-09-12,-0.36310976058791855,5.40284
BMY5077470,5.3561380000000005,5.643789643462718,up,5.37050470810717,2023-09-12,-0.28504649346271815,5.35874315
BMY5362700,5.070120978313254,5.882583167172613,up,16.024512873254007,2023-09-12,-0.7836387779032066,5.098944389269406
BMY5362703,5.534017688560482,5.617906391425036,up,1.5158734139567838,2023-09-12,-0.07814072681453155,5.5397656646105045
BMY5362704,5.424690710603829,5.755508576931364,up,6.09837286540362,2023-09-12,-0.32539319962541136,5.4301153773059525
BNPQF4081543,6.663757999999999,5.947166691960729,down,-10.753561399427621,2023-09-12,0.2552517696405783,6.202418461601307
BNPQF4293067,6.004963,5.95874986171154,down,-0.7695823985669792,2023-09-12,-0.1437640664359492,5.814985795275591
BNPQF4349797,6.094246545454546,5.92867717270721,down,-2.71681448251921,2023-09-12,0.22802588223784515,6.156703054945055
BNPQF4466259,6.071244400000002,5.9675856007205095,down,-1.707373191556785,2023-09-12,0.0751736492794901,6.04275925
BNPQF4664663,5.8207315,5.904798300388018,up,1.444265216287988,2023-09-12,-0.13177096705468472,5.773027333333333
BNRH5065192,5.323125,5.866387928454049,up,10.2057142835092,2023-09-12,-0.4972819284540497,5.3691059999999995
BNRH5286173,5.434585444444444,5.74759319990384,up,5.759551646747432,2023-09-12,-0.22652219990384026,5.521071
BNS4319900,6.012278207446807,5.925350405510989,down,-1.4458379824830585,2023-09-12,0.12529277830245444,6.050643183813444
BNS4795995,5.912092075569772,6.027818930050963,up,1.9574602865101365,2023-09-12,-0.16257371158661194,5.865245218464351
BNS4863550,5.590639693072517,5.9679397192554875,up,6.748780942733459,2023-09-12,-0.3395099324534572,5.62842978680203
BNS4933625,5.848788678414096,5.941938349513083,up,1.5926318460225877,2023-09-12,-0.08232330083436157,5.859615048678721
BNS4998213,5.864828917818739,5.936436358939761,up,1.2209638529004883,2023-09-12,-0.04222983766316446,5.894206521276597
BNS5045194,7.103276000000001,5.949602287542341,down,-16.241431593783773,2023-09-12,100.46224171245765,106.411844
BNS5096218,,no data prior to target date,N/A,N/A,,N/A,5.4961274
BNS5104602,5.998628500000001,5.923282512345134,down,-1.2560535738271967,2023-09-12,-0.11130684567846671,5.811975666666667
BNS5117106,6.181926555555556,5.810523764512182,down,-6.00788100126493,2023-09-12,0.38741073548781735,6.1979345
BNS5139651,5.704601658064516,5.922954088835441,up,3.82765430189579,2023-09-12,-0.2220789824134224,5.700875106422019
BNS5167142,5.485941000000001,5.942556002653375,up,8.323366996717128,2023-09-12,-0.015535413345412863,5.927020589307962
BNS5207572,5.539050333333334,5.860749688509626,up,5.807843146691497,2023-09-12,-0.30737174911568754,5.553377939393939
BNS5207573,5.643724153999999,5.9206493614896925,up,4.906781407688434,2023-09-12,-0.2786445118546572,5.642004849635035
BNS5230337,5.904378373104812,5.956166154567941,up,0.8771081084340524,2023-09-12,-0.17674154422468202,5.779424610343259
BNS5258289,5.588677918625677,5.93085416990851,up,6.122669015196679,2023-09-12,-0.3203998273670745,5.610454342541436
BNS5334012,5.784540033499643,5.942149349684059,up,2.7246646279853435,2023-09-12,-0.06280640231563872,5.8793429473684204
BNS5334014,5.459825,5.859047916131227,up,7.312009379993439,2023-09-12,-0.400888356809193,5.458159559322034
BNS5375297,5.897056500000001,5.960857198615531,up,1.0819075349800427,2023-09-12,-0.13136455681225456,5.829492641803276
BNS5375299,5.516228999999999,5.910309124508577,up,7.144013138478796,2023-09-12,-0.3457641206771589,5.564545003831418
BNS5393007,5.835883384848485,5.942747324707441,up,1.8311527632029794,2023-09-12,-0.07602477421884135,5.8667225504886
BNS5508835,5.893794406619384,5.945044189736956,up,0.8695549858341312,2023-09-12,-0.06460329177777258,5.880440897959184
BNS5531356,5.621852512019231,5.880093136376008,up,4.59351474989199,2023-09-12,-0.2528522146841645,5.627240921691843
BNS5531357,5.68887366451844,5.938265691886509,up,4.383855962974349,2023-09-12,-0.21921874089709448,5.719046950989415
BNS5598906,5.90383106087157,5.954145477957247,up,0.8522333475824188,2023-09-12,-0.023749744838275078,5.930395733118972
BNS5598907,5.572424645196113,5.9118006177879,up,6.090274776247661,2023-09-12,-0.28614000376920856,5.625660614018692
BNSH4975070,5.2958155,5.878911204093152,up,11.010498838057178,2023-09-12,-0.5020412040931514,5.37687
BNSH5059261,5.658495,5.650159474815802,down,-0.1473099328389989,2023-09-12,0.051875525184198246,5.702035
BP4429096,5.16433223998708,5.925844188019833,up,14.74560335480388,2023-09-12,-0.7505542359996307,5.1752899520202025
BP4454322,5.383717823529412,5.909825333345783,up,9.772196966137983,2023-09-12,-0.21976008334578268,5.69006525
BP4542141,5.045978972023262,6.153508884962865,up,21.94876195640432,2023-09-12,-1.0803115560559275,5.073197328906938
BP4700866,5.265591665019763,5.932775844244133,up,12.670640293978536,2023-09-12,-0.6119388452354579,5.320836999008675
BP4700867,5.137052929989125,5.934572500058863,up,15.524846267671721,2023-09-12,-0.8036898143445761,5.130882685714287
BP4763975,5.167998179856114,5.90374883426793,up,14.236666283661508,2023-09-12,-0.7169185035105885,5.186830330757341
BP4775228,5.204008834136217,6.197675982347681,up,19.09426328589999,2023-09-12,-1.0021041778151023,5.1955718045325785
BP4775229,5.261702031041257,6.119379435230931,up,16.300379594470208,2023-09-12,-0.8232660872777142,5.2961133479532165
BP4775233,5.121328414824447,5.918371102037263,up,15.563202018164999,2023-09-12,-0.7060421365954435,5.212328965441819
BP4795980,5.311191830569631,5.995698680546773,up,12.888008413428512,2023-09-12,-0.6632660516042863,5.332432628942486
BP4954257,5.511093017912937,5.706861122437162,up,3.552255494289639,2023-09-12,-0.22068101076840296,5.486180111668759
BP4973636,5.149478061111112,5.882485127907104,up,14.234589566108962,2023-09-12,-0.7166394641747091,5.165845663732395
BP4973639,5.102383346153847,5.913647888924699,up,15.899717597314208,2023-09-12,-0.7961855246259741,5.117462364298725
BP5026512,5.168693588792124,5.887401911117264,up,13.905028610780848,2023-09-12,-0.7068926845107244,5.18050922660654
BP5026513,5.493136675174014,5.659847526718096,up,3.034893566321112,2023-09-12,-0.18083242467727967,5.479015102040816
BP5089834,5.491142168986084,5.658775134542607,up,3.052788662135034,2023-09-12,-0.16182346399997005,5.496951670542637
BP5125397,5.516593326953748,5.544380002513992,up,0.5036926580119656,2023-09-12,0.004019610819341324,5.548399613333333
BP5203198,5.565951,5.751367063924638,up,3.331255771469027,2023-09-12,-0.2045622878052349,5.546804776119403
BP5258951,5.507439,5.631368092366793,up,2.2502127098782725,2023-09-12,-0.14080719824914478,5.490560894117648
BP5337781,5.276021242723117,5.880097907324607,up,11.449473700179928,2023-09-12,-0.5884246681804912,5.2916732391441155
BP5539815,5.6376095645905275,6.05661336058362,up,7.432295393863907,2023-09-12,-0.6285930535136188,5.4280203070700015
BP5585667,5.419084857035024,5.875265711183546,up,8.418042274357639,2023-09-12,-0.4586395056573611,5.4166262055261845
BPL.GE,8.362691666666668,5.8476877502200075,down,-30.074095957302347,2023-09-12,2.41954591644666,8.267233666666668
BPL4162860,6.995949196315487,5.977130293167083,down,-14.562983157238744,2023-09-12,0.9830190401662477,6.960149333333331
BPL4420627,6.978277557692307,5.921483540285978,down,-15.14405250678804,2023-09-12,1.0507111612065598,6.972194701492538
BPL4564181,6.629299138801261,5.9104143911897316,down,-10.84405353506979,2023-09-12,0.7071224607740145,6.617536851963746
BPOP5553240,7.048717033018868,5.9238857176539765,down,-15.9579581659436,2023-09-12,1.1929396731891284,7.116825390843105
BR4921681,5.594114666666667,5.88104830045327,up,5.129205439715746,2023-09-12,-0.18480565383206748,5.696242646621203
BR5180992,5.7717905,5.867744334834127,up,1.6624621914833344,2023-09-12,-0.08584251192918924,5.7819018229049375
BRCM4444485,5.670589900034651,5.9455775043769155,up,4.849365042966415,2023-09-12,-0.25238962126496034,5.693187883111955
BRCM4552469,5.805884,5.935966267565734,up,2.240524742928619,2023-09-12,0.04794751021204391,5.9839137777777776
BRCM4586575,5.94308258984375,5.948508673641531,up,0.09130083110495267,2023-09-12,0.1647990783304225,6.113307751971954
BRCM4594887,5.671403757961783,5.907484021336353,up,4.162642503509821,2023-09-12,-0.20492231958196783,5.7025617017543855
BRK3666689,6.076193472222223,5.836545385505445,down,-3.9440496391753643,2023-09-12,0.2733377696669699,6.109883155172415
BRK3667343,,no data prior to target date,N/A,N/A,,N/A,5.602982
BRK3667939,5.738797427860697,5.819159175672507,up,1.4003238278052772,2023-09-12,-0.05174325412263858,5.767415921549868
BRK3668499,5.237957571428572,5.928063523880935,up,13.17509626684791,2023-09-12,-0.748653657214267,5.179409866666668
BRK3668502,5.620967724637681,5.812880041429299,up,3.414222002208499,2023-09-12,-0.04391704142929864,5.768963
BRK3668508,5.066466910447763,5.900675105297007,up,16.46528457787794,2023-09-12,-0.7062897454560524,5.194385359840955
BRK3668710,5.351294,5.807093792725739,up,8.517562158344115,2023-09-12,-0.4144504593924063,5.392643333333333
BRK3668976,5.662401,5.807292603991628,up,2.5588368607526686,2023-09-12,-0.09032584537093769,5.71696675862069
BRK3669029,4.94843525,5.897765013991934,up,19.184443486290625,2023-09-12,-0.9962670139919343,4.901498
BRK3670171,6.190363581167995,6.125138764673657,down,-1.0536508177445685,2023-09-12,0.020339189286739945,6.1454779539603965
BRK3670460,5.315284666666667,5.802482285309091,up,9.165974151821993,2023-09-12,-0.45805407505268025,5.344428210256411
BRK3671053,6.065522974424553,5.813527387136461,down,-4.1545566367589135,2023-09-12,0.24475030555694843,6.05827769269341
BRK3671150,6.004505653333331,5.799260261884289,down,-3.4181896612105453,2023-09-12,0.21770894707093635,6.016969208955225
BRK3671296,5.878885833333334,5.804928153182224,down,-1.2580220512494034,2023-09-12,0.06605659681777709,5.870984750000001
BRK3671774,6.210331054977712,5.8048362570203995,down,-6.529358811432444,2023-09-12,0.3622421299005838,6.167078386920983
BRK3672055,6.0772575,5.794692594827729,down,-4.649546364824449,2023-09-12,0.12669900257486866,5.9213915974025975
BRK3673877,6.197290987951806,5.792192707456753,down,-6.5366993623925,2023-09-12,0.3638893615087646,6.156082068965517
BRK3674677,6.226741404210029,5.850472889371219,down,-6.042783703598265,2023-09-12,0.38992151619048876,6.240394405561708
BRK3677309,5.1921112321428575,5.773130018984784,up,11.190414859470016,2023-09-12,-0.5996227557031668,5.173507263281617
BRK3682919,5.461981,5.765938279595364,up,5.564964059658286,2023-09-12,-0.281420316062138,5.484517963533226
BRK3684956,5.499152024825662,5.815956291849377,up,5.760965792426117,2023-09-12,-0.36487951290200815,5.451076778947368
BRK3685052,5.920059666666667,5.763054019571435,down,-2.6520956871307266,2023-09-12,0.25257655275560875,6.015630572327043
BRK3687309,5.108823875000001,5.899442477654966,up,15.47555018531472,2023-09-12,-0.8314055887660778,5.068036888888888
BRK3687313,5.585031999999999,5.857013212790794,up,4.869823714363589,2023-09-12,-0.24279525279079284,5.614217960000001
BRK3691560,6.052929142857145,5.757932913103309,down,-4.873611152411239,2023-09-12,0.24967139796140891,6.007604311064718
BRK3691814,5.488979414414414,5.755081812768176,up,4.847939448542283,2023-09-12,-0.2514816920392473,5.503600120728929
BRK3695459,5.508590999999999,5.8029552484611,up,5.343730337959389,2023-09-12,-0.31706924846109885,5.485886000000001
BRK3700992,6.4159380601851845,5.8000591552103,down,-9.599202785276088,2023-09-12,0.6187554789360421,6.418814634146342
BRK3701963,5.260488038327526,5.866976733167595,up,11.529133616904705,2023-09-12,-0.39373913949822725,5.473237593669368
BRK3701964,5.710055858974358,5.906543663917845,up,3.441083761635573,2023-09-12,-0.23825039085035282,5.668293273067492
BRK3704107,5.724245464285715,5.8910382372936985,up,2.913794910589089,2023-09-12,-0.16973240901087028,5.721305828282828
BRK3704690,6.569154,5.926119444239121,down,-9.78869662304886,2023-09-12,-0.18887277757245435,5.737246666666667
BRK3706294,5.961188311258278,5.837348853718942,down,-2.0774290472497374,2023-09-12,0.05702609039870499,5.894374944117647
BRK3706507,4.812955,5.829680955139654,up,21.124775842276826,2023-09-12,-1.0497209551396542,4.77996
BRK3826243,5.556134999999999,5.745109357391042,up,3.401183689579951,2023-09-12,-0.19606335739104264,5.549046
BRK3853620,5.194170373913043,5.744900391902149,up,10.602848546421704,2023-09-12,-0.5440923680926257,5.200808023809524
BRK3890842,5.559828,5.740713979800019,up,3.253445606591046,2023-09-12,-0.21628787508797664,5.524426104712043
BRK3951471,5.873408463255814,5.760476411146053,down,-1.922768573244419,2023-09-12,0.13601508885394686,5.8964915
BRK3951472,6.029790429942418,5.7858597012375865,down,-4.04542631355035,2023-09-12,0.35061475330786784,6.136474454545454
BRK3951473,6.059498195762405,5.965248363250438,down,-1.5554065611881727,2023-09-12,0.08641163674956154,6.051659999999999
BRK3963113,5.111794718281718,5.768370938108265,up,12.84433855448813,2023-09-12,-0.6819839743073599,5.086386963800905
BRK3978237,5.538359070945946,5.758674011001044,up,3.977982236848149,2023-09-12,-0.22241001100104452,5.536263999999999
BRK4005090,5.290211883541039,5.7710282182149655,up,9.08879162609436,2023-09-12,-0.47779207960110437,5.293236138613861
BRK4040458,5.575206,5.729219291540226,up,2.762468176785335,2023-09-12,-0.18572429154022618,5.543495
BRK4050928,5.7893810000000006,5.738375562461824,down,-0.881017116306153,2023-09-12,0.05946259944293786,5.797838161904762
BRK4104291,5.8661414855967084,5.957588320441077,up,1.5588924179360495,2023-09-12,-0.06553133265748201,5.892056987783595
BRK4104295,5.512339382978722,5.723096204886556,up,3.8233644060200427,2023-09-12,-0.2110016513151285,5.512094553571427
BRK4106243,5.7760985,5.94893951899065,up,2.9923488837776913,2023-09-12,-0.27365224215449135,5.675287276836158
BRK4113868,5.658960820987654,5.951637787349316,up,5.171920704525769,2023-09-12,-0.13236324304551683,5.819274544303799
BRK4113869,5.718826,5.720176134128185,up,0.02360858903882387,2023-09-12,0.05911786587181478,5.779294
BRK4122286,5.922960591836734,5.737634255568719,down,-3.1289476503260785,2023-09-12,0.2027137627636284,5.940348018332347
BRK4154070,5.704222078886311,6.014461364452256,up,5.438765904894701,2023-09-12,-0.2311586692237615,5.783302695228494
BRK4154072,5.530473800000001,5.719488333489028,up,3.4176915093427707,2023-09-12,-0.17331149294848736,5.54617684054054
BRK4189996,5.737350574468085,5.975669488666767,up,4.15381474611698,2023-09-12,-0.23163495977009418,5.744034528896673
BRK4189997,5.925153338179036,5.749592854606437,down,-2.962969455007445,2023-09-12,0.20255370141015927,5.952146556016596
BRK4219399,5.517954233987412,5.741577289661696,up,4.052644262558302,2023-09-12,-0.2482270218045537,5.493350267857142
BRK4219401,5.424902333333334,6.103473343782633,up,12.508446581237356,2023-09-12,-0.725024380209013,5.37844896357362
BRK4254471,5.294162121212121,5.9376749942525535,up,12.155141046060319,2023-09-12,-0.6594012832259368,5.278273711026617
BRK4259426,5.611499900783292,5.937417160374561,up,5.808023974940731,2023-09-12,-0.30713888189354766,5.630278278481013
BRK4278974,5.269608911764707,5.940855925911019,up,12.738080289937912,2023-09-12,-0.6605265011089081,5.280329424802111
BRK4278975,5.560378,5.739338673537212,up,3.2184983383721715,2023-09-12,-0.18538978877884826,5.553948884758364
BRK4297304,5.733125986394559,5.725814731389127,down,-0.12752650164644797,2023-09-12,0.01877175641575146,5.744586487804878
BRK4343189,4.939380644501279,5.934207132869532,up,20.1407131777895,2023-09-12,-0.9165499355479474,5.017657197321585
BRK4362687,5.410886274193549,5.973015022442888,up,10.388847958796166,2023-09-12,-0.4817234495952052,5.4912915728476825
BRK4386926,5.898128657275512,6.22930819052909,up,5.6149933732804955,2023-09-12,-0.34517168763891704,5.884136502890173
BRK4395574,5.972987937581276,5.721506249717718,down,-4.210316352411622,2023-09-12,0.25506694053750145,5.97657319025522
BRK4396197,5.503462,5.822236534030683,up,5.792254657716963,2023-09-12,-0.3296503759110241,5.492586158119659
BRK4417679,5.538258924528302,5.924823478045278,up,6.979893117761737,2023-09-12,-0.3946996022367397,5.530123875808538
BRK4447367,5.227102358870969,5.9296747694140555,up,13.440953750422427,2023-09-12,-0.7488244479854833,5.180850321428572
BRK4447368,5.663221000000001,5.688141113588278,up,0.44003427710621357,2023-09-12,-0.002790157705925722,5.6853509558823525
BRK4583570,5.934930052208836,5.680746197385935,down,-4.28284499710826,2023-09-12,0.2634211776140649,5.944167375
BRK4593434,5.605273,5.675775157240771,up,1.257782756357646,2023-09-12,-0.00023615724077163947,5.675539
BRK4605930,5.452006,5.676303818634207,up,4.1140420357976035,2023-09-12,-0.18444231863420857,5.491861499999999
BRK4620963,5.3354777168602325,5.916484075264855,up,10.889490861682907,2023-09-12,-0.5217068551482376,5.394777220116618
BRK4641250,5.226404428571428,5.895614266434204,up,12.804402089596731,2023-09-12,-0.6218758786205836,5.27373838781362
BRK4654764,6.284558551643192,5.676746556910953,down,-9.671514550108173,2023-09-12,0.6354913679716763,6.31223792488263
BRK4660502,5.442293,5.671124860913772,up,4.204695721339734,2023-09-12,-0.19728067909558966,5.473844181818182
BRK4664849,5.305107568160151,5.697908478110911,up,7.404202552050901,2023-09-12,-0.42366885417928657,5.274239623931624
BRK4780186,5.986663537766831,5.683409979858105,down,-5.065485240579378,2023-09-12,0.2946498849437589,5.978059864801864
BRK4785254,5.29627226201002,5.688790068904442,up,7.411209006567487,2023-09-12,-0.3928480551853841,5.295942013719058
BRK4785879,5.256378396907216,5.895894528516886,up,12.166478196964515,2023-09-12,-0.6440708324682536,5.251823696048632
BRK4785880,5.679679105606258,5.672912385388359,down,-0.1191391290261473,2023-09-12,0.044243887338914156,5.717156272727273
BRK4792521,5.355429593220339,5.893443494219717,up,10.046139000323572,2023-09-12,-0.5203800851288083,5.373063409090909
BRK4803184,5.504409619047619,5.890022539938215,up,7.005527342227761,2023-09-12,-0.3540191399382149,5.5360034
BRK4803185,6.330604,5.659113299640859,down,-10.607055825307361,2023-09-12,0.7092239860734262,6.3683372857142855
BRK4893149,5.616785,5.656407999740662,up,0.7054391389498138,2023-09-12,-0.03427027246793468,5.622137727272728
BRK4943451,5.9152695,5.657917294925914,down,-4.3506420979481275,2023-09-12,0.23420870507408598,5.892126
BRK4962213,4.8759082000000005,5.8830934290182775,up,20.656361598815106,2023-09-12,-1.0468180540182779,4.836275375
BRK4974264,5.32984,5.646793349241988,up,5.946770432920839,2023-09-12,-0.29692634924198824,5.349867
BRK4974304,5.7026753333333335,5.876170280049985,up,3.0423430508578524,2023-09-12,-0.16943700595197608,5.706733274098009
BRK4974305,6.0885662,5.6463169857511515,down,-7.263601966729841,2023-09-12,0.5238354415744304,6.170152427325582
BRK5057801,5.286003762711864,5.654007311407541,up,6.961848027646511,2023-09-12,-0.346416063404984,5.307591248002557
BRK5057850,4.897139856603773,5.87668051019171,up,20.00230098119477,2023-09-12,-1.1037595101917104,4.772920999999999
BRK5106948,5.122999,5.648064763094872,up,10.24918730405515,2023-09-12,-0.4000701284447308,5.247994634650142
BRK5107863,5.862572273658237,5.700268273523115,down,-2.7684775992338335,2023-09-12,0.18902414228444542,5.88929241580756
BRK5107864,5.449487768681319,5.881259961773223,up,7.923170239473447,2023-09-12,-0.42657547790225525,5.454684483870968
BRK5107865,5.3437512532336875,5.93314794852047,up,11.02964317304475,2023-09-12,-0.5539241456322008,5.379223802888269
BRK5107866,5.846583204250102,5.730907919152698,down,-1.9785108850125515,2023-09-12,0.1325723486288215,5.86348026778152
BRK5107867,5.880707959079284,5.783575231619675,down,-1.651718264799124,2023-09-12,0.06771847060854874,5.851293702228224
BRK5107868,5.447684651023562,5.910417375415045,up,8.494117299989826,2023-09-12,-0.45825723657740625,5.452160138837638
BRK5127800,5.39742312195122,5.869646719517562,up,8.749056483006086,2023-09-12,-0.435603662592416,5.434043056925146
BRK5127804,5.43390079138756,5.884206216252464,up,8.286964413826126,2023-09-12,-0.4277762916293497,5.456429924623114
BRK5127805,5.632439322188449,5.942818420744861,up,5.510562667469913,2023-09-12,-0.3380403580142346,5.6047780627306265
BRK5147453,5.70525034318555,5.64804374957551,down,-1.0027008486729887,2023-09-12,0.06564843335131965,5.713692182926829
BRK5159058,5.350241,5.641488787941088,up,5.443638668633594,2023-09-12,-0.2922408001263035,5.349247987814785
BRK5217479,6.025251000000001,5.639271061889794,down,-6.406039152729191,2023-09-12,0.37774693811020654,6.017018
BRK5225032,5.5504975,5.664618627817513,up,2.056052233471197,2023-09-12,-0.07796462781751323,5.586653999999999
BRK5313348,5.235331276243094,5.633499121927894,up,7.6053992512681665,2023-09-12,-0.3600459680817396,5.273453153846154
BRK5375242,4.739718238390094,5.917836695942501,up,24.856297321854516,2023-09-12,-1.1311975134712364,4.786639182471265
BRK5375243,4.895649471819645,5.8876817202293,up,20.263547341777514,2023-09-12,-0.9663809567141488,4.921300763515151
BRK5375244,5.395852470869912,5.663507167320006,up,4.960378325668778,2023-09-12,-0.27475060095291326,5.388756566367093
BRK5399717,5.971240666666667,5.648022073690179,down,-5.4129218870844475,2023-09-12,0.3684185476201147,6.016440621310294
BRK5422661,5.3264395,5.629974241811728,up,5.698642438569471,2023-09-12,-0.2833717254876644,5.346602516324063
BRK5455546,6.349860333333333,5.662030108878398,down,-10.832210290424781,2023-09-12,0.6493761411216017,6.31140625
BRK5477235,5.682627290322581,5.890680455486278,up,3.6612143386212854,2023-09-12,-0.2790614554862776,5.611619
BRK5491219,5.936741,5.623822010098863,down,-5.270888352736575,2023-09-12,0.36890737164387577,5.9927293817427385
BRK5508406,6.405079113960867,5.701089337318412,down,-10.991117582107611,2023-09-12,0.767226914215331,6.468316251533743
BRK5588226,6.479802668603762,5.648074515481468,down,-12.83570188259314,2023-09-12,0.8422115095640104,6.490286025045479
BRK5598773,5.45283149960268,5.661710963836029,up,3.830660533863354,2023-09-12,-0.21815259331613124,5.443558370519898
BRK5647206,5.314580574592074,5.887685783454661,up,10.783639476697122,2023-09-12,-0.5754418763617553,5.312243907092906
BRK5647207,5.7108985015519105,5.872434286033424,up,2.8285528877394106,2023-09-12,-0.1547098359815111,5.717724450051913
BRO4164419,6.1873103333333335,5.945007037523036,down,-3.916132903580415,2023-09-12,0.2206816866148955,6.165688724137931
BRO5047921,5.866079,5.8718242748093115,up,0.0979406313708257,2023-09-12,-0.014786469179284722,5.857037805630027
BRO5379426,5.9251890814249375,5.8649083980581995,down,-1.0173630332863772,2023-09-12,0.07382034951461591,5.938728747572815
BRO5379427,6.197510289272031,5.653500913703537,down,-8.7778696634063,2023-09-12,0.635557505697192,6.289058419400729
BRX4202491,6.395569,5.94067234947118,down,-7.112684587232502,2023-09-12,0.6653506505288203,6.606023
BRX4370447,6.285865,5.947458889901232,down,-5.383604485600125,2023-09-12,0.3774101100987677,6.324869
BRX4462617,6.191431,5.916872068622534,down,-4.434498767368411,2023-09-12,0.40012493137746574,6.316997
BRX4831714,6.165613,5.89867463071303,down,-4.329470067079617,2023-09-12,0.28773157596812116,6.186406206681151
BRX4999453,5.95592165761258,5.919035665667083,down,-0.6193162715354252,2023-09-12,0.042373759174952674,5.961409424842036
BRX5239165,6.075466257486607,5.994618943053395,down,-1.330717857803683,2023-09-12,0.11784641746162539,6.112465360515021
BSIG4860512,6.958341073394496,5.927808623443703,down,-14.810030711071013,2023-09-12,0.7672934106859906,6.695102034129693
BSWI5112415,5.622979056603773,5.932654389866444,up,5.507317920719985,2023-09-12,-0.11479438986644475,5.81786
BSWI5112417,5.379041,5.652128756521134,up,5.076885573490405,2023-09-12,-0.2800074886639905,5.3721212678571435
BSX.GE,5.5989324,5.824142474595467,up,4.022375312041047,2023-09-12,-0.1375174667829686,5.6866250078124985
BSX4800731,6.255960006315788,5.967360854671257,down,-4.613187286254581,2023-09-12,0.24259109385815414,6.209951948529411
BSX4801033,5.6040185,5.827355434562548,up,3.9852997373678907,2023-09-12,-0.19947143456254768,5.627884
BSX4988126,5.352506028459274,5.909958932137575,up,10.414801977136012,2023-09-12,-0.5665408552144982,5.343418076923077
BSY5361055,2.0007687142857145,5.930749520035888,up,196.42354349554083,2023-09-12,-4.320451973980699,1.6102975460551885
BT3668411,6.075902411094961,6.01390412721017,down,-1.0203963080706935,2023-09-12,0.07870968730596228,6.092613814516132
BT4774225,5.752388,5.900059377719998,up,2.5671317324213576,2023-09-12,-0.116721205306205,5.783338172413793
BTI3694751,7.494494,5.757150642223245,down,-23.181596486390617,2023-09-12,1.5156520244434217,7.272802666666666
BTI3922489,6.9776995,5.742341354440389,down,-17.704375855675803,2023-09-12,1.2610883122262786,7.003429666666667
BTI4050932,6.987643457038391,5.735716090440932,down,-17.916302889444648,2023-09-12,1.2689758986895017,7.004691989130434
BTI4050937,5.838150652173913,5.958177016685567,up,2.0558970068194546,2023-09-12,26.647265183314424,32.60544219999999
BTI4257503,7.127211451895043,5.713136563555246,down,-19.84050701854526,2023-09-12,1.4543276255596531,7.167464189114899
BTI4257508,5.895377681903335,5.952619211258214,up,0.9709561022797427,2023-09-12,-0.009961889829643411,5.9426573214285705
BTI4322967,7.378919207011687,5.75989801891378,down,-21.94116973878046,2023-09-12,1.6270850238636552,7.386983042777435
BTI4322991,7.49948125,5.77078716782767,down,-23.050848779338295,2023-09-12,1.4856758779239634,7.256463045751634
BTI4770944,6.995958605263157,5.689385844853398,down,-18.676107652020786,2023-09-12,1.3284263473607147,7.017812192214112
BTI4772570,6.8434494677419355,5.809519512624101,down,-15.108315769576214,2023-09-12,1.0552071613979637,6.864726674022065
BTI4772631,5.817837238442824,5.927259530697065,up,1.880807038244492,2023-09-12,-0.09182257151339268,5.835436959183673
BTI4773079,5.995090914517097,6.003035832301751,up,0.13252372479315008,2023-09-12,-0.05351620960626491,5.949519622695486
BTI4880263,5.816186,5.946666902009186,up,2.243410063041071,2023-09-12,0.03798709170150616,5.984653993710692
BTI4880267,5.75700432236842,5.930103551039183,up,3.006758706054787,2023-09-12,-0.10442192847953002,5.825681622559653
BTI4880268,6.995368575757575,5.669658379395406,down,-18.95125584885424,2023-09-12,1.3580499539379272,7.027708333333333
BTI4972515,5.823811,5.920630286215777,up,1.6624730132172436,2023-09-12,-0.06343553535072566,5.857194750865052
BTI4972516,7.069960696202532,5.661506239299049,down,-19.921673081718858,2023-09-12,1.398764504886997,7.060270744186046
BTI4972585,6.138292867830425,5.886469747062397,down,-4.102494393641323,2023-09-12,0.3321895119829037,6.2186592590453005
BTI5050054,5.931433871434939,5.932010287625537,up,0.009717990676319717,2023-09-12,0.04305091129793581,5.9750611989234725
BTI5050055,6.381795037485243,5.89225459631803,down,-7.67088943301628,2023-09-12,0.5040358724319711,6.396290468750001
BTI5050056,6.856047,5.767843721515419,down,-15.872167715369823,2023-09-12,1.1005399715952278,6.868383693110647
BTI5050057,6.823549545727137,5.658230028700548,down,-17.077908047964634,2023-09-12,1.164292971299452,6.822523
BTI5050072,5.872774053285967,5.932682274189551,up,1.0201008988258846,2023-09-12,0.005767195614370557,5.938449469803921
BTI5379561,7.104124,5.638248450983404,down,-20.634149249317655,2023-09-12,1.4724635533066879,7.110712004290092
BTI5379562,5.912051258169935,5.9142587653706995,up,0.0373391079401378,2023-09-12,0.026672395343586786,5.940931160714286
BTI5379563,6.276464666666667,5.863821501773043,down,-6.574452128841054,2023-09-12,0.47314659017550476,6.336968091948548
BTI5491042,6.603283674418604,5.8573724422097175,down,-11.296065245516825,2023-09-12,0.7752692761554911,6.632641718365209
BTI5626664,6.379832994289898,5.957129242100331,down,-6.625624096553888,2023-09-12,0.4565601686139553,6.413689410714286
BTI5626665,6.581553243515755,5.931391915089762,down,-9.878539371637562,2023-09-12,0.6495942412316573,6.580986156321419
BTI5626666,7.259535140629618,5.810594811113145,down,-19.959133766116143,2023-09-12,1.429565971205455,7.2401607823186
BTI5626667,7.267331019439905,5.8210687189285,down,-19.900872777677172,2023-09-12,1.453147440187145,7.274216159115645
BTI5627009,6.137462776763486,5.9111985661346,down,-3.6866082754183815,2023-09-12,0.25367333783891066,6.164871903973511
BUD.GT,5.555226289473682,5.89513439265821,up,6.118708500292826,2023-09-12,-0.4438624396065656,5.451271953051644
BUD.GZ,,no data prior to target date,N/A,N/A,,N/A,5.601583999999999
BUD.IE,5.95302,5.791828825068984,down,-2.707721037910438,2023-09-12,0.18933817493101568,5.981167
BUD.JB,5.627602,5.78690063007184,up,2.8306662424215454,2023-09-12,-0.11592440026595519,5.670976229805885
BUD.JC,5.782497500000001,5.879607777215863,up,1.6793829520179215,2023-09-12,-0.08339277721586225,5.796215000000001
BUD3876842,5.395796600000001,5.74784685780972,up,6.524527959592093,2023-09-12,-0.47757585780972,5.270271
BUD4327587,5.399009512875535,5.8276552127807575,up,7.93933959336411,2023-09-12,-0.4229582687549218,5.404696944025836
BUD4327588,5.587895177285319,5.713687137354241,up,2.251151034118597,2023-09-12,-0.10057638173422667,5.613110755620014
BUD4436883,5.456035999999999,5.75479479876168,up,5.4757483044774835,2023-09-12,-0.30863170967966,5.44616308908202
BUD4526592,5.469017,5.733585082233014,up,4.837580176346386,2023-09-12,-0.23636508223301345,5.49722
BUD4612344,5.484975460669177,5.708314567311272,up,4.0718341995070215,2023-09-12,-0.2168370548887406,5.491477512422532
BUD4612346,5.584776333333332,5.570921748453896,down,-0.24807770360906378,2023-09-12,-0.035374248453896584,5.5355475
BUD4612348,5.0659520397515525,5.96618163569528,up,17.770195787086,2023-09-12,-0.8658858043204782,5.100295831374802
BUD4787260,5.648974,5.573505945593208,down,-1.3359603780578886,2023-09-12,0.04836833616625036,5.6218742817594585
BUD4787261,5.477661559322034,5.788799880568852,up,5.680130432982184,2023-09-12,-0.29210431651085766,5.496695564057994
BUD4787262,5.512899387398629,5.853704936416205,up,6.181965696609453,2023-09-12,-0.32911108660016364,5.524593849816041
BUD4787263,5.083788274551214,5.962583295651952,up,17.28622384806764,2023-09-12,-0.8491838253312789,5.113399470320673
BUD4787264,5.002670938505125,5.943745738056157,up,18.81144714731606,2023-09-12,-0.9234928404790645,5.020252897577093
BUD4835362,5.590791601014623,6.194812032277224,up,10.803844506616606,2023-09-12,-0.6005854345767787,5.5942265977004455
BUD4835363,5.3209482811643385,6.018194998079133,up,13.103805563812438,2023-09-12,-0.6656151524581535,5.35257984562098
BUD4835364,5.35558838377107,5.877427517027969,up,9.743824503731789,2023-09-12,-0.5163832360084317,5.361044281019537
BUD4973374,5.125092525557232,5.950759529988371,up,16.11028484488419,2023-09-12,-0.8154875081155071,5.135272021872864
BUD4973375,5.461455082644629,5.900311218957569,up,8.035516719848776,2023-09-12,-0.4488706049224822,5.451440614035087
BUD4973376,5.4082254999999995,5.659932055670508,up,4.654143131984942,2023-09-12,-0.21566333333043097,5.444268722340077
BUD4973377,5.566001,5.584368551541198,up,0.3299954768459091,2023-09-12,-0.01815874480597124,5.566209806735227
BURL5179963,0.6834882229388672,6.0214961281071115,up,780.9948622400314,2023-09-12,-4.519324377721959,1.5021717503851528
BWA.GC,5.442695,5.901131955631163,up,8.422977139655325,2023-09-12,-0.6761459556311635,5.2249859999999995
BWA4221001,6.2742775073529415,5.7214550829783795,down,-8.810933589193326,2023-09-12,0.556576014108999,6.2780310970873785
BWA5002624,5.656912989488028,5.94585230481989,up,5.107720692695543,2023-09-12,-0.2897691332137713,5.656083171606118
BX4326912,5.966893166236003,5.949923090539677,down,-0.28440388026975855,2023-09-12,0.051486073385762054,6.001409163925439
BX4486278,5.725178171611868,5.934543306009844,up,3.6569191057862,2023-09-12,-0.20152475617061416,5.73301854983923
BX4493564,6.1876634764595115,5.969280231739208,down,-3.52933293077631,2023-09-12,0.21987900976982022,6.189159241509028
BX4494989,5.8695439892008645,5.954470948939301,up,1.4469089914768545,2023-09-12,-0.06990823281026959,5.8845627161290315
BX4513878,5.66087493670886,5.914763913132045,up,4.484977662671907,2023-09-12,-0.2187339131320467,5.696029999999999
BX4582821,5.557843425925926,5.94762556216088,up,7.01319030357566,2023-09-12,-0.36128601850029707,5.586339543660583
BX4996963,6.149595247599724,6.117922603090898,down,-0.5150362460226715,2023-09-12,0.06724253022043669,6.185165133311335
BX5052554,5.5736659094265315,6.027006259685302,up,8.133611838701219,2023-09-12,-0.4186807636598653,5.6083254960254365
BX5140709,5.72595418907563,5.886630075727735,up,2.806098011727958,2023-09-12,-0.14332909514061232,5.743300980587122
BX5217162,6.132129329912022,5.937351340963823,down,-3.176351614081068,2023-09-12,0.19583404965294005,6.133185390616763
BX5218423,7.114393112525118,5.9347898616572,down,-16.580518284703558,2023-09-12,1.2246890445928011,7.159478906250001
BX5313723,6.151971768718017,5.959457560633339,down,-3.129309030050942,2023-09-12,0.1888641253873713,6.148321686020711
BX5391241,4.830671554754644,5.817671671657435,up,20.43194420724641,2023-09-12,-0.9922953468840205,4.825376324773415
BX5424704,7.165480557768926,5.928892508816707,down,-17.257573152040592,2023-09-12,1.2851464911832924,7.214039
BX5424705,7.04940732248521,5.9131360374359865,down,-16.118678252920702,2023-09-12,1.133700422741005,7.0468364601769915
BX5428352,6.062698553652168,5.9540240532817,down,-1.7925103715572654,2023-09-12,0.1596981414575911,6.1137221947392915
BX5462579,7.215879373499143,5.9135029736828555,down,-18.04875514686903,2023-09-12,1.3555001172262342,7.26900309090909
BX5462628,6.670867969863013,5.9453507743026135,down,-10.875903987877884,2023-09-12,0.7573246250584083,6.702675399361022
BX5462632,6.873256441370222,5.949675256191059,down,-13.437315965982524,2023-09-12,0.8623461531112682,6.812021409302327
BX5462650,6.803952014619884,5.949039229117116,down,-12.56494436859324,2023-09-12,0.8012602240078843,6.750299453125001
BX5462660,7.456412804407713,5.925316328515618,down,-20.533955348971794,2023-09-12,1.6291242922288935,7.554440620744511
BX5463667,6.768124520946278,5.960620736190933,down,-11.930982981418985,2023-09-12,0.6368813070926507,6.597502043283583
BX5463686,7.572841888461539,5.926999286716267,down,-21.733486925865733,2023-09-12,1.6166380698092295,7.543637356525497
BX5577587,6.727538327767176,5.984543660525316,down,-11.044079290863813,2023-09-12,0.7156441957941562,6.700187856319472
BX5644912,5.971325,5.80405987677551,down,-2.801139164665976,2023-09-12,0.15793877839690484,5.9619986551724145
BXMT5386837,9.0401265,5.923219227623113,down,-34.4785802762482,2023-09-12,2.8403239390435537,8.763543166666667
BXP4020268,6.415470853902954,5.998797329120353,down,-6.494823751387021,2023-09-12,0.46316873875294995,6.461966067873303
BXP4326498,6.3667605075376885,5.940675383920704,down,-6.692337855531664,2023-09-12,0.5039946450648038,6.444670028985508
BXP4392360,6.4794853575429405,5.986442513736045,down,-7.609290192050996,2023-09-12,0.48435804249495895,6.470800556231004
BXP4567580,6.459848415384614,5.9639661797088594,down,-7.676375725702381,2023-09-12,0.49286242710228656,6.456828606811146
BXP4768044,6.395229580645161,5.9083981775022805,down,-7.612414800811078,2023-09-12,0.5163080943000455,6.424706271802326
BXP4846298,6.580761284482759,5.902644627184029,down,-10.304532074392506,2023-09-12,0.7135650700828631,6.616209697266892
BXP4983781,6.7409065087164555,6.012428479981721,down,-10.806825874127796,2023-09-12,0.6644306502964161,6.676859130278137
BXP5142398,6.571749,5.866839833663753,down,-10.72635559173436,2023-09-12,0.7483144566588278,6.615154290322581
BXP5260055,6.63548029838289,5.8911108134001635,down,-11.218019668661128,2023-09-12,0.725924186599836,6.617035
BXP5500537,6.253558720279722,5.916184489821942,down,-5.39491584789484,2023-09-12,0.4463947681662246,6.362579257988166
BXP5583496,6.709552752565565,5.849986849838871,down,-12.811076004999256,2023-09-12,0.8963990878773904,6.746385937716261
BYD5015631,6.571643319441156,6.008217119958697,down,-8.573596771688026,2023-09-12,0.6204807038298465,6.628697823788544
BYTG4921237,6.5714434,5.951892768880906,down,-9.427923112281453,2023-09-12,0.780346431119094,6.7322391999999995
BYTG5107542,5.482369,5.935329668802885,up,8.262133920626011,2023-09-12,0.5066940566873104,6.442023725490196
BZH4593405,7.707467581613507,5.927346816575431,down,-23.096052577433213,2023-09-12,1.767570291858303,7.694917108433734
BZH4959604,7.9587571052631585,5.893979752294603,down,-25.943464860902832,2023-09-12,2.250608865728015,8.144588618022619
C.ANU,5.875256,5.784579044697188,down,-1.543370285529893,2023-09-12,0.06300620530281176,5.84758525
C.GMA,6.119326404596861,5.939709412053007,down,-2.935241244999198,2023-09-12,0.1985783015163145,6.138287713569322
C.HCV,6.031225677804294,5.871136405397407,down,-2.6543406093397595,2023-09-12,0.10401159974398055,5.975148005141388
C.HED,5.620314666666667,5.835217291760686,up,3.8236760366564058,2023-09-12,0.399417708239314,6.234635
C.HFK,6.2722483333333345,5.7992333288327576,down,-7.541394717852268,2023-09-12,0.42766900450057665,6.226902333333334
C.HFV,5.933038170616114,5.787434874729445,down,-2.4541102163775426,2023-09-12,0.16038512208076305,5.947819996810208
C.ZZH,5.979584268656717,5.86691013730065,down,-1.8843137966409023,2023-09-12,0.1582388869106479,6.025149024211298
C3715806,5.3021536,5.948564591143269,up,12.191479913808404,2023-09-12,-0.6615115911432685,5.287053
C3715807,5.674271333333332,5.944618596444848,up,4.764440176192669,2023-09-12,0.012631836888484571,5.957250433333333
C3715809,5.336191296296296,5.928205517592805,up,11.094321556789199,2023-09-12,-0.6076423974004976,5.320563120192308
C3715810,6.447626666666667,5.127603993487888,down,-20.47300101916745,2023-09-12,1.2475922311497927,6.375196224637681
C4049496,5.91046017756777,6.0517404030923005,up,2.39034222852457,2023-09-12,-0.14415996591440816,5.907580437177892
C4049922,6.380148670146137,5.764229455938175,down,-9.653681223604696,2023-09-12,0.6538291634166642,6.418058619354839
C4062481,5.836510347905135,6.513718304247215,up,11.60295991910897,2023-09-12,-0.6520831179884938,5.861635186258721
C4122310,6.220604,5.730344779307092,down,-7.881215725883009,2023-09-12,0.4941890616020004,6.224533840909093
C4134004,5.435910100591716,5.962014321333381,up,9.678309813924203,2023-09-12,-0.271465785017285,5.690548536316096
C4150065,6.039948610850439,6.047293208467528,up,0.12160033288850791,2023-09-12,0.008077772101896308,6.055370980569425
C4168248,,no data prior to target date,N/A,N/A,,N/A,5.77259
C4184479,5.893010801271423,6.027453331845559,up,2.281389515612808,2023-09-12,-0.058765607086717075,5.968687724758842
C4224375,5.988688901276596,5.9712479586808636,down,-0.29123140111711016,2023-09-12,0.12045271793555923,6.091700676616423
C4236698,5.69042757906741,6.0101726153657715,up,5.618998429477667,2023-09-12,-0.2987724466192381,5.7114001687465334
C4255289,5.972078358996878,6.171712564330968,up,3.3427927989816615,2023-09-12,-0.19574057567682157,5.9759719886541465
C4271656,5.907890128205127,5.72548405213733,down,-3.0874994644359357,2023-09-12,0.20066391818841733,5.926147970325747
C4292071,5.862360169622367,6.024051092227071,up,2.758119902672584,2023-09-12,-0.13986339983877016,5.884187692388301
C4325406,5.7171847154195,5.965753769645056,up,4.347752724433664,2023-09-12,-0.15669651921327787,5.809057250431779
C4341022,5.8706438112244905,5.956403122149037,up,1.460816116293374,2023-09-12,-0.09698055009344309,5.859422572055594
C4358614,5.775463707441387,5.954865326199227,up,3.1062721167599108,2023-09-12,-0.1891067371114854,5.765758589087741
C4363103,6.208129285714286,5.714327505982643,down,-7.954115595948437,2023-09-12,0.5738986266653425,6.288226132647986
C4368295,5.880496323529412,5.822043185344074,down,-0.9940170857934482,2023-09-12,-0.17945833410440404,5.64258485123967
C4384585,5.825279136291601,5.992708258422033,up,2.8741819612959785,2023-09-12,-0.08784499901695852,5.904863259405074
C4398947,,no data prior to target date,N/A,N/A,,N/A,6.020735999999999
C4415920,5.728280302729528,5.982102962553631,up,4.43104468374489,2023-09-12,-0.23898456020189318,5.743118402351738
C4429611,5.750082,5.7592097796642205,up,0.1587417303652474,2023-09-12,-0.1494213796642203,5.6097884
C4432866,5.950944,5.816056501327488,down,-2.2666571668715445,2023-09-12,0.025686332005846246,5.841742833333334
C4460233,5.992787,5.756910693250387,down,-3.9360035113814753,2023-09-12,0.10110310674961376,5.858013800000001
C4523029,5.917823,5.807716997394028,down,-1.8605828968857696,2023-09-12,0.10560191271833208,5.91331891011236
C4656657,5.812849427394886,5.736019512976831,down,-1.3217255216687536,2023-09-12,0.06610684872529582,5.802126361702127
C4788607,5.860314930232558,5.966556467862568,up,1.8128980932735232,2023-09-12,-0.1884080431399049,5.778148424722663
C4866007,5.979392105263158,5.875701747900358,down,-1.7341287464913053,2023-09-12,0.1072352520996418,5.982937
C4911283,,no data prior to target date,N/A,N/A,,N/A,6.289778285714285
C4914383,5.991516200000001,5.897000845078033,down,-1.577486428593293,2023-09-12,0.2040591549219677,6.10106
C4944432,6.219998,5.838850032235961,down,-6.127782802567445,2023-09-12,0.4395704565819294,6.278420488817891
C4956642,,no data prior to target date,N/A,N/A,,N/A,6.295361000000001
C4972241,,no data prior to target date,N/A,N/A,,N/A,7.177205333333333
C4998501,,no data prior to target date,N/A,N/A,,N/A,5.890571666666667
C5016409,,no data prior to target date,N/A,N/A,,N/A,6.14602505882353
C5031006,5.9344416,5.864242807485385,down,-1.182904765877471,2023-09-12,0.03502716687358909,5.899269974358974
C5031140,6.162936666666667,5.943486145692918,down,-3.5608109062792366,2023-09-12,0.025372520973748536,5.968858666666667
C5039322,,no data prior to target date,N/A,N/A,,N/A,6.358150142857143
C5046465,6.331705,5.829642202160291,down,-7.929346010904004,2023-09-12,0.4373887978397093,6.267031
C5054859,5.769323,5.941547486066632,up,2.9851767021300804,2023-09-12,-0.14563173606663238,5.79591575
C5113797,,no data prior to target date,N/A,N/A,,N/A,6.200197666666666
C5114670,,no data prior to target date,N/A,N/A,,N/A,6.304598666666666
C5133173,5.757545,5.825260489160567,up,1.1761174104686443,2023-09-12,-0.06696948916056744,5.758291
C5158684,,no data prior to target date,N/A,N/A,,N/A,6.161803
C5176616,,no data prior to target date,N/A,N/A,,N/A,6.2171009999999995
C5196341,5.614393999999999,5.958968806321441,up,6.137346369375614,2023-09-12,0.10778099268805086,6.066749799009492
C5256292,,no data prior to target date,N/A,N/A,,N/A,6.0121029111111115
C5391988,6.01594,5.925920347440157,down,-1.4963522335635404,2023-09-12,-0.0199751985039871,5.90594514893617
C5401501,,no data prior to target date,N/A,N/A,,N/A,5.987942825783972
C5407150,5.789254285714286,5.9582832368103364,up,2.9197016187931317,2023-09-12,-0.10640732014366971,5.851875916666667
C5414842,6.750676333333333,5.957878029263089,down,-11.743983342166517,2023-09-12,0.4355104707369115,6.3933885
C5422482,6.03719944126984,5.951477362597669,down,-1.419898075358946,2023-09-12,-0.06554659866324286,5.885930763934426
C5441308,5.641192,5.923498522758372,up,5.00437713799445,2023-09-12,-0.17884452275837237,5.744654
C5455589,6.131806526315789,5.95682286074911,down,-2.853704936966035,2023-09-12,0.08046862073237016,6.03729148148148
C5462560,5.970211168704156,5.960088581156025,down,-0.16955158305276705,2023-09-12,0.0852450855106417,6.045333666666667
C5469517,5.946457833333333,5.944243891146914,down,-0.037231276979859826,2023-09-12,0.019415785974858046,5.963659677121772
C5476939,6.078811333333333,5.960921130094693,down,-1.9393627598242098,2023-09-12,-1.4209411300946932,4.53998
C5486035,5.704381499999999,5.954261790921579,up,4.380497533721743,2023-09-12,0.03771185193556459,5.991973642857143
C5533756,5.6621895,5.896104454798922,up,4.13117495977346,2023-09-12,-0.23841339400864925,5.657691060790273
C5580388,5.411471333333334,5.914560271983192,up,9.296712625103527,2023-09-12,-0.5038937502440612,5.410666521739131
C5626805,5.848364617647059,5.913822336919083,up,1.1192482608644148,2023-09-12,-0.055640563334176996,5.858181773584906
C5635439,5.764180575163398,5.915995140943603,up,2.633757978269119,2023-09-12,-0.022301461839125736,5.893693679104477
CABO5382821,7.269550571428573,5.917162064394396,down,-18.603467900057716,2023-09-12,1.743775935605604,7.660938
CACC4968942,7.933143869144985,5.954644610194122,down,-24.939661899313325,2023-09-12,1.92950924556476,7.884153855758882
CAG.GF,5.383133078651686,5.935495550390355,up,10.260984888692725,2023-09-12,-0.3451261932474994,5.590369357142856
CAG.GH,5.501272304123711,5.915322900277383,up,7.526451578179517,2023-09-12,-0.4233449002773835,5.491978
CAG.GL,5.881425999999999,5.891410400488924,up,0.16976155933824394,2023-09-12,0.011476672238349472,5.902887072727274
CAG4739460,6.029188839375691,6.006229025943631,down,-0.3808109854200219,2023-09-12,-0.0003783562032753096,6.005850669740355
CAG4739462,6.24661651807229,5.821234931699461,down,-6.8097919112233605,2023-09-12,0.45460077107831687,6.275835702777778
CAG4739463,6.274481724788152,5.759016666963465,down,-8.215261123293669,2023-09-12,0.514822645536535,6.2738393125
CAG4739464,5.609501969837586,5.917555628211164,up,5.491640078388229,2023-09-12,-0.2514096467715259,5.666145981439638
CAG4739466,5.649573433021807,5.94583595158667,up,5.243980312446345,2023-09-12,-0.1348884538908166,5.810947497695853
CAG5059244,5.627955350877192,5.923238935593345,up,5.246729341413991,2023-09-12,-0.2518880908590937,5.671350844734251
CAG5618920,5.456452255813954,5.934329025353432,up,8.758012480184203,2023-09-12,-0.36717383239738055,5.567155192956052
CAH3970564,6.26552,5.753213365675428,down,-8.176602011079241,2023-09-12,0.6245986343245713,6.377812
CAH4183037,6.007600462295081,5.980555045512403,down,-0.4501866752361665,2023-09-12,0.2748102878209311,6.255365333333334
CAH4183039,6.305028089171974,5.7567351987315325,down,-8.696121296938545,2023-09-12,0.5359236194502861,6.292658818181819
CAH4259408,5.699476857142857,5.947589108637983,up,4.3532460559810815,2023-09-12,-0.1748059214458637,5.772783187192119
CAH4503383,5.997837945339471,5.979253691833861,down,-0.30984921024834633,2023-09-12,0.007461864897014614,5.986715556730876
CAH4503543,5.451164587737844,5.9315098496965355,up,8.811791576413002,2023-09-12,-0.4167083279093955,5.51480152178714
CAKE5201192,7.595287922173913,5.963204919859306,down,-21.488099187785288,2023-09-12,1.405824542811927,7.369029462671233
CAT.AC,5.196769,5.770650262818652,up,11.043039681360712,2023-09-12,-0.6047923104376993,5.165857952380953
CAT.GNE,4.949260811023621,5.85497856937917,up,18.300061220015294,2023-09-12,-0.7465508752615229,5.108427694117647
CAT.GVB,5.201629,5.8239475046062505,up,11.963915623475858,2023-09-12,-0.6706545046062509,5.153293
CAT.HOH,,no data prior to target date,N/A,N/A,,N/A,5.479626333333333
CAT3928750,5.187935491727942,5.8293449662734815,up,12.363482074290506,2023-09-12,-0.654075894844909,5.1752690714285725
CAT4072746,5.900680768115942,5.97131071806671,up,1.1969796829615627,2023-09-12,0.05106928193329008,6.02238
CAT4123606,5.561650809523809,5.9769570287722456,up,7.467319209204275,2023-09-12,-0.47657837760945476,5.500378651162791
CAT4123631,5.333332333333333,5.513100199323781,up,3.370648119317427,2023-09-12,-0.2123488813025789,5.300751318021202
CAT4131792,5.819396059266228,5.978620805040127,up,2.7361042993519216,2023-09-12,-0.31392734235356023,5.664693462686567
CAT4187816,5.37647086678508,5.964932895301769,up,10.94513563073702,2023-09-12,-0.531262118274741,5.433670777027028
CAT4263527,6.638955749999998,5.948537712665271,down,-10.399497501316041,2023-09-12,0.31097028733472953,6.259508
CAT4391065,4.99363,5.93699368860235,up,18.891341340915346,2023-09-12,-0.7666736506276663,5.170320037974684
CAT4775928,4.955494083333333,5.970013542838263,up,20.47261973164358,2023-09-12,-1.2101535428382633,4.75986
CAT4834472,5.636788054223149,5.988503850641548,up,6.239649123491339,2023-09-12,-0.12178085064154764,5.866723
CAT4885131,4.796962777777778,5.90194058766908,up,23.034946508448623,2023-09-12,-1.092631844079337,4.809308743589743
CAT4908175,5.526434048780487,5.963085746039222,up,7.901147347539417,2023-09-12,-0.4101863834073791,5.552899362631843
CAT4974301,4.89644,5.89905337263953,up,20.47637411342792,2023-09-12,-0.9993866758069521,4.899666696832578
CAT4987223,5.405636757322176,5.957445265000846,up,10.208020487710737,2023-09-12,-0.5068077742300812,5.450637490770765
CAT5043484,4.994092765592731,5.951673336865317,up,19.174264800804814,2023-09-12,-0.9078631508188053,5.043810186046512
CAT5043620,9.433727,5.97012857802223,down,-36.715058873102535,2023-09-12,0.58751042197777,6.557639
CAT5077250,5.248736212183289,6.048902727389583,up,15.244936740180611,2023-09-12,-0.7541550751168575,5.294747652272726
CAT5136608,5.1431508571428575,5.944663329614105,up,15.58407471867366,2023-09-12,-0.7501108897314079,5.194552439882697
CAT5142393,4.627420863204559,5.894406680595736,up,27.379956456214146,2023-09-12,-1.2560454123030542,4.638361268292682
CAT5182905,5.558804278911563,5.962949640046095,up,7.270365007592354,2023-09-12,-0.1642752711140547,5.798674368932041
CAT5254452,5.020059,5.936067771448841,up,18.246972225801358,2023-09-12,-0.8230573173204005,5.113010454128441
CAT5254597,5.627643618694363,5.962305458772746,up,5.946748990406494,2023-09-12,-0.3946155704093961,5.56768988836335
CAT5333915,4.942862,5.932800914562784,up,20.027646221213217,2023-09-12,-0.9096349145627842,5.023166
CAT5333995,5.608829295652176,5.968767733334243,up,6.417354116323033,2023-09-12,-0.39043673333424245,5.578331
CAT5412922,5.43166115116279,5.951687610754591,up,9.573985657784919,2023-09-12,-0.513797821900102,5.437889788854489
CAT5459729,4.963258390977443,5.933444748157191,up,19.54736749034506,2023-09-12,-0.9364767077091525,4.9969680404480386
CAT5459813,5.31780117679558,5.952523820899821,up,11.93580998992359,2023-09-12,-0.5640253305523304,5.388498490347491
CAT5502842,5.300570311586052,5.959840016074907,up,12.43771265608563,2023-09-12,-0.6271285416081982,5.332711474466709
CAT5509425,6.892979,5.956480703442548,down,-13.586263596007656,2023-09-12,-0.21995707844254841,5.736523624999999
CAT5522162,5.278235975550122,5.962483433033439,up,12.96356321795563,2023-09-12,-0.6882880596224217,5.274195373411017
CAT5522228,5.166231591905565,5.94741198630603,up,15.120893837287822,2023-09-12,-0.7598162854384842,5.187595700867546
CAT5584887,5.271480644843366,5.971910247808746,up,13.287151184943651,2023-09-12,-0.6552310028459489,5.316679244962797
CAT5584888,5.134909740362887,6.108301596583575,up,18.956357666218654,2023-09-12,-0.9041508077904723,5.204150788793103
CB.GC,5.460183,5.881997959222123,up,7.725289779154351,2023-09-12,-0.8202084592221235,5.0617895
CB.GO,5.5019766451612915,5.874083677153419,up,6.763151790536534,2023-09-12,-0.3642697300253248,5.5098139471280945
CB.GQ,5.568256000000002,5.85912657894613,up,5.223728559644676,2023-09-12,-0.323658235196131,5.535468343749999
CB3668145,5.481978000000002,5.8281987102702,up,6.315616557932168,2023-09-12,-0.38494637693686684,5.443252333333334
CB3979066,5.458804000000001,5.753358690713818,up,5.395956526627764,2023-09-12,-0.244975127607022,5.508383563106796
CB4128053,5.688116959798995,5.965062490041486,up,4.868843805424807,2023-09-12,0.023625976625180733,5.988688466666667
CB4220968,5.468753240437158,5.955577157792539,up,8.901917785496313,2023-09-12,-0.3115971721904449,5.643979985602094
CB4306080,5.461587,5.722053653450846,up,4.769065355012132,2023-09-12,-0.24591365345084615,5.47614
CB4306081,5.18268053864518,5.9783185306592,up,15.351862536794705,2023-09-12,-0.7464250064705897,5.23189352418861
CB5045758,5.162004234264885,5.937849360891278,up,15.029920383954886,2023-09-12,-0.762304335436732,5.175545025454546
CB5302970,5.30399,5.542576352710908,up,4.498242883393601,2023-09-12,-0.24911898654623865,5.293457366164669
CBAU4835653,,no data prior to target date,N/A,N/A,,N/A,6.180787
CBAU5522224,5.4537984878957175,5.961874503815474,up,9.31600272814244,2023-09-12,-0.5243162946727145,5.437558209142759
CBAU5647325,,no data prior to target date,N/A,N/A,,N/A,5.4892986177474405
CBG4276523,5.899326,5.9449703593282806,up,0.7737215968108944,2023-09-12,-0.019479688442204157,5.925490670886076
CBG5150031,5.922667156583631,5.890979337128978,down,-0.5350261734601971,2023-09-12,0.05922072919568233,5.95020006632466
CBG5605614,6.269023054398642,5.874738074362179,down,-6.289416654159751,2023-09-12,0.37179576279918614,6.2465338371613655
CBOE4443340,5.176249988023951,5.936455498426705,up,14.68641414463378,2023-09-12,-0.7510741535991192,5.185381344827586
CBOE5093481,5.320907906354516,5.893000953917119,up,10.751793822241856,2023-09-12,-0.5504454183238989,5.34255553559322
CBRL5435213,7.4935756450075806,6.043407042291429,down,-19.35215805397644,2023-09-12,1.4807329577085708,7.52414
CBT5426858,6.0311901739130445,5.873817303951338,down,-2.609316990905014,2023-09-12,0.22989400569551854,6.103711309646856
CC4495564,7.358086016761577,5.982106759189161,down,-18.700233381859928,2023-09-12,1.449611816216871,7.431718575406032
CCI4332239,5.756489194925494,5.971841258753834,up,3.741031321976232,2023-09-12,-0.17674195440600826,5.795099304347826
CCI4358651,5.73646180150376,5.947877163292348,up,3.685466217750592,2023-09-12,-0.18579192333152594,5.762085239960822
CCI4451189,5.799061725728155,5.941729649537979,up,2.460189778233659,2023-09-12,-0.0986931892855063,5.843036460252473
CCI4490185,6.218586999999999,5.705715104654829,down,-8.247402429927734,2023-09-12,0.5712968953451707,6.277012
CCI4523128,5.788296974358975,5.9618907433584045,up,2.999047384203269,2023-09-12,0.05010125410352462,6.011991997461929
CCI4523129,5.758054420505201,5.93449154829954,up,3.064179580624027,2023-09-12,-0.16050154829954,5.77399
CCI4585585,5.748924079831933,5.929852516015473,up,3.147170386512218,2023-09-12,-0.1393521367051287,5.790500379310345
CCI4793685,5.710553095890412,5.91188729995264,up,3.5256515556631007,2023-09-12,-0.16243163920663672,5.749455660746003
CCI4793686,6.183987,5.68630504493907,down,-8.047913992395682,2023-09-12,0.48672595506092975,6.173031
CCI4867568,5.7398646610169495,5.903991951931193,up,2.8594278891092277,2023-09-12,-0.11397095193119267,5.790021
CCI4867569,6.146307,5.6783594218424716,down,-7.61347550907445,2023-09-12,0.4429969114908614,6.121356333333333
CCI4972847,5.78791918275862,5.9003009269258415,up,1.9416605626075483,2023-09-12,-0.08244065284171676,5.817860274084125
CCI4998206,5.930808597062506,6.00021384405129,up,1.170249315129809,2023-09-12,-0.05429359424667002,5.94592024980462
CCI4998207,5.755582566940912,5.926768779631912,up,2.974263868166257,2023-09-12,-0.17983846042820506,5.746930319203707
CCI4998208,5.955239018682635,5.688327277618173,down,-4.481965211255376,2023-09-12,0.2446847223818267,5.933012
CCI5128066,5.721042230907998,5.9493281474440955,up,3.9902854641201553,2023-09-12,-0.1994207853016734,5.749907362142422
CCI5128067,5.762235,5.888092267143971,up,2.184174493820034,2023-09-12,-0.13551793381063781,5.7525743333333335
CCI5128068,6.030993387611276,5.8051048102504454,down,-3.7454621957444942,2023-09-12,0.22251860715393068,6.027623417404376
CCI5204225,5.767801033916849,5.894246428135814,up,2.1922634549183964,2023-09-12,-0.12154734219831376,5.7726990859375
CCI5524571,5.649269367269985,5.938277932260683,up,5.115857400341336,2023-09-12,-0.2831919836305463,5.655085948630137
CCI5576413,5.6786281900826445,5.916983717873577,up,4.197413879063338,2023-09-12,-0.2644855167381346,5.652498201135442
CCI5576414,5.7902581581653925,5.904207468747756,up,1.967948707462594,2023-09-12,-0.07632850507605493,5.827878963671701
CCK.GD,6.325666223021582,5.937940123646816,down,-6.1294112857817025,2023-09-12,0.3886807120339357,6.326620835680751
CCK4520998,6.443917131782945,5.940141900071726,down,-7.817841561408027,2023-09-12,0.4658261402353743,6.4059680403071
CCK4588062,6.478133565187636,6.141313283626347,down,-5.199341417893928,2023-09-12,0.3304575577422382,6.471770841368585
CCK5526185,6.430683263775801,5.928249970211298,down,-7.813062359869635,2023-09-12,0.6076894484469237,6.535939418658222
CCL.GC,13.774059333333334,5.972023776992731,down,-56.64296463032953,2023-09-12,1.9240476793625527,7.896071456355283
CCL.GE,8.79472714044944,5.927591337685619,down,-32.600622588699224,2023-09-12,2.9274169332067332,8.855008270892352
CCL3688072,7.148811,5.941825994134644,down,-16.88371682878952,2023-09-12,1.1509477391986902,7.092773733333334
CCLQ4163632,5.643544,4.960110249046379,down,-12.110010145284967,2023-09-12,0.7229537509536206,5.683064
CCP4445168,6.538029370864608,5.999912498832213,down,-8.230566758087736,2023-09-12,0.6064040798730108,6.606316578705224
CCS4832548,6.9478237663934435,5.9430233917143775,down,-14.462087820063537,2023-09-12,1.0314087830707228,6.9744321747851
CDK4629730,14.078722666666666,5.931126269271565,down,-57.87170178929421,2023-09-12,8.707039730728436,14.638166
CDNS4172077,5.760958385964913,5.960643576775669,up,3.466180059506029,2023-09-12,-0.3463112767756691,5.6143323
CDWC4188413,6.150824312000002,5.961742444160495,down,-3.0740898820767146,2023-09-12,0.2757503291728378,6.237492773333333
CDWC4884092,6.239373894259819,5.932683867661615,down,-4.915397470896175,2023-09-12,0.28224977303102516,6.2149336406926405
CDWC4977625,6.151236036777583,5.957567755660326,down,-3.14844496226993,2023-09-12,0.31556235493875295,6.273130110599079
CDWC5028533,6.0853713508771925,5.912144221139928,down,-2.846615592527381,2023-09-12,0.22696282901874643,6.139107050158675
CDWC5310161,5.760784,5.936879431680829,up,3.056796291630253,2023-09-12,-0.0060352558045408955,5.930844175876288
CDWC5310162,6.107967818181818,5.914843818201901,down,-3.161837221948634,2023-09-12,0.3846701817980991,6.299514
CDWC5310163,6.029524,5.897376743545428,down,-2.1916697977248623,2023-09-12,0.15872821608998766,6.056104959635416
CE4828029,6.351067977272727,5.966532063249547,down,-6.054665379102234,2023-09-12,0.5907064279785228,6.55723849122807
CE5231699,6.253996555555556,5.941675240192787,down,-4.993947671514593,2023-09-12,0.42337650980721353,6.36505175
CE5442873,6.244452745639535,5.967678385243568,down,-4.432323722671084,2023-09-12,0.33722586397273346,6.304904249216301
CE5442874,6.143637616413236,6.081001223359267,down,-1.0195326769702526,2023-09-12,0.08573032952461102,6.166731552883878
CE5442875,6.311980636206896,5.952630731404131,down,-5.693140164934216,2023-09-12,0.40278415296660963,6.355414884370741
CE5442876,6.439508310454546,5.919813907364678,down,-8.07040503769742,2023-09-12,0.610951201980761,6.530765109345439
CE5442877,6.6502290015227326,5.899562149665216,down,-11.287834624726957,2023-09-12,0.7384381847773795,6.638000334442595
CE5633206,6.393173901395768,5.939842060580838,down,-7.090872981195739,2023-09-12,0.47201595308261,6.411858013663448
CE5633207,6.653254467813541,6.05369159855196,down,-9.011572789859274,2023-09-12,0.6180046635274028,6.6716962620793625
CE5633208,6.764961345817821,5.93252100666263,down,-12.305175101551994,2023-09-12,0.8618372539337305,6.79435826059636
CENT5056669,6.965812979477612,5.95659916438915,down,-14.488098059218146,2023-09-12,0.9600536374840472,6.916652801873197
CF4008574,6.442817377162631,5.792406692620074,down,-10.09512836492958,2023-09-12,0.6288578073799274,6.421264500000001
CF4105319,6.411688824330261,5.8704279615977475,down,-8.44178308651857,2023-09-12,0.5313463492526918,6.401774310850439
CF4105321,5.993472843636363,5.9015943002577504,down,-1.5329767194351394,2023-09-12,0.08950369974224959,5.991098
CFG4274220,6.186121316326531,5.963217697086114,down,-3.6032856105185855,2023-09-12,0.9848094399001877,6.948027136986302
CFG4316726,6.931809723155588,5.979082623418594,down,-13.744276571158986,2023-09-12,0.8536830993430033,6.832765722761597
CFG4862143,6.5771353333333336,5.951079474575382,down,-9.518670774266443,2023-09-12,0.6247783647597975,6.575857839335179
CFG4946486,6.292,5.903396586440038,down,-6.176150883025462,2023-09-12,0.5465088130826361,6.449905399522674
CFG4981697,6.437040761904761,5.9002129550340126,down,-8.339667662938611,2023-09-12,0.617370742177143,6.517583697211156
CFG5053448,6.816045,5.872264052909472,down,-13.846460037903624,2023-09-12,1.0224539470905265,6.894717999999998
CFTI4727983,4.942439,5.964278788227117,up,20.674808292568027,2023-09-12,-0.6375907176859501,5.3266880705411666
CFUH4002879,,no data prior to target date,N/A,N/A,,N/A,5.636567
CGMHI5493064,,no data prior to target date,N/A,N/A,,N/A,6.011726444444444
CGMHI5498628,,no data prior to target date,N/A,N/A,,N/A,6.124625
CGMHI5503196,5.43456740347826,5.9782218635159055,up,10.003638186356707,2023-09-12,-0.44512286351590546,5.533099
CGMHI5508293,,no data prior to target date,N/A,N/A,,N/A,6.238606333333333
CGMHI5522148,6.014376666666667,5.928927323739602,down,-1.420751437146411,2023-09-12,-0.31486057373960286,5.614066749999999
CGMHI5534639,,no data prior to target date,N/A,N/A,,N/A,6.423488666666667
CHCJF4540739,5.547815666666666,5.9393232195031,up,7.0569675771449445,2023-09-12,-0.41830621950310043,5.521017
CHCJF4817326,6.202942333333333,5.98096335623754,down,-3.5786077826795757,2023-09-12,0.22699864376246115,6.207962000000001
CHCJF4880133,5.572016,5.915604720456877,up,6.166326881632747,2023-09-12,-0.2598847204568777,5.65572
CHCJF5171837,,no data prior to target date,N/A,N/A,,N/A,6.255411071428571
CHCJF5577722,5.655324,5.869466968138929,up,3.786572937977185,2023-09-12,-0.21367196813892875,5.655795
CHD5416440,5.48251212,5.653523539466308,up,3.1192164417195656,2023-09-12,-0.14114753946630731,5.512376000000001
CHD5497544,5.247129468354431,5.878092844611917,up,12.024924867260125,2023-09-12,-0.6217807089125431,5.256312135699374
CHGG4982130,8.925118666666666,5.958018948335742,down,-33.24437275453134,2023-09-12,1.9832231832432061,7.9412421315789485
CHH4912225,6.157142924672489,5.910318240473571,down,-4.0087535277094,2023-09-12,0.2564736686173381,6.166791909090909
CHH5013767,6.293055708333334,5.894648809884467,down,-6.3308973718648645,2023-09-12,0.4143151901155324,6.308964
CHKO4420922,5.28951,5.945440535079536,up,12.400591644207799,2023-09-12,-0.47541420174620175,5.470026333333334
CHTR3672031,7.414669038461538,5.825822390481362,down,-21.428423031944842,2023-09-12,1.5481931095186372,7.3740155
CHTR3673710,7.465988,5.810085886595118,down,-22.179276385186824,2023-09-12,1.6522974723792405,7.462383358974359
CHTR3675722,7.409008666666665,5.802524860384243,down,-21.68284420438104,2023-09-12,1.622507306282424,7.425032166666667
CHTR3686846,7.396364072727272,5.786240677609159,down,-21.76912033109817,2023-09-12,1.6492169809274264,7.435457658536586
CHTR3696320,7.553024333333333,5.777735751680769,down,-23.50434082169951,2023-09-12,1.729260248319231,7.506996
CHTR3703797,6.973823298606016,5.888516556286969,down,-15.562578744087007,2023-09-12,1.1267101064678187,7.015226662754787
CHTR3887061,7.30472495358224,5.807093970251105,down,-20.50222277837711,2023-09-12,1.495447829748895,7.3025418
CHTR4427724,6.016872284281175,6.1100817985342735,up,1.549135661340271,2023-09-12,-0.05500807174724276,6.055073726787031
CHTR4428131,7.556922417346088,5.789850179522238,down,-23.383490530056633,2023-09-12,1.7587397146462287,7.548589894168467
CHTR4428143,7.403429566365365,5.8454865119914805,down,-21.04353179034484,2023-09-12,1.5351939645611186,7.380680476552599
CHTR4428144,6.976659490862528,5.936323778738285,down,-14.911659562671673,2023-09-12,1.0183929908245855,6.954716769562871
CHTR4571641,7.283918092996687,6.004453435805856,down,-17.56561016825553,2023-09-12,1.286551564888346,7.291005000694202
CHTR4618572,7.275236054292002,5.8206483020966715,down,-19.9936846219196,2023-09-12,1.4753482243375249,7.295996526434196
CHTR4618573,7.315550425700248,6.628591038103726,down,-9.390399185591926,2023-09-12,0.6663132557107083,7.294904293814434
CHTR4651567,6.095832553807427,6.025307195917076,down,-1.1569438180565061,2023-09-12,0.5085495659876846,6.533856761904761
CHTR4788290,6.259840733031673,5.921602436301107,down,-5.40330515033336,2023-09-12,0.376706285438023,6.29830872173913
CHTR4898525,7.147308868274583,5.688517841720185,down,-20.410353791056483,2023-09-12,1.4641030842666574,7.1526209259868425
CHTR4976789,6.261207565217392,5.893861911310867,down,-5.867009679526099,2023-09-12,0.36027200821223193,6.254133919523099
CHTR5083239,7.015671277423684,5.588481873616237,down,-20.342877358010195,2023-09-12,1.4414146263837626,7.0298964999999995
CHTR5083243,6.3141623650793655,5.893064301851459,down,-6.6691041325893,2023-09-12,0.41387071402155584,6.306935015873015
CHTR5134258,7.003868000000001,5.780339748416536,down,-17.469321974421337,2023-09-12,1.2216209954258286,7.001960743842365
CHTR5134259,6.936655078350883,5.685701529997781,down,-18.03395922419864,2023-09-12,1.2341355862812904,6.919837116279071
CHTR5179287,7.800607120352113,5.959166597220568,down,-23.60637441061669,2023-09-12,1.9959596215770778,7.955126218797646
CHTR5269607,6.228121847403772,6.071546869189,down,-2.5139999192539975,2023-09-12,0.15746517814681305,6.2290120473358135
CHTR5269608,6.989756430555556,5.803393470226304,down,-16.972879843753848,2023-09-12,1.198178429773697,7.001571900000001
CHTR5269609,7.082459343915344,5.552028179370086,down,-21.608753262524218,2023-09-12,1.5100796578392162,7.062107837209302
CHTR5377640,6.293965958285844,5.894227610802712,down,-6.351136153777351,2023-09-12,0.4003888711249983,6.294616481927711
CHTR5377667,7.0576016921372835,5.983194156541784,down,-15.223408495728414,2023-09-12,1.0788712744148938,7.062065430956678
CHTR5377668,7.307823024390244,5.534268395401833,down,-24.26926080542836,2023-09-12,1.8067458083599242,7.341014203761757
CI4221639,5.844357147058824,5.9602617939620615,up,1.9831889801869191,2023-09-12,-0.08979774311460353,5.870464050847458
CI4337768,5.671638114285715,5.949832377626434,up,4.905007296569288,2023-09-12,-0.22426420262643454,5.725568174999999
CI4379433,5.599431553264605,5.9399586481290285,up,6.081458298492605,2023-09-12,-0.44285920382685173,5.497099444302177
CI4866401,5.856131498715338,6.785282655977262,up,15.866295991914676,2023-09-12,-0.9292673235692117,5.856015332408051
CI4866404,5.77665101972182,5.863697521617217,up,1.5068679343483866,2023-09-12,-0.0864932739637867,5.77720424765343
CI4866405,5.394219362723214,5.940273270907574,up,10.122945906832584,2023-09-12,-0.5196196624761464,5.420653608431428
CI4866406,5.552277194790983,6.004056099284351,up,8.136821859636559,2023-09-12,-0.3874915788761877,5.616564520408163
CI4962268,5.746275360134003,5.798893477687693,up,0.9156908476530479,2023-09-12,-0.052611699909915544,5.746281777777777
CI4962269,5.723377,5.68088384732232,down,-0.7424489541345909,2023-09-12,0.04601115267767941,5.726895
CI4962270,5.471541768060836,5.907472915848938,up,7.9672451800107655,2023-09-12,-0.42002196907563505,5.487450946773303
CI5002511,5.065377801481481,5.943911614717848,up,17.343895118334917,2023-09-12,-0.7643827056269403,5.179528909090908
CI5002512,5.744330403732779,6.691247570269539,up,16.48437850861493,2023-09-12,-0.927020143873599,5.76422742639594
CI5002521,5.836704465539662,5.771787316709543,down,-1.1122226457309072,2023-09-12,0.06611368329045675,5.837901
CI5003117,5.838930749968823,6.50677494260433,up,11.437782382314985,2023-09-12,-0.6343763199259334,5.872398622678396
CI5003118,5.533359477386934,5.97022727962608,up,7.895163941986497,2023-09-12,-0.3241168991769374,5.646110380449143
CI5003119,5.4743643694807,6.0596077207190415,up,10.690617425852093,2023-09-12,-0.5631116638470033,5.496496056872038
CI5003120,5.908525999999999,5.775867603403378,down,-2.2452028914930984,2023-09-12,0.18009439659662263,5.955962
CI5003121,5.860182416666668,5.724396289819505,down,-2.3170972709139646,2023-09-12,0.11611771018049488,5.840514
CI5141442,6.079088666123778,5.992810772439453,down,-1.419257037080498,2023-09-12,-0.10123497112222068,5.891575801317233
CI5141443,5.524517847604918,6.00254621588878,up,8.65285227544527,2023-09-12,-0.4456920906040427,5.556854125284738
CI5141444,5.6435285,5.672792241310354,up,0.5185362545852972,2023-09-12,0.02832130414419165,5.701113545454546
CI5141445,5.458630616088133,5.947547632367423,up,8.956770491821018,2023-09-12,-0.4739108532976548,5.473636779069768
CI5549056,5.668767200945626,5.961752753477081,up,5.168417437967485,2023-09-12,-0.28648932714479436,5.675263426332287
CI5549057,5.5432468334864495,5.895727485925244,up,6.358739977254453,2023-09-12,-0.3393441234198509,5.556383362505393
CIB4940557,6.626659473684209,5.971095078731397,down,-9.892833599737383,2023-09-12,0.4957310983992471,6.466826177130645
CIFAF5095338,7.474231102040815,5.897884277539918,down,-21.090421248420874,2023-09-12,1.5571767281258042,7.455061005665722
CIFAF5196426,7.640955302790504,5.68009980679484,down,-25.662439031406876,2023-09-12,1.9784671932051605,7.658567000000001
CINF.GD,5.953961,6.195387455314508,up,4.054888087350731,2023-09-12,-0.2728097324229424,5.922577722891566
CINF.GE,5.362490824175825,5.928871845043448,up,10.561901911592951,2023-09-12,-0.5326422798260548,5.396229565217393
CIOF4031026,6.114046333333333,5.7528453661720205,down,-5.907723747399016,2023-09-12,0.33339263382797846,6.086237999999999
CIPK5016514,,no data prior to target date,N/A,N/A,,N/A,6.053611
CITQ4915670,5.706003,4.908925847543948,down,-13.969098026342644,2023-09-12,0.7581478191227182,5.667073666666666
CL.GJ,3.543917,5.961420443178302,up,68.21557737323708,2023-09-12,-1.9206414431783028,4.040779
CL4102989,5.290315,5.976300807177541,up,12.966823472279842,2023-09-12,-0.34548430023309695,5.630816506944444
CL4275867,4.972886,5.7333025266844295,up,15.291251934679975,2023-09-12,-0.7477765266844294,4.985526
CL5455601,4.772643006573758,5.899812759300309,up,23.617307038762508,2023-09-12,-1.1505713593003088,4.7492414
CL5455647,5.120957772727272,5.9574154707143325,up,16.334008892668287,2023-09-12,-0.8120594164268553,5.145356054287477
CL5455648,4.614035,5.934807282482085,up,28.625103244385546,2023-09-12,-1.3153826226440666,4.619424659838018
CL5548670,4.867099380047506,5.96288230481375,up,22.51408568434755,2023-09-12,-1.1562113459096395,4.80667095890411
CL5548671,4.6361593956521725,5.941575682416011,up,28.1572779397548,2023-09-12,-1.3122486946111325,4.629326987804879
CL5548811,4.74298111862069,5.876705769801341,up,23.903208189670192,2023-09-12,-1.1255044869730586,4.751201282828283
CLF.AC,8.101678666666666,5.787632296181018,down,-28.562554326012705,2023-09-12,2.2196608239989306,8.007293120179948
CLF4972476,7.019688032312925,5.947137177964316,down,-15.279181203088498,2023-09-12,1.1190816224430158,7.066218800407332
CLR4154731,7.176840000000001,5.751569733927545,down,-19.85930111403425,2023-09-12,1.4145192736577892,7.1660890075853345
CLR4154732,6.212122088791849,5.990219234371351,down,-3.5720942255926307,2023-09-12,0.13262562277150636,6.122844857142858
CLR4628129,6.04454345716452,6.077776223652533,up,0.5497977923977544,2023-09-12,0.03352477634746709,6.111301
CLX4547202,5.312271627659575,5.936331012871493,up,11.747505190860503,2023-09-12,-0.5848870779602509,5.351443934911242
CLX4984489,5.317374747663552,5.904966672823605,up,11.050414030311488,2023-09-12,-0.5653645105771146,5.33960216224649
CLX5410498,5.1627752000000005,5.916606952995562,up,14.601289496307368,2023-09-12,-0.6532245016352984,5.263382451360264
CLX5410499,5.217808879084967,5.885825360111339,up,12.80262455959329,2023-09-12,-0.6400590208490282,5.24576633926231
CM4813619,5.886616150406503,5.981392977031351,up,1.6100391838578303,2023-09-12,-0.014353680001649494,5.967039297029702
CM4939221,5.900106698409377,5.99062394551229,up,1.5341628843308237,2023-09-12,-0.12619207324390036,5.86443187226839
CM5092199,5.613789810126582,5.977512866082936,up,6.479100006563162,2023-09-12,-0.10573388754216406,5.871778978540772
CM5203998,5.66218110619469,5.948996880648479,up,5.065464510486941,2023-09-12,-0.2759194011402819,5.673077479508197
CM5279360,5.8458924934210525,5.968902405077321,up,2.1042109788146695,2023-09-12,-0.04653240507732104,5.92237
CM5390317,5.78475678306216,5.975374154436102,up,3.295166564860115,2023-09-12,-0.15126804544265315,5.8241061089934485
CM5390328,5.6266639042769855,5.942331095049937,up,5.610201642451116,2023-09-12,-0.2878569520626879,5.654474142987249
CM5390331,5.421962,5.8835081542607695,up,8.512530229108387,2023-09-12,-0.4413550966691471,5.442153057591622
CM5428979,5.974870999999999,5.938006431664374,down,-0.616993544055181,2023-09-12,0.18833690166895956,6.126343333333334
CM5454489,5.755508466274942,6.00416586062492,up,4.320337565429961,2023-09-12,-0.24578234882818695,5.758383511796733
CM5497119,,no data prior to target date,N/A,N/A,,N/A,6.929185886524821
CM5576830,5.745660699735447,5.966074674107639,up,3.836181527084262,2023-09-12,-0.14957383976420413,5.816500834343435
CM5576831,5.660956444583856,5.941566293378581,up,4.956933541914105,2023-09-12,-0.260886869136157,5.680679424242424
CM5582780,5.950365833333334,5.961738346915521,up,0.19112293093778399,2023-09-12,-0.04607751358218781,5.915660833333333
CM5616567,5.6299,5.948405156509976,up,5.657385681983262,2023-09-12,-0.29036215650997566,5.658043
CMA4145619,6.665469026647967,5.97222977451578,down,-10.400457182542997,2023-09-12,0.9462426253667795,6.9184723998825595
CMA4270778,8.1002,6.01528913626042,down,-25.739004762099448,2023-09-12,1.8655520065967233,7.880841142857143
CMA4792609,7.223343802861685,5.927006351811336,down,-17.946500767923812,2023-09-12,1.4185781571804883,7.345584508991824
CMA4861243,7.613397326530613,6.025578206612961,down,-20.85559247491965,2023-09-12,1.7662976769367642,7.791875883549725
CMC5113947,6.515049181650701,5.912347832697022,down,-9.250910194986036,2023-09-12,0.6058376407670307,6.518185473464053
CMC5341005,6.373479000000001,5.909723999179343,down,-7.276324293539795,2023-09-12,0.47330400082065704,6.383028
CMC5341006,6.606729457556935,5.887847443108027,down,-10.881057247268288,2023-09-12,0.7989345568919726,6.686782
CMCS.GD,5.644278789215686,5.820330407597718,up,3.119116276084861,2023-09-12,-0.12360740759771804,5.6967229999999995
CMCS.GN,5.347122,5.874840566563669,up,9.86920752067503,2023-09-12,-0.45421481776724537,5.420625748796423
CMCS.GP,5.461027,5.84918212788977,up,7.107731345949583,2023-09-12,-0.3740901552189628,5.475091972670807
CMCS.GS,5.439578599999999,5.845788835126251,up,7.46767838093656,2023-09-12,-0.37181683512625074,5.473972
CMCS.GV,5.68788,5.831155427887746,up,2.518960102670004,2023-09-12,-0.1736579278877466,5.6574975
CMCS3703332,5.384540490039841,5.9565073562942805,up,10.622389548605799,2023-09-12,-0.5316443562942803,5.424863
CMCS3703333,5.163603660377359,5.934175673500947,up,14.923144063835336,2023-09-12,-0.7381285554885242,5.196047118012423
CMCS3872023,5.723605999999999,5.7845278273845935,up,1.064395896303732,2023-09-12,-0.08856682738459387,5.695961
CMCS3910948,5.616497280000001,5.765982113329213,up,2.66153130460008,2023-09-12,-0.11313211332921291,5.65285
CMCS3953016,5.243103383561643,5.8921292461745525,up,12.378658499234577,2023-09-12,-0.6296248665034021,5.26250437967115
CMCS4099393,5.68669151005747,5.798016659399356,up,1.957643546251751,2023-09-12,-0.0804669927326902,5.717549666666666
CMCS4152322,5.370634504761904,5.966917005214597,up,11.102645319170309,2023-09-12,-0.421312605214597,5.5456044
CMCS4152323,5.426391514245015,5.870397634848716,up,8.182345845081851,2023-09-12,-0.3970996324203533,5.473298002428363
CMCS4248976,5.395461584148962,6.006464798994642,up,11.324391904498286,2023-09-12,-0.5868727799720332,5.419592019022609
CMCS4248983,5.380639865384616,5.8514610850216435,up,8.750283078151574,2023-09-12,-0.3965665688926112,5.454894516129032
CMCS4336409,5.256704793086173,5.975982819796616,up,13.683059160112357,2023-09-12,-0.6811818835383381,5.2948009362582775
CMCS4382859,5.249312908045977,5.980820257983125,up,13.935297109378212,2023-09-12,-0.6792770373632546,5.3015432206198705
CMCS4382860,5.450866421052632,5.839028179950757,up,7.1211020214868155,2023-09-12,-0.37305598776834703,5.46597219218241
CMCS4382861,5.621478894307196,5.7770361455785215,up,2.767194437550169,2023-09-12,-0.15653114557852188,5.620505
CMCS4442549,5.2685132324473525,6.238959557014612,up,18.419737822627873,2023-09-12,-0.9600534563790157,5.278906100635596
CMCS4526653,5.144987310998734,5.971621556625982,up,16.066788811317462,2023-09-12,-0.8014491274092803,5.170172429216701
CMCS4567271,5.624640098837209,5.707480210863001,up,1.4728073364714998,2023-09-12,-0.07877787752966814,5.628702333333333
CMCS4567272,5.637323354133454,5.759816248310622,up,2.1728910421175645,2023-09-12,-0.16685343671641917,5.5929628115942025
CMCS4594882,5.0486741792076115,6.0905643028712335,up,20.63690558512426,2023-09-12,-1.0018900302376652,5.088674272633568
CMCS4595042,5.572874381374723,5.82442490166786,up,4.513837978007404,2023-09-12,-0.2606235363983984,5.563801365269462
CMCS4595043,5.616754935684647,5.7341028699215,up,2.089247894568305,2023-09-12,-0.12560986992149914,5.608493000000001
CMCS4729172,5.547339363636363,5.8125719001243885,up,4.781256726903433,2023-09-12,-0.25452896422695304,5.5580429358974355
CMCS4729173,5.518920538461538,5.701983426972026,up,3.3170053316534753,2023-09-12,-0.14501442697202638,5.556969
CMCS4729175,5.682996908137316,6.0104250698375115,up,5.761540380769185,2023-09-12,-0.3501756644982459,5.660249405339266
CMCS4729176,5.393510137512639,5.975047465964966,up,10.782168080257266,2023-09-12,-0.5361992120015282,5.438848253963438
CMCS4729177,5.089104294359893,5.956030240666475,up,17.034941635355587,2023-09-12,-0.8541182825349871,5.101911958131488
CMCS4729178,5.259947370871469,5.916473765988305,up,12.481615286733605,2023-09-12,-0.6258888163901011,5.290584949598204
CMCS4905972,5.263623513075315,5.942377895753525,up,12.895192465648876,2023-09-12,-0.6754060899842944,5.266971805769231
CMCS4906060,5.558053,5.801074376449786,up,4.372419198769528,2023-09-12,-0.2556858870880845,5.545388489361701
CMCS4906061,5.532173833333332,5.686821179715017,up,2.795417335765538,2023-09-12,-0.13869414075397746,5.54812703896104
CMCS4970499,5.209374884,5.911418649656604,up,13.476545291698086,2023-09-12,-0.6945224427600527,5.216896206896552
CMCS4970500,5.544707743589743,5.8016457499456076,up,4.633932359246727,2023-09-12,-0.26491967968799557,5.536726070257612
CMCS4970504,5.242453325949367,5.944135007889468,up,13.384605227992786,2023-09-12,-0.6843438984004164,5.2597911094890515
CMCS4990800,5.537712141439205,5.709161828427815,up,3.0960382665187,2023-09-12,-0.20220782842781482,5.506954
CMCS4990812,5.2694290101983015,5.9097419247421,up,12.15146675862898,2023-09-12,-0.6344456371431555,5.275296287598945
CMCS5029284,5.22952957394936,6.154439673458782,up,17.686296375811985,2023-09-12,-0.921786061979752,5.23265361147903
CMCS5029286,5.40496,5.660669253325613,up,4.731011021832045,2023-09-12,-0.25947836686273185,5.4011908864628815
CMCS5406980,5.526031191835291,5.729872130768442,up,3.68874028858768,2023-09-12,-0.20930870656816403,5.520563424200278
CMCS5407814,5.5628712677165355,5.62474025964417,up,1.1121773082667596,2023-09-12,-0.0681040833967792,5.556636176247391
CMCS5407815,5.5700541999999995,5.535401325011605,down,-0.6221281471263618,2023-09-12,0.017484674988394566,5.552886
CMCS5497646,5.307332775393418,5.891249205951949,up,11.002069311835214,2023-09-12,-0.5846839334401013,5.306565272511848
CMCS5497647,5.1258301340990675,6.013520603593827,up,17.317984526827924,2023-09-12,-0.835365177387227,5.1781554262066
CMCS5497654,5.278357110565111,5.992519289132628,up,13.53000874340345,2023-09-12,-0.6590160830394378,5.33350320609319
CMCS5538062,5.1855237182403435,5.92887345932383,up,14.335094803803825,2023-09-12,-0.7265136888776906,5.202359770446139
CMCS5581325,5.3036881091289905,6.028801191572999,up,13.671865078112438,2023-09-12,-0.7194398220077813,5.3093613695652175
CMCS5581326,5.122664249394673,5.93195085431863,up,15.798158253677993,2023-09-12,-0.7752088501511354,5.156742004167494
CMCS5581327,5.646571220168067,5.666342907401451,up,0.3501538626266705,2023-09-12,-0.01596840702747926,5.650374500373972
CMCS5581328,5.7990446324062885,5.540159872384103,down,-4.464265692584653,2023-09-12,0.25444239452631745,5.79460226691042
CME4048080,5.311857415,5.764959195051817,up,8.530006448823631,2023-09-12,-0.4626172450518169,5.30234195
CME4219382,5.516106186991871,5.972808263008184,up,8.279428650110326,2023-09-12,-0.3754675170188779,5.597340745989306
CME4645476,4.805260859649123,5.935837020544995,up,23.527883166335034,2023-09-12,-1.0748146521239432,4.861022368421052
CME4645551,4.992036,5.705235629720921,up,14.28674852747298,2023-09-12,-0.5464181030070883,5.1588175267138325
CME5371798,5.15984960461868,5.947462429384341,up,15.264259331524974,2023-09-12,-0.774164315098627,5.173298114285714
CMI3671565,5.1800155000000006,5.933130640722573,up,14.538858826244292,2023-09-12,-0.9124093073892405,5.0207213333333325
CMI3671567,5.6734884999999995,5.147343585156527,down,-9.27374603550307,2023-09-12,1.150643414843473,6.297987
CMI4052629,6.843149545454545,5.983632354358528,down,-12.56025731115196,2023-09-12,0.8799530062972085,6.863585360655737
CMI5031609,5.27796096031746,5.961725296371469,up,12.955085139790071,2023-09-12,-0.50907399184472,5.452651304526749
CMI5031619,4.999342,5.905319010745836,up,18.121925060254636,2023-09-12,-0.8866046774125023,5.0187143333333335
CMLP4464542,6.69380917948718,5.970182237387017,down,-10.810390955237844,2023-09-12,0.6373237626129811,6.607505999999998
CMPR5535140,9.842747025641025,5.963232664532921,down,-39.414955509896835,2023-09-12,3.965273639814905,9.928506304347826
CMS4006514,5.632738,5.762733412743928,up,2.30785477229596,2023-09-12,-0.11539841274392693,5.647335000000001
CMS4154062,5.481470333333333,5.9729580629017045,up,8.966348437199203,2023-09-12,-0.2924690629017048,5.680489
CMS4360316,5.537893,5.956347501487079,up,7.556204164419178,2023-09-12,-0.3196209120724838,5.636726589414595
CMS4421798,5.681344000000001,5.949108524993823,up,4.7130489721062885,2023-09-12,-0.2172295249938223,5.731879000000001
CMS4967912,5.36496,5.672142878553354,up,5.725725421128092,2023-09-12,-0.26717336340183895,5.404969515151515
CMS4982896,5.352634,5.572792023301798,up,4.113078220961819,2023-09-12,-0.19768196232618784,5.37511006097561
CMS5455645,5.525277999999999,5.658922176166945,up,2.4187774111446587,2023-09-12,-0.14846217616694357,5.510460000000001
CMS5522220,5.11476380369515,5.946015809997122,up,16.25201159243043,2023-09-12,-0.8366154863173945,5.109400323679727
CMS5540935,5.230331798068481,5.894633395961389,up,12.700945629075171,2023-09-12,-0.665584395961389,5.229049
CMS5626730,5.208693109677419,5.924071177195158,up,13.734310170599445,2023-09-12,-0.7003472884779995,5.223723888717158
CNC4947534,6.283179292203774,6.23703605969703,down,-0.7343930574128038,2023-09-12,0.05350110073125158,6.290537160428282
CNC4976670,6.393497192678649,6.219770174918267,down,-2.7172455469179075,2023-09-12,0.19454492427935222,6.414315099197619
CNC4976671,6.165917341105678,5.951312130055388,down,-3.4805074278178147,2023-09-12,0.2301817526568266,6.181493882712215
CNC5050852,6.078759388888889,5.906300049823206,down,-2.8370811876665862,2023-09-12,0.16833317005838655,6.074633219881592
CNC5130037,6.0729809999999995,5.900638832421957,down,-2.837851255883108,2023-09-12,0.18116657329232844,6.081805405714285
CNC5210804,6.020266929958799,5.939507303904464,down,-1.3414625463274559,2023-09-12,0.09192786183524682,6.031435165739711
CNC5231872,6.080312705882353,5.895978146545695,down,-3.031662486015309,2023-09-12,0.2054376010975245,6.10141574764322
CNHI4665753,6.274646979535108,6.257930553892912,down,-0.2664122092719616,2023-09-12,-0.33707814535632785,5.920852408536584
CNHI5055328,5.748272784850414,5.993278599965944,up,4.2622510149699755,2023-09-12,-0.2247835024049678,5.768495097560976
CNHI5186768,5.565456766666666,5.953561488168862,up,6.973456766867396,2023-09-12,-0.32793700781951696,5.625624480349345
CNHI5487520,5.561820668202765,5.962347663170563,up,7.201364784334614,2023-09-12,-0.22442451745688619,5.737923145713677
CNHI5567652,5.560287,6.0739539282038635,up,9.238136955949644,2023-09-12,-0.4784187939282454,5.595535134275618
CNI.GG,5.0987845,5.931572531660617,up,16.333069806355162,2023-09-12,-0.8600765316606171,5.071496
CNI.GH,5.727261999999998,5.841581909705293,up,1.996065654151935,2023-09-12,-0.15090090970529246,5.6906810000000005
CNI.GV,5.4114348783542034,6.038688900531118,up,11.591269899337364,2023-09-12,-0.6300436560020977,5.40864524452902
CNI.GY,5.5411055,5.8591671099399045,up,5.740038877438897,2023-09-12,-0.3084644432732375,5.550702666666667
CNI4181409,5.682646,5.971959058336837,up,5.0911680639060855,2023-09-12,-0.3268463916701707,5.645112666666666
CNI4594966,5.363392,5.712023361170776,up,6.500202878528665,2023-09-12,-0.3401078611707762,5.3719155
CNI5456447,5.092931,5.885323642213818,up,15.55867617711329,2023-09-12,-0.7512806422138176,5.134043
CNI5456448,5.295590862068965,5.662883586871718,up,6.935821410101406,2023-09-12,-0.36940957197413926,5.293474014897579
CNMD4946892,43.10434800000001,5.980949486979473,down,-86.12448682211948,2023-09-12,35.51432411302052,41.4952736
CNMD5600366,2.5331510283018868,5.946659477215802,up,134.75345175933634,2023-09-12,-3.360884227215802,2.58577525
CNO4247289,6.545163,5.966364235201714,down,-8.843152795404576,2023-09-12,0.5440264016498073,6.510390636851521
CNO4840893,6.376351897331525,5.945907674753454,down,-6.750634681222818,2023-09-12,0.42007238731551144,6.3659800620689655
CNP.GP,5.40164443207085,6.026819812989396,up,11.573797364497574,2023-09-12,-0.5498148129893963,5.477005
CNP4107203,5.721323,5.7658561547705425,up,0.7783716243697925,2023-09-12,-0.016770154770542334,5.749086
CNP4323722,5.987667893842513,6.643686758693469,up,10.956166515607526,2023-09-12,-0.5313257446638513,6.112361014029617
CNP4392297,5.341367047619047,5.957419368802959,up,11.533607701768426,2023-09-12,-0.6920765688029595,5.265342799999999
CNP4463959,5.805747278224103,5.972731755893441,up,2.876192670246858,2023-09-12,-0.02427945637232476,5.948452299521116
CNP4630758,5.828296652202497,5.941788351292023,up,1.9472533033581503,2023-09-12,-0.09611260860196591,5.845675742690057
CNP4729745,5.807953666666666,5.929359467944591,up,2.0903369456045096,2023-09-12,-0.1421827179445918,5.7871767499999995
CNP4787180,5.581623,5.70088337383429,up,2.1366612154617095,2023-09-12,-0.08487337383428972,5.61601
CNP4871536,5.9347262702702706,5.9753495073862135,up,0.6845006031608085,2023-09-12,0.0613752198865134,6.036724727272727
CNP4871537,5.699008000000001,5.9133420300385025,up,3.7609006697042964,2023-09-12,-0.18901501584880798,5.7243270141896945
CNP4880717,5.871391666666667,5.91883705061016,up,0.8080773117700992,2023-09-12,-0.029820133659080206,5.88901691695108
CNP5050698,5.425332891156463,5.907651209146619,up,8.890114720450718,2023-09-12,-0.49467420914661897,5.412977
CNP5145793,5.458349,5.676806366186008,up,4.002260870201001,2023-09-12,-0.19000336618600766,5.486803
CNP5183479,5.682202000000001,5.964475679263638,up,4.9676811782410635,2023-09-12,-0.3216887903747496,5.642786888888889
CNP5368760,5.30468,5.891193044080869,up,11.056520734160568,2023-09-12,-0.598448044080869,5.292745
CNP5368761,5.493483,5.667443036250642,up,3.1666619565518217,2023-09-12,-0.15355499921360494,5.513888037037037
CNP5426857,5.496613566371681,5.890557234512285,up,7.167024994275646,2023-09-12,-0.38067219195909363,5.509885042553192
CNP5475060,5.484509910958905,5.661727070346756,up,3.231230543202112,2023-09-12,-0.12970007034675568,5.532027
CNP5544714,5.427921244322092,5.944259719855373,up,9.512637569555753,2023-09-12,-0.4798004988453979,5.464459221009975
CNP5544715,5.58892456097561,5.882361622794174,up,5.250331412012131,2023-09-12,-0.28282362279417406,5.599538
CNP5558062,5.381053497186362,5.896028642825784,up,9.570154727298132,2023-09-12,-0.5172114075316667,5.378817235294117
CNP5558063,5.510972971962617,5.655928063332005,up,2.630299442709212,2023-09-12,-0.14393706333200473,5.511991
CNQ3668707,6.483878181818182,5.836115951688221,down,-9.99035163779585,2023-09-12,0.6289000483117784,6.465015999999999
CNQ3669116,5.971874666666666,5.8978059535323935,down,-1.2402924922002103,2023-09-12,0.16225604646760683,6.060062
CNQ3672460,6.488491,5.814204574745141,down,-10.392037613288798,2023-09-12,0.6644154252548589,6.47862
CNQ3706921,6.207339999999999,5.859890018696129,down,-5.597405350824513,2023-09-12,0.45889991013598674,6.318789928832116
CNQ4112716,6.281520102040816,5.980574654218972,down,-4.790965290775226,2023-09-12,0.34805680731949096,6.328631461538463
CNQ4184057,6.142651,5.971424519035413,down,-2.787501373016099,2023-09-12,0.13254167144077744,6.10396619047619
CNQ4499997,5.671419609580052,5.953519544412647,up,4.97406212645732,2023-09-12,-0.20929771891187698,5.74422182550077
CNQ4500092,6.123234694915254,5.723222604573646,down,-6.532692445608513,2023-09-12,0.39163034316154555,6.114852947735192
CNQ5005076,5.848833618421052,5.967426416914098,up,2.0276315968287153,2023-09-12,-0.07202166443885005,5.8954047524752475
CNQ5005077,5.759963505787038,6.296193584386738,up,9.309608959517698,2023-09-12,-0.5637715498340796,5.732422034552658
CNXC5620657,6.707526555810485,6.003181388306847,down,-10.500818172586882,2023-09-12,0.6663857843247323,6.669567172631579
CNXC5620658,7.177957136045655,5.962404344034882,down,-16.934522858970745,2023-09-12,1.2330462294656632,7.195450573500545
CNXC5620767,7.512567364031904,5.883692027394833,down,-21.682006399512314,2023-09-12,1.6972258495747337,7.580917876969567
COF4118915,6.141791412698413,5.981148182971001,down,-2.6155761232020183,2023-09-12,0.5003078170289994,6.4814560000000006
COF4208473,6.19239237751004,5.9768719494749,down,-3.48040651974643,2023-09-12,0.2887689121668142,6.265640861641714
COF4305361,6.233724854609929,5.97577147721359,down,-4.138029563585542,2023-09-12,0.3753036955998965,6.351075172813487
COF4387492,6.412395368251985,6.080053133642965,down,-5.1828094732657926,2023-09-12,0.4171069596461221,6.497160093289087
COF4463983,6.15894419752422,5.9687553874083425,down,-3.0880099578159816,2023-09-12,0.22035828000612856,6.189113667414471
COF4559130,6.047536156847743,5.9890581442048,down,-0.96697251783649,2023-09-12,0.0950668501066474,6.0841249943114475
COF4591914,6.101837278998467,5.948919572006991,down,-2.5060928372802316,2023-09-12,0.1839730005015996,6.132892572508591
COF4627793,6.033353423433876,5.973747449322574,down,-0.9879410325904217,2023-09-12,0.2849581412481461,6.25870559057072
COF4791418,6.210984741254125,6.033786062843272,down,-2.852988467897484,2023-09-12,-0.10991756486912596,5.923868497974146
COF4984909,5.944056,5.946271586578477,up,0.03727398561650463,2023-09-12,0.042494317267677495,5.988765903846154
COG4806624,8.84073275,5.9256584385215625,down,-32.97322059054933,2023-09-12,3.067499450367327,8.99315788888889
COG5507748,5.542190723404255,5.951463049607219,up,7.384666941804033,2023-09-12,-0.35677804960721904,5.594685
COG5507749,5.7709485,5.925983735494419,up,2.6864775434128108,2023-09-12,-0.10389073549441896,5.822093
COH4215866,5.857351441860464,5.972464513074482,up,1.9652751308611007,2023-09-12,0.13399356579875832,6.10645807887324
COH4504624,6.245101328301887,5.9488812853913196,down,-4.743238377384551,2023-09-12,0.329903544563634,6.278784829954954
COIN5424425,10.773042677380229,6.030641397372481,down,-44.02100151301914,2023-09-12,4.414460794588862,10.445102191961343
COKE4313681,5.380859,5.964100666750482,up,10.839192529491697,2023-09-12,-0.3990414359812515,5.56505923076923
COP.GF,5.06401226923077,5.886450794224356,up,16.24084779554681,2023-09-12,-0.831686661483908,5.054764132740448
COP.GK,5.505553964912283,5.864603290030204,up,6.521583975131216,2023-09-12,-0.33159529003020527,5.533007999999999
COP.GR,5.412141692307693,5.8151032436654955,up,7.445510008182785,2023-09-12,-0.36952324366549494,5.4455800000000005
COP.GV,5.317111280285036,5.932203992508241,up,11.568174518067112,2023-09-12,-0.626401717427334,5.305802275080907
COP.GW,5.1279390000000005,5.925115344573852,up,15.545745465651045,2023-09-12,-0.8349402646944242,5.090175079879428
COP3668520,5.353077958333332,5.992884580384373,up,11.952125992393418,2023-09-12,-0.4539629644423453,5.538921615942027
COP3668524,5.286375999999998,5.9032990872606685,up,11.670056902132403,2023-09-12,-0.6243364205940027,5.278962666666666
COP3696834,6.298826000000002,5.986042759654007,down,-4.965738700291055,2023-09-12,-0.6930785596540074,5.292964199999999
COP3702253,5.220664600000001,5.904054241369779,up,13.09008897774773,2023-09-12,-0.6280732413697789,5.275981
COP4182642,5.1614766923076925,5.981334100941704,up,15.88416372887764,2023-09-12,-0.5218341465992742,5.45949995434243
COP4341608,5.730329000000001,5.736689967932626,up,0.11100528316305466,2023-09-12,-0.04348339650405464,5.693206571428571
COP5367199,5.478242,5.7105114073619205,up,4.239852992290605,2023-09-12,-0.1931305851396985,5.517380822222222
COP5367200,5.84029,5.983975323175131,up,2.4602429532631205,2023-09-12,-0.08017203226604064,5.9038032909090905
COP5397607,5.630703,5.730253186572789,up,1.7679885899289847,2023-09-12,-0.11527252555583978,5.614980661016949
COP5397609,5.2632159270166445,6.238557853902906,up,18.531292282342587,2023-09-12,-1.036838853902906,5.201719
COP5487527,5.468338375000001,5.790402503984346,up,5.88961594726378,2023-09-12,-0.26471400398434675,5.525688499999999
COP5487570,5.584328600654663,5.566616193852046,down,-0.3171805971543367,2023-09-12,0.039548852124964284,5.6061650459770105
COP5585627,5.617123166947486,5.695317907508112,up,1.3920780840402935,2023-09-12,-0.07709811836388702,5.618219789144225
COP5631881,5.289983431193168,5.976994186651991,up,12.987011479237593,2023-09-12,-0.6712884078117121,5.305705778840279
COP5631882,5.641966477011494,5.694860400313804,up,0.9375086420280692,2023-09-12,-0.06844891271817932,5.626411487595624
COP5631883,5.770083382215289,5.575451897980362,down,-3.373113893550059,2023-09-12,0.18285378383781925,5.7583056818181815
COST4495547,5.533408700394218,5.989565688737041,up,8.243688710547,2023-09-12,-0.5798984126807039,5.409667276056338
COST4495548,4.811053186278767,6.1018306524523975,up,26.82941585129338,2023-09-12,-1.275577309246823,4.8262533432055745
COST4977642,4.895182364130435,5.963946246512953,up,21.83297378691978,2023-09-12,-1.0849215022464023,4.879024744266551
COST4977643,4.916668137505557,5.964958204523343,up,21.321147527146923,2023-09-12,-1.0597461173438552,4.905212087179488
COST4977644,4.832119284169885,5.899512856709784,up,22.089553460252954,2023-09-12,-1.04899325765318,4.850519599056604
CP.AB,5.959852333333333,5.784128114136681,down,-2.948465991578847,2023-09-12,0.2358768858633189,6.020005
CP.GH,5.526046,5.898310003328446,up,6.7365346457204005,2023-09-12,-0.33548642332844825,5.562823579999998
CP.GI,5.595997,5.882793924436683,up,5.125037137022831,2023-09-12,-0.22485025777001688,5.657943666666666
CP4287453,5.999853421052632,5.168878990034223,down,-13.849912201232081,2023-09-12,0.8102822599657769,5.97916125
CP4287454,5.3678828506200675,5.874155330026822,up,9.431511333155726,2023-09-12,-0.45363266336015506,5.420522666666667
CP4633291,5.1832183333333335,5.936406617917061,up,14.53128608802693,2023-09-12,-0.705320617917061,5.231086
CP4961252,5.321089207792207,5.919946165927492,up,11.25440553145243,2023-09-12,-0.5943027386506454,5.325643427276846
CP5305487,5.376883343943139,5.971241540665635,up,11.0539537256656,2023-09-12,-0.5459593840391275,5.4252821566265075
CP5305488,4.284409857142857,5.897249494970479,up,37.64438257788847,2023-09-12,-1.6708535368110864,4.226395958159393
CP5305502,5.918338864253394,5.976931997069256,up,0.9900266638965769,2023-09-12,-0.03681930671392486,5.940112690355331
CP5305503,5.445734355163495,5.73321641619274,up,5.279032032781087,2023-09-12,-0.2800550221639897,5.453161394028751
CP5573704,5.465063,5.959190433324336,up,9.041568840548338,2023-09-12,-0.3902998333243364,5.5688906
CP5573705,5.369617,5.9263611115811425,up,10.368413828791564,2023-09-12,-0.5602971115811428,5.366064
CP5573706,,no data prior to target date,N/A,N/A,,N/A,5.710500347826087
CP5573708,5.664977,5.725639795406974,up,1.0708392180051893,2023-09-12,-0.017397112480145083,5.708242682926829
CP5573710,5.706513500000001,5.494939915745625,down,-3.70758054378345,2023-09-12,0.1823505387998301,5.677290454545455
CPB4222994,5.789971000000001,5.973456001052187,up,3.1690141634938405,2023-09-12,0.03515137732618978,6.008607378378377
CPB4610084,5.871826843956043,5.97802611274252,up,1.8086239871972591,2023-09-12,-0.05884179697737668,5.919184315765143
CPB4610085,5.462601860255281,5.99006771164948,up,9.65594536976834,2023-09-12,-0.5540656890250455,5.436002022624434
CPB4610086,5.929013600000001,5.716154341089874,down,-3.590129375148119,2023-09-12,0.2780311909976012,5.994185532087475
CPB4978498,5.586023,5.915738199670009,up,5.902503438851016,2023-09-12,-0.3197044954560706,5.596033704213938
CPB4978499,5.76137,5.691644638018479,down,-1.2102219087043748,2023-09-12,0.09447950981226505,5.786124147830744
CPE4640205,6.757651278514589,5.9648980405056795,down,-11.73119483879562,2023-09-12,0.87880995949432,6.8437079999999995
CPO4404908,5.328708,5.958804010962556,up,11.824555050915835,2023-09-12,-0.5658990109625552,5.392905000000001
CPO4986183,5.566036789473684,5.914693324140499,up,6.263999823468349,2023-09-12,-0.26478032414049935,5.649913
CPO4986184,6.217007000000001,5.690141700693134,down,-8.474581085510541,2023-09-12,0.5081348826401992,6.1982765833333335
CPT4073504,6.2467094358974355,5.994931079560811,down,-4.030575760251495,2023-09-12,0.45952792043918933,6.454459
CPT4161046,5.6169716969696974,5.992671549798138,up,6.688654903337456,2023-09-12,0.04156145020186219,6.034233
CPT4729078,5.3136135,5.933086933363737,up,11.658232827128602,2023-09-12,-0.5151469333637371,5.41794
CPT4843641,5.274851789640174,5.939270785794861,up,12.595974686143945,2023-09-12,-0.6285830035016824,5.310687782293178
CPT4888219,,no data prior to target date,N/A,N/A,,N/A,5.617286
CPT4977624,5.29728905710145,5.934713032035224,up,12.033022326377578,2023-09-12,-0.6540873548472748,5.280625677187949
CR4594953,7.045728999999999,5.718118020932234,down,-18.84277665331387,2023-09-12,1.3338899790677656,7.052008
CRAR5523247,5.509048,5.969776472071379,up,8.363123212420348,2023-09-12,-0.5008984720713787,5.468878
CRAR5605097,5.717648,6.014831020241376,up,5.197644560164881,2023-09-12,-0.2912200202413757,5.723611
CRAR5605099,5.748307383583268,5.894469558722484,up,2.5426993614962994,2023-09-12,-0.1644525587224841,5.730017
CRBG5594409,5.935295897949337,5.963980101269428,up,0.48328177420777246,2023-09-12,0.06813959722790575,6.0321196984973335
CRBG5594453,6.143824885185185,5.977673123148499,down,-2.704370081206803,2023-09-12,0.24782906189822995,6.225502185046729
CRBG5594456,5.626208981609196,5.955489470029417,up,5.852617446251371,2023-09-12,-0.2170534700294171,5.738436
CRBG5594460,5.769575476885645,5.939774558195503,up,2.94994115237278,2023-09-12,-0.1706325581955026,5.769142
CRBG5594610,6.180740979079498,5.723602183817571,down,-7.396181085880241,2023-09-12,0.47963869118242997,6.2032408750000005
CREE5180806,2.8138,5.975205705708257,up,112.35360387050454,2023-09-12,-2.4277725494957116,3.5474331562125454
CRM4619522,4.906227783858486,5.959638868395149,up,21.470896398295864,2023-09-12,-1.0018176430034265,4.957821225391722
CRM5214228,4.860146544444447,5.939057230554428,up,22.199138981586177,2023-09-12,-1.067513798121995,4.871543432432433
CRM5214229,5.296386327902241,5.793432681034455,up,9.384631753799582,2023-09-12,-0.508966931034454,5.284465750000001
CRM5214231,4.937718318394448,5.939985903289381,up,20.298192814304386,2023-09-12,-0.9774722490533208,4.96251365423606
CRM5214232,5.28414274683747,5.713431663489526,up,8.124097648743179,2023-09-12,-0.4057042246904512,5.307727438799075
CRM5214233,5.340017,5.567611524928139,up,4.262056186864931,2023-09-12,-0.2482120249281392,5.319399499999999
CRM5214234,5.65595960510328,5.990799996016578,up,5.920134058439473,2023-09-12,-0.343560494458945,5.647239501557633
CRS5014493,6.969928325842697,5.938240007023585,down,-14.80199322845083,2023-09-12,1.0057777461720887,6.9440177531956735
CRWD5111049,6.091584643227859,5.96357662818364,down,-2.101391059000187,2023-09-12,0.16158681356393423,6.125163441747574
CRZBF4051010,7.82648,6.000895335833795,down,-23.325743682552115,2023-09-12,1.8153886641662043,7.816284
CS.LH,5.63457208490566,5.894396988410383,up,4.611262392059251,2023-09-12,-0.2421064990486812,5.652290489361702
CS4161459,6.296547407572383,6.23094055193612,down,-1.0419496811437103,2023-09-12,0.06365841776084924,6.2945989696969695
CS4974310,6.24737750877193,5.992748545913769,down,-4.075773594610484,2023-09-12,0.3064085079784471,6.299157053892216
CS5392006,6.174638368020305,5.984062734215865,down,-3.086425834935849,2023-09-12,0.31556926578413513,6.299632
CS5402880,,no data prior to target date,N/A,N/A,,N/A,6.569820181818182
CS5426889,6.025963692307691,5.977977974436175,down,-0.796316080244075,2023-09-12,1.612326525563824,7.590304499999999
CS5445637,6.288074,5.9904000102448025,down,-4.7339453981489,2023-09-12,-0.13568347859923602,5.8547165316455665
CS5462715,8.825422000000001,5.987372924723359,down,-32.15765858308693,2023-09-12,-0.07347992472335818,5.913893000000001
CS5464633,6.012623148626818,5.988641196329408,down,-0.39886005998707774,2023-09-12,0.31240580367059234,6.3010470000000005
CS5464634,5.8183715,5.951748468481607,up,2.2923419118495114,2023-09-12,-0.09850546848160668,5.853243
CS5522626,6.361313733333334,5.978101606685266,down,-6.024103553327875,2023-09-12,0.37817408549512255,6.356275692180389
CS5522627,5.830697,5.959274219755355,up,2.205177524322653,2023-09-12,-0.10927971975535389,5.849994500000001
CS5538091,,no data prior to target date,N/A,N/A,,N/A,7.005963999999999
CSCO.GD,5.197337327384272,5.969365225004147,up,14.85429651741352,2023-09-12,-0.7913372250041464,5.178028
CSCO.GG,5.25431424691358,5.815685316353518,up,10.684002575020914,2023-09-12,-0.5336231983594182,5.2820621179941
CSCO4101281,5.71033783121019,5.994006550605955,up,4.967634626542715,2023-09-12,-0.5014545706059534,5.492551980000002
CSCO4257977,5.114440500000001,5.974879167564675,up,16.82371058114126,2023-09-12,-0.8002870047739776,5.174592162790697
CSCO4337813,4.9229642102176365,6.122861071421327,up,24.373463018749934,2023-09-12,-1.1610473579963116,4.961813713425015
CSCO4403892,6.280216049180328,5.9952602229651895,down,-4.537357058796243,2023-09-12,-0.4698732229651892,5.525387
CSCO4403899,4.985567114934114,5.973813035700985,up,19.82213653902302,2023-09-12,-0.9812429461948113,4.992570089506174
CSL4565298,5.976412777777778,5.979055111151482,up,0.04421269868655339,2023-09-12,0.0590120771201228,6.038067188271604
CSL4565299,5.384565,5.954409872987094,up,10.582932381484742,2023-09-12,-0.48701487298709534,5.467394999999999
CSL4952059,5.686603972765536,5.942470938727473,up,4.499468702011649,2023-09-12,-0.16318133872747254,5.7792896
CSL5259125,5.52602585123967,5.917759574026529,up,7.088886902311185,2023-09-12,-0.34780177402652956,5.569957799999999
CSPE4870144,6.445930000000001,5.980926444111302,down,-7.213909488447731,2023-09-12,-0.12148709323410856,5.859439350877193
CSPE4870145,5.612928850585937,5.9304631335876135,up,5.657194157530234,2023-09-12,-0.31036117803205876,5.620101955555555
CSPE4870146,5.813959132032146,5.709961446749772,down,-1.7887584504919536,2023-09-12,0.10612544798707013,5.816086894736842
CSPE5065745,5.765452399999998,5.975322487863309,up,3.640132175287943,2023-09-12,0.02418251213669098,5.999505
CSPE5065746,5.685027500000001,5.914558373052777,up,4.037462845215355,2023-09-12,-0.16847137305277649,5.746087
CSPE5065747,5.816084,5.689928538950001,down,-2.169079075370969,2023-09-12,0.14861481104999807,5.838543349999999
CSPE5491911,5.808921,5.666429953398826,down,-2.45296926229801,2023-09-12,0.13762204660117483,5.804052
CSX.MG,5.10698806880734,5.952541850094238,up,16.556799622294093,2023-09-12,-0.7933604438442377,5.15918140625
CSX.PL,5.58186171171171,5.852166791514563,up,4.842561384774296,2023-09-12,-0.27788512484789596,5.574281666666667
CSX.PY,5.690475816390506,5.833108230651604,up,2.5065112103678278,2023-09-12,-0.14673886766228073,5.686369362989323
CSX3823954,5.699128,5.776917062830206,up,1.3649292107530493,2023-09-12,-0.06294206283020642,5.713975
CSX3918738,5.575046,5.764437381197825,up,3.397126789587475,2023-09-12,-0.12575267424418524,5.63868470695364
CSX4145240,5.687321046066621,6.014968874900422,up,5.761022213796147,2023-09-12,-0.3061688589671894,5.708800015933233
CSX4301532,5.378828237772126,6.008983521303338,up,11.71547511233075,2023-09-12,-0.5523535213033375,5.4566300000000005
CSX4415157,5.3215733715847,5.9603309604707135,up,12.003171699120998,2023-09-12,-0.6271431033278576,5.333187857142856
CSX4415159,5.633333456302895,5.859308653212703,up,4.011393940420368,2023-09-12,-0.23068670140547454,5.6286219518072285
CSX4490259,5.138917288770053,5.956053432785517,up,15.900939791366758,2023-09-12,-0.7890483569001878,5.167005075885329
CSX4600595,5.130318480093678,5.945875496467611,up,15.896810686089054,2023-09-12,-0.7955903125053467,5.150285183962264
CSX4766115,5.073133848970252,5.934388665541102,up,16.976780865848195,2023-09-12,-0.8304481267283164,5.103940538812785
CSX4800964,5.521997,5.712820685891128,up,3.45570064400846,2023-09-12,-0.11867535255779416,5.5941453333333335
CSX4880194,5.250697046179682,5.928348405731427,up,12.905931414283224,2023-09-12,-0.7092834057314272,5.219065
CSX4880195,5.538377163708087,5.73312988424607,up,3.5164221356060796,2023-09-12,-0.21187688424607032,5.521253
CSX5450130,5.519879668621701,5.685577127708964,up,3.0018310005775413,2023-09-12,-0.14187464397023852,5.543702483738725
CSX5450139,5.1646028604360845,5.958139959403002,up,15.364920022135312,2023-09-12,-0.7880761538030017,5.1700638056
CSX5647294,5.235686428222571,6.071987613702849,up,15.973095351399577,2023-09-12,-0.8223793637028489,5.24960825
CSYX4577387,5.292588555555556,5.951937070806684,up,12.457959055952301,2023-09-12,-0.5940670708066822,5.357870000000002
CSYX5022854,5.423217,5.692307482570174,up,4.961823998010285,2023-09-12,-0.2512194825701739,5.441088
CTAS.GC,5.4984875,5.9161231750644045,up,7.59546466304423,2023-09-12,-0.4211556750644032,5.494967500000001
CTAS4465831,5.105525976415095,5.955514504083511,up,16.648402761927493,2023-09-12,-0.8896770949926021,5.065837409090909
CTAS5405289,5.1209202,5.904288611017607,up,15.297414925887887,2023-09-12,-0.799729327435518,5.104559283582089
CTAS5405291,5.608329,5.977795004538271,up,6.587809034353552,2023-09-12,-0.347574312230579,5.630220692307692
CTHO5583421,7.240723600000001,5.986665145735158,down,-17.319518373341072,2023-09-12,-0.09950714573515818,5.8871579999999994
CTL.GD,28.23650293333334,5.973238821902051,down,-78.84568483567202,2023-09-12,20.75446992338097,26.72770874528302
CTL.GG,36.01213221551724,5.9560574366101795,down,-83.4609697616189,2023-09-12,31.182787074753456,37.13884451136364
CTL.HC,29.124805541666667,5.842953694883248,down,-79.93822246632969,2023-09-12,23.21310184816311,29.05605554304636
CTL3668178,14.742364432503278,5.868784766479823,down,-60.191020963091916,2023-09-12,8.827605090229584,14.696389856709407
CTL3681729,24.773036210200928,5.9328490634301625,down,-76.05118317718697,2023-09-12,19.049654619051587,24.98250368248175
CTL3702020,22.50060840909091,5.924532710084931,down,-73.66945549929554,2023-09-12,15.445022089148416,21.36955479923335
CTL3702208,23.23411383645936,5.988047544366181,down,-74.22734696698595,2023-09-12,15.835580884205239,21.82362842857142
CTL3705092,28.076827479323732,6.0136538108388295,down,-78.5814340481759,2023-09-12,22.170728823722076,28.184382634560905
CTL3705108,9.6657438233842,6.071674479755429,down,-37.183577480438586,2023-09-12,3.7397527295355237,9.811427209290953
CTL3828009,29.04649757672441,5.84216837184877,down,-79.8868405513709,2023-09-12,22.93483745241484,28.777005824263608
CTL4302411,23.763044687238494,6.041391061181741,down,-74.57652779474778,2023-09-12,16.927859323347406,22.969250384529147
CUBE4302419,5.975118087570623,5.97633651389278,up,0.02039166932435041,2023-09-12,-0.0034577120909773384,5.972878801801802
CUBE4392302,5.748032,5.961628184862165,up,3.715988095789386,2023-09-12,-0.2667991848621645,5.694829
CUBE5306397,5.775886,5.950501186007639,up,3.023175769183097,2023-09-12,-0.15261518600763857,5.797886
CUT3853608,5.826641333333333,5.782164054273844,down,-0.7633433485092205,2023-09-12,-0.3677719431627322,5.414392111111112
CVA5029262,8.243392874213836,5.918686509463144,down,-28.200843999836618,2023-09-12,2.1948296294257448,8.113516138888889
CVE3683666,6.48346518309859,5.815626057304323,down,-10.300651070591424,2023-09-12,0.6559881474670464,6.471614204771369
CVE3889915,,no data prior to target date,N/A,N/A,,N/A,6.558
CVE4040157,6.7105134999999985,5.771719767867617,down,-13.989894098750893,2023-09-12,1.0411262321323838,6.812846
CVE4481641,,no data prior to target date,N/A,N/A,,N/A,5.588871
CVE5022944,,no data prior to target date,N/A,N/A,,N/A,5.3312495
CVE5256459,6.06599,5.677735832271927,down,-6.4005078763412575,2023-09-12,0.3911519177280729,6.06888775
CVS.GU,5.466422923076922,5.957056567732192,up,8.975405883507879,2023-09-12,-0.4490204650751872,5.508036102657004
CVS.HA,6.109931,5.817150056773055,down,-4.791886245964876,2023-09-12,0.3072986098936088,6.124448666666664
CVS4077375,5.281304,5.994234372802838,up,13.499135304516413,2023-09-12,0.04744450736245209,6.04167888016529
CVS4077377,6.1330555145985395,5.78090526335345,down,-5.741840268800189,2023-09-12,0.40162706997988273,6.182532333333333
CVS4104272,6.071996,5.772386843015223,down,-4.93427790441195,2023-09-12,0.28964315698477705,6.06203
CVS4153381,5.911304299999999,5.986903933664447,up,1.2788993736026677,2023-09-12,0.03182573210374784,6.018729665768195
CVS4181074,6.036753875,5.983438165853492,down,-0.8831850734763854,2023-09-12,-0.08707460917146381,5.8963635566820285
CVS4268486,5.666568163636363,5.9963225910018565,up,5.8192969332232085,2023-09-12,-0.2668238474673741,5.729498743534482
CVS4268487,5.86018573996176,5.88047478886805,up,0.34621852969498146,2023-09-12,-0.05007412220138274,5.830400666666668
CVS4268488,6.202325151898733,5.7533849188266775,down,-7.238256977459819,2023-09-12,0.4653760562327047,6.218760975059382
CVS4291656,5.737009875310945,6.072148327057098,up,5.841692084031642,2023-09-12,-0.5175102897127006,5.5546380373443975
CVS4364165,5.52851643393124,6.077663913193295,up,9.932998948717325,2023-09-12,-0.5154427566778867,5.562221156515408
CVS4607884,5.988057273972603,5.873814182281063,down,-1.9078490145393918,2023-09-12,0.14800649059127746,6.02182067287234
CVS4607885,6.156045050856849,6.0031160232795715,down,-2.4842090386585416,2023-09-12,0.1502833577549909,6.153399381034562
CVS4608028,5.450783838169765,6.048111520354613,up,10.95856485817672,2023-09-12,-0.5741952296688408,5.473916290685772
CVS4608034,5.565778797777776,5.984053289032981,up,7.515111657369627,2023-09-12,-0.4010447629913152,5.583008526041666
CVS4870439,5.93477704098916,6.0188616085095346,up,1.416810891793165,2023-09-12,-0.03355911971857939,5.985302488790955
CVS4870440,5.518103841322314,5.977003652613262,up,8.316259071720927,2023-09-12,-0.4459682507710072,5.531035401842255
CVS4870441,5.544797303487276,5.941697302965294,up,7.158061471938688,2023-09-12,-0.36169935150898347,5.579997951456311
CVS4971703,5.463905,5.976375955636022,up,9.379206915860037,2023-09-12,-0.479985899103359,5.496390056532663
CVS4971704,5.608989202531645,5.94405817989991,up,5.973785387517418,2023-09-12,-0.33297515372189945,5.611083026178011
CVS4971705,6.062603329758713,5.835670637815344,down,-3.74315586225894,2023-09-12,0.21774322027778314,6.053413858093127
CVS4971706,5.968758853121176,5.712181024258326,down,-4.298679762019204,2023-09-12,0.24042397574167484,5.952605000000001
CVS5029857,5.40965063438858,5.961290117201257,up,10.197321788323308,2023-09-12,-0.5212984801905804,5.439991637010676
CVS5029858,5.568907,5.91890615419568,up,6.284880573435321,2023-09-12,-0.3392662608163146,5.579639893379365
CVS5029859,5.941046,5.806524536696204,down,-2.264272373985922,2023-09-12,0.12698927660851567,5.93351381330472
CVS5092074,5.597426609472743,5.919099711455326,up,5.746803387081538,2023-09-12,-0.29995957002437734,5.6191401414309485
CVS5237148,5.576810727737102,5.972383072139432,up,7.093164242331053,2023-09-12,-0.40602595511815487,5.566357117021277
CVS5540966,5.762767006784772,6.0685111568716446,up,5.305509484018802,2023-09-12,-0.2857715423815712,5.782739614490073
CVS5541026,5.538294453120195,5.987474764924093,up,8.11044475164797,2023-09-12,-0.37225870671283534,5.615216058211257
CVS5541027,6.171399404939702,5.916884193412704,down,-4.124108566418169,2023-09-12,0.2450843181766995,6.161968511589404
CVS5541191,5.602302773821464,5.935588556839721,up,5.949085518470029,2023-09-12,-0.3540375925013777,5.581550964338343
CVS5596306,6.173055672392176,6.019720129440308,down,-2.483948810596878,2023-09-12,0.16488742328000594,6.184607552720314
CVS5596307,6.297465861471863,5.776922176426456,down,-8.265923095035946,2023-09-12,0.519259239403433,6.2961814158298886
CVS5596384,5.46200538490099,5.945470541323131,up,8.851422185679604,2023-09-12,-0.4591500272698772,5.486320514053253
CVS5596385,5.7609178476292815,6.0593766083202345,up,5.180750161430856,2023-09-12,-0.2821887375019525,5.777187870818282
CVS5596386,5.649040675199624,5.985438719302616,up,5.954958787601663,2023-09-12,-0.37231240125832255,5.613126318044293
CVX4310105,4.96470034375,5.976853969388876,up,20.387003354856333,2023-09-12,-0.9762144121534542,5.000639557235422
CVX4362390,4.985689098425197,5.9954447824959125,up,20.253081653038933,2023-09-12,-0.9553220001909644,5.040122782304948
CVX4462034,5.745931132310401,6.080635763433518,up,5.825072097384052,2023-09-12,-0.33400411821420306,5.746631645219315
CVX4985687,5.346340277182237,5.9821520520335785,up,11.892467405506094,2023-09-12,-0.5802930036357141,5.401859048397864
CVX4985688,4.971078651941098,5.972799725283261,up,20.15098016908288,2023-09-12,-0.9821158275712838,4.990683897711977
CVX4985689,4.961554487344912,5.933722744998841,up,19.594025625105406,2023-09-12,-0.9827016003845372,4.9510211446143035
CVX4985691,5.169872849876948,5.732001591790266,up,10.873163774747333,2023-09-12,-0.5489984168363069,5.183003174953959
CVX5028405,4.927729009528852,5.9639055663487595,up,21.02746629971396,2023-09-12,-1.029859764687286,4.934045801661473
CVX5028517,5.159388284671534,5.980409438019678,up,15.913149157379483,2023-09-12,-0.811985028019679,5.168424409999999
CVX5028521,5.103572028571428,5.696763293475746,up,11.62306050710059,2023-09-12,-0.5325762934757456,5.164187
CVX5101906,5.074027700944386,5.978870942712344,up,17.832840005968972,2023-09-12,-1.008803908850365,4.970067033861979
CVX5101907,5.410765435670502,6.649501365467507,up,22.89391296896057,2023-09-12,-1.2190839591287101,5.430417406338797
CVX5105465,4.920803639570552,5.97065221590353,up,21.3349008257643,2023-09-12,-1.0399778984432126,4.930674317460317
CVX5105466,4.941288033823529,5.936796602859975,up,20.146742351834305,2023-09-12,-0.966374507484252,4.9704220953757225
CVX5105467,5.3896144,5.801901673210449,up,7.64966178675879,2023-09-12,-0.4557100383981618,5.346191634812287
CWRU5427879,5.9913786,4.889861529409542,down,-18.385035300397444,2023-09-12,0.987170470590458,5.877032
CXW4553073,8.06544836834817,5.980034819719948,down,-25.856139093421802,2023-09-12,2.0083081818955613,7.988343001615509
CXW5163033,7.831123733893557,5.970663332597117,down,-23.757259679658233,2023-09-12,1.8886764920431727,7.85933982464029
CYH4255626,5.8121645,6.053406452114973,up,4.150638752825615,2023-09-12,-0.36127073782925745,5.692135714285715
CYH5032164,5.815023,5.810469155637555,down,-0.07831171712382436,2023-09-12,0.026545844362445337,5.837015
CZTN4981694,7.278204285714286,6.096871886078903,down,-16.231097029718043,2023-09-12,1.099194313921097,7.1960662
D.GG,,no data prior to target date,N/A,N/A,,N/A,5.540635666666666
D.GW,6.31536593485064,5.910902132637495,down,-6.404439685452861,2023-09-12,0.3601494739198827,6.271051606557378
D.IY,5.824020666666667,5.924756203475901,up,1.7296562387868353,2023-09-12,0.2798717965240991,6.2046280000000005
D.JA,5.817208,5.887460796547628,up,1.2076720747758691,2023-09-12,-0.06503879654762823,5.8224219999999995
D.JT,5.731988688034188,5.864861227423208,up,2.3180879555187817,2023-09-12,-0.1398552274232081,5.725006
D.KA,6.048656904761903,5.850384404188428,down,-3.277959118781925,2023-09-12,0.16718559581157333,6.017570000000001
D.KF,6.071097000000002,5.828268741229368,down,-3.999742695111502,2023-09-12,0.2227132587706322,6.050982
D.KO,6.174088,5.802107133236105,down,-6.024871475170018,2023-09-12,0.3804892341108328,6.182596367346938
D3688556,5.869578499999999,5.804295861972258,down,-1.1122202050409855,2023-09-12,0.09122447136107503,5.895520333333333
D3703413,5.342915057142857,5.8900595103627635,up,10.240560581034087,2023-09-12,-0.5567975349529286,5.333261975409835
D3951230,5.777883,5.782871138410268,up,0.08633159256198383,2023-09-12,-0.01802602971461642,5.764845108695652
D4040118,5.998036,5.774883771397698,down,-3.7204216280512856,2023-09-12,0.16315722860230242,5.938041
D4095574,5.912660999999999,6.060216023714983,up,2.495577265718165,2023-09-12,0.12778206719410523,6.187998090909089
D4185554,6.159975,5.804545369252321,down,-5.769984955258405,2023-09-12,0.33449063074767693,6.139035999999998
D4190881,5.835703400000001,5.989688858016714,up,2.638678621273196,2023-09-12,0.30810851698328623,6.297797375
D4245186,5.654335811594201,5.995507737233011,up,6.033810813627961,2023-09-12,-0.2924190285243,5.7030887087087105
D4291193,5.620387305389221,5.989880687570578,up,6.5741622792981,2023-09-12,-0.26083796029785056,5.729042727272727
D4327151,5.47777183882784,5.981814722976923,up,9.20160421024291,2023-09-12,-0.4895339002708585,5.492280822706064
D4390935,5.519273527472528,5.969234909762074,up,8.152547251913408,2023-09-12,-0.3370949097620741,5.63214
D4425808,5.328934,5.96349280574502,up,11.907800054288893,2023-09-12,-0.5371162766670059,5.426376529078014
D4466725,5.33787274909964,5.9690799382394,up,11.825070000895542,2023-09-12,-0.5522019382394001,5.416878
D4612176,5.292443913974456,5.962943943786024,up,12.6690058640233,2023-09-12,-0.6604967467600016,5.302447197026022
D4639803,5.397846800000001,5.947071489361431,up,10.174884721838156,2023-09-12,-0.4317758442001409,5.51529564516129
D4807955,6.072006,5.723625851044609,down,-5.737480314666863,2023-09-12,0.3513091489553908,6.074935
D4851548,6.086571166507177,5.99476002628369,down,-1.5084213707826142,2023-09-12,0.04512955670386276,6.039889582987553
D4856863,5.10535,5.934549007061144,up,16.24176612888724,2023-09-12,-0.6515980070611445,5.282951
D4914005,5.88286004710145,5.989281781891317,up,1.8090135399753804,2023-09-12,-0.12688345561708925,5.862398326274228
D4968071,5.491221999999999,5.960262387589433,up,8.541639503728572,2023-09-12,-0.29073805425609933,5.669524333333333
D4972849,5.700107248169839,5.933684317210744,up,4.097766215116402,2023-09-12,-0.20961718421841624,5.724067132992328
D5089828,5.584593000000001,5.695381825382933,up,1.9838298938334824,2023-09-12,-0.07781568399475791,5.617566141388175
D5154862,5.598265375335121,5.983084495722917,up,6.873899227486338,2023-09-12,-0.3779594077194135,5.605125088003503
D5154864,5.958045,5.802366115003543,down,-2.6129189188140978,2023-09-12,0.2050750107558743,6.007441125759417
D5237908,5.608279,5.910880360300434,up,5.39561887524558,2023-09-12,-0.2683957901883538,5.64248457011208
D5302949,5.423988666666666,5.908054210642236,up,8.924530889056118,2023-09-12,-0.5090437106422359,5.3990105
D5302950,5.61104,5.68379585597512,up,1.2966554502395282,2023-09-12,-0.053796855975119406,5.629999000000001
D5335180,5.378642876499647,5.911843228811436,up,9.913287878647719,2023-09-12,-0.5020192288114353,5.409824
D5415313,5.275582511029412,5.960204565251512,up,12.977184088975836,2023-09-12,-0.653815540979668,5.306389024271844
D5415314,5.740832302752294,5.679253720856236,down,-1.0726420603948876,2023-09-12,0.11376927914376367,5.793023
D5503840,5.724118535135134,5.912533028490875,up,3.2915896517382817,2023-09-12,-0.27771202849087473,5.6348210000000005
D5564004,5.543644754158965,5.895878327989568,up,6.353826578919025,2023-09-12,-0.35675811002196856,5.539120217967599
D5564005,5.781988495049505,5.669564291326553,down,-1.9443864998902716,2023-09-12,0.11590523422089216,5.7854695255474455
D5632031,5.5937759819616675,5.938294706229433,up,6.158965346105033,2023-09-12,-0.35795612930635645,5.580338576923077
D5632032,5.852119114177302,5.69671380507838,down,-2.655539063147889,2023-09-12,0.20195819492162048,5.898672
DAL4622961,5.941533760207386,5.957165187088444,up,0.2630874032181355,2023-09-12,-0.010007551013890392,5.947157636074554
DAL4806640,,no data prior to target date,N/A,N/A,,N/A,3.963966
DAL4806641,8.266622,5.99349665157802,down,-27.497632629409928,2023-09-12,1.58615284842198,7.5796495
DAL4900853,6.159300159877488,6.005878485429272,down,-2.4908945897396864,2023-09-12,0.10024998593790269,6.106128471367175
DAL4900990,6.064266313868613,5.935394522755883,down,-2.1251011159916926,2023-09-12,0.21430755831821902,6.149702081074102
DAL5000237,6.164757329631276,5.986708441242698,down,-2.8881735138668896,2023-09-12,0.07924878928906232,6.06595723053176
DAN4908914,6.915423785828876,5.974504552487318,down,-13.606096495050604,2023-09-12,0.9998297222379566,6.974334274725274
DAN5002643,7.202391720119098,5.960234935643917,down,-17.24644857909285,2023-09-12,1.3647265381371323,7.324961473781049
DAN5177661,7.555967328571427,5.923091470238008,down,-21.610414488678572,2023-09-12,1.643157249540522,7.56624871977853
DB4128769,6.188898655518395,6.000938256903925,down,-3.0370573033519133,2023-09-12,0.5562665208738506,6.557204777777776
DB4228677,7.054421053162238,6.1051081062339145,down,-13.456992994524775,2023-09-12,1.0886962397840252,7.19380434601794
DB4326502,5.975565935897435,5.977920486228367,up,0.03940296795635193,2023-09-12,0.3018491137716328,6.2797696
DB4641111,6.357163000000001,5.975659404907638,down,-6.001161132605258,2023-09-12,0.41234833935864845,6.388007744266287
DB5193101,6.149874552238806,6.001121609744622,down,-2.418796371058201,2023-09-12,0.4125924057994199,6.413714015544042
DB5412937,5.989564494382023,5.987173509443145,down,-0.03991917844979843,2023-09-12,-0.029670509443144866,5.957503
DB5472112,5.839298,5.958663289514364,up,2.0441719109790895,2023-09-12,-0.10733328951436416,5.85133
DCP3674089,5.846221999999999,5.923614617162024,up,1.3238056502477187,2023-09-12,-0.04131156001916736,5.882303057142857
DDAI3671816,5.046957212765958,5.926427498137183,up,17.425752751512565,2023-09-12,-0.848825811323997,5.077601686813186
DDOG5197077,12.146090713261648,6.13721149680378,down,-49.47171364278635,2023-09-12,5.432868303777734,11.570079800581514
DDR4202012,7.167231599999997,5.986934700915555,down,-16.467960922100566,2023-09-12,1.2092622219140283,7.196196922829583
DDS.GI,6.6517479999999995,5.9436323783515785,down,-10.645556952073667,2023-09-12,0.5825983359341365,6.526230714285715
DDS3673366,6.413189,5.962097225356515,down,-7.03381382715347,2023-09-12,0.40761110797681877,6.3697083333333335
DE.GC,4.753192,5.945542158142631,up,25.085251303600415,2023-09-12,-1.1062389081426307,4.83930325
DE.GF,5.056200666666666,5.9272328351509955,up,17.22700948612791,2023-09-12,-0.916939094410254,5.0102937407407415
DE.LZ,4.871085622950821,5.943252870417861,up,22.010847898369303,2023-09-12,-1.0161626985428622,4.927090171874998
DE3863464,5.031043,5.794073077261002,up,15.166439190859663,2023-09-12,-0.8311587439276691,4.962914333333333
DE4287481,5.234742837529692,6.0143754525430175,up,14.893427226718162,2023-09-12,-0.6288711913489875,5.38550426119403
DE4371956,5.166198362863412,6.01150975158305,up,16.362348662336633,2023-09-12,-0.7420315317035326,5.269478219879518
DE4509028,5.6731799211956515,6.001032631374697,up,5.778993699003799,2023-09-12,-0.3897612855964079,5.611271345778289
DE4538770,5.006857465753425,5.957271503061241,up,18.982246724788652,2023-09-12,-0.9013304261381645,5.055941076923077
DE4583827,4.881687333333334,5.953345474112837,up,21.952617355518935,2023-09-12,-1.1535404741128374,4.799804999999999
DE4609076,5.332914588888889,5.986907306510267,up,12.263326305355982,2023-09-12,-0.6480783288014642,5.338828977708803
DE4731438,6.048604402985076,6.008332021233944,down,-0.6658127903232833,2023-09-12,-0.0323761475497335,5.97595587368421
DE4785523,5.34838715,6.002584336080378,up,12.231672235626746,2023-09-12,-0.4468817843562398,5.5557025517241385
DE4805646,5.04931678974359,5.941381568878038,up,17.667039250665596,2023-09-12,-0.8514285465468356,5.089953022331202
DE4842757,5.545488227837613,6.0099172878693885,up,8.374899394798152,2023-09-12,-0.43274951670951367,5.577167771159875
DE4880122,4.923066,5.71271103341496,up,16.039700329326475,2023-09-12,-0.805222154104615,4.907488879310345
DE4882357,4.927533950086059,5.971481666281458,up,21.186007580468658,2023-09-12,-0.9460080662814585,5.0254736
DE4933116,5.36434179292557,5.99468579674374,up,11.750630890996915,2023-09-12,-0.6272537235730082,5.367432073170732
DE4933117,4.923953657120127,5.937963231889113,up,20.59340207848442,2023-09-12,-0.930981951054199,5.006981280834914
DE4962252,5.08966845378332,5.988917474635878,up,17.66812571424208,2023-09-12,-0.8799594461640599,5.108958028471818
DE4971171,5.361041226857631,6.069284564864804,up,13.210928773668654,2023-09-12,-0.6418223236367329,5.4274622412280715
DE4971172,4.939968896737183,5.943766153257586,up,20.31991045901939,2023-09-12,-0.956464697024165,4.987301456233421
DE4971173,4.906324350553506,5.734042891394965,up,16.870440714912778,2023-09-12,-0.8388563815910413,4.895186509803923
DE5058263,5.411760108910891,6.00699429949166,up,10.998901994947417,2023-09-12,-0.7096662994916594,5.297328
DE5106410,4.9912293367875655,5.920917414459987,up,18.62643479072801,2023-09-12,-0.9142414435056301,5.006675970954357
DE5106455,5.202136107117522,6.023226811715034,up,15.783722065135933,2023-09-12,-0.866728017214311,5.156498794500723
DE5141504,5.643943413793103,5.999384933084431,up,6.297751292521338,2023-09-12,-0.029020280910518892,5.970364652173912
DE5141505,5.018550846153846,5.953866125590261,up,18.637158576429076,2023-09-12,-0.8789698723813935,5.074896253208868
DE5199041,5.361492,5.994151697369601,up,11.80006791709473,2023-09-12,-0.7278272406633199,5.266324456706281
DE5203056,5.033897,5.915656051701881,up,17.5164301474957,2023-09-12,-0.8510262063410572,5.064629845360824
DE5254592,5.485841856,5.991999979642073,up,9.226626230365628,2023-09-12,-0.30083609075318396,5.691163888888889
DE5334467,5.1620434615384605,6.000319631450064,up,16.239231152497297,2023-09-12,-0.6512806314500637,5.349039
DE5334468,5.4300136239542285,6.091149678017687,up,12.17558738981594,2023-09-12,-0.6558929803432685,5.4352566976744185
DE5334470,5.099084619047619,5.969921341262468,up,17.078295170114277,2023-09-12,-0.8271187962293558,5.1428025450331125
DE5372770,5.102254444444445,5.96362695711684,up,16.882194372142575,2023-09-12,-0.8266693924109578,5.136957564705882
DE5397303,4.920652264705883,5.940080196173116,up,20.717333325486813,2023-09-12,-1.017487356173115,4.922592840000001
DE5423578,5.404592030640669,5.991331430080117,up,10.856312485993422,2023-09-12,-0.5095739026640373,5.48175752741608
DE5423579,5.068639082352941,5.905221267513298,up,16.50506519734293,2023-09-12,-0.8132602675132983,5.0919609999999995
DE5472035,5.215976286350149,5.984254894533832,up,14.729334759328081,2023-09-12,-0.7980497273127849,5.186205167221047
DE5472036,4.982464569718309,5.973743430554945,up,19.89535192806558,2023-09-12,-0.9721736204283626,5.001569810126583
DE5472041,5.023393080454745,5.927327261089574,up,17.9944942821994,2023-09-12,-0.9488830658315548,4.978444195258019
DE5486626,5.40225314497871,6.044582193782384,up,11.890021284928245,2023-09-12,-0.5761719551389479,5.468410238643436
DE5486627,4.9930748841519925,5.940749097924366,up,18.97977169900433,2023-09-12,-0.9313544520306456,5.00939464589372
DE5522230,5.235350335877864,6.005420881686925,up,14.709054722312793,2023-09-12,-0.7568732552441135,5.248547626442812
DE5522231,5.021329522653723,5.961051937686521,up,18.71461354593921,2023-09-12,-0.8867654450676845,5.074286492618836
DE5548738,5.230241389633601,5.992787168815475,up,14.579552306959453,2023-09-12,-0.7638929838154755,5.228894185
DE5548739,5.159624068947642,5.986131054093745,up,16.018744274806775,2023-09-12,-0.8320660623582068,5.154064991735538
DE5548741,5.028429666774088,6.022263702566499,up,19.764302210673844,2023-09-12,-0.9583629966841478,5.063900705882351
DE5598889,5.279882124090474,6.082756147126091,up,15.206286886071766,2023-09-12,-0.8605403617602354,5.222215785365855
DE5598891,5.143254253521127,5.9744605838210205,up,16.161097416695668,2023-09-12,-0.8030662773694077,5.171394306451613
DE5598892,5.0882005961564465,5.968835165559859,up,17.307387017497515,2023-09-12,-0.8507547744582205,5.118080391101638
DE5616514,5.049902018511476,6.0370943493306015,up,19.548742276590012,2023-09-12,-0.9542600701863471,5.0828342791442545
DE5647179,5.234190965517241,5.981778255443467,up,14.282766808687676,2023-09-12,-0.6641447008140453,5.317633554629421
DE5647180,5.188688477218606,6.004974363123521,up,15.732027264479079,2023-09-12,-0.7773825917036534,5.227591771419868
DE5647181,5.098013755420159,6.715492320260932,up,31.727622608336137,2023-09-12,-1.6075942338380447,5.107898086422887
DELL.GB,5.483958017341039,5.959612134534116,up,8.673555043437467,2023-09-12,-0.5032275960725787,5.4563845384615375
DELL.GH,6.380265116310523,5.922310758147223,down,-7.17766973338748,2023-09-12,0.4661996197729774,6.3885103779202
DELL.GN,6.204286351916377,5.844793437439219,down,-5.794266964581954,2023-09-12,0.28028378791289477,6.125077225352114
DELL4532286,5.7015311840796015,5.970524386828348,up,4.717911628719265,2023-09-12,-0.26833879609691547,5.702185590731433
DELL4973628,5.915824109004739,5.996558422465007,up,1.3647179492266979,2023-09-12,-0.05058062834735999,5.945977794117647
DELL4973629,5.519333493006993,5.975156836036425,up,8.258666442369558,2023-09-12,-0.3472378360364248,5.627919
DELL4973630,5.9273586393700795,5.935828480376241,up,0.14289401943563781,2023-09-12,5.456662615799246e-05,5.935883047002399
DELL5207960,5.637290934767837,5.9603751083680825,up,5.731195663641079,2023-09-12,-0.27790085545862997,5.6824742529094525
DELL5208605,5.761028974830549,6.1021321315620325,up,5.920872091109666,2023-09-12,-0.33295161263542816,5.769180518926604
DELL5208606,6.52986841509434,5.749767234508003,down,-11.946660039627563,2023-09-12,0.8019937786082343,6.551761013116237
DELL5208608,5.879196926302414,6.003110047912234,up,2.1076538711512804,2023-09-12,-0.10601994374556778,5.897090104166666
DELL5210217,5.667274000305587,6.060925027230866,up,6.946038375840888,2023-09-12,-0.3507239629263248,5.710201064304541
DELL5210653,5.863910163400401,6.047305034652733,up,3.1275184329560615,2023-09-12,-0.21327050732566288,5.83403452732707
DELL5210657,5.478342204711615,5.967651394480547,up,8.931701808406643,2023-09-12,-0.4573703944805452,5.510281000000002
DELL5210725,5.7902807043478255,5.928418002851207,up,2.3856753334886944,2023-09-12,-0.17382992353664228,5.754588079314565
DELL5212276,6.4015442117283925,5.8688651640838705,down,-8.321102378213533,2023-09-12,0.5645466462055184,6.433411810289389
DELL5225110,5.850242949969118,5.942165768231549,up,1.571264972216509,2023-09-12,-0.06133824722314429,5.8808275210084044
DELL5225156,6.038932284090909,6.001469450530097,down,-0.6203552515318795,2023-09-12,0.10027116796701385,6.101740618497111
DELL5225161,5.836084118462824,6.004641203612265,up,2.888188068026642,2023-09-12,-0.12027679470538288,5.884364408906882
DELL5225162,5.714842749999999,5.950122305465228,up,4.116990891223189,2023-09-12,-0.18614038639008257,5.763981919075145
DELL5524574,5.800993558917196,5.919749959422174,up,2.0471734591469675,2023-09-12,-0.08254976791784596,5.837200191504328
DELL5524576,5.464821830508475,5.980579629107982,up,9.437778844319952,2023-09-12,-0.5202737829541366,5.460305846153846
DEO.GK,,no data prior to target date,N/A,N/A,,N/A,5.318171333333335
DEO3999914,5.478349651757189,5.789232621784615,up,5.674755898935907,2023-09-12,-0.28818962178461494,5.501043
DEO4633651,4.935242114906831,5.9606603935250915,up,20.777466530385578,2023-09-12,-1.0006343935250914,4.960026
DEO4892414,5.58834,5.993114071348069,up,7.243189772778131,2023-09-12,-0.29479141617565574,5.698322655172413
DEO4892415,5.094310500000001,5.944125486396292,up,16.681648800093576,2023-09-12,-0.8120208333350671,5.132104653061225
DEO4981689,5.127925255062944,5.9503688209985475,up,16.03852484245127,2023-09-12,-0.7924178209985477,5.157951
DFS4181073,6.483221566998169,6.333250377830043,down,-2.313220173309061,2023-09-12,0.13892653257392773,6.472176910403971
DFS4218558,6.643444961728105,6.05951971399286,down,-8.789494774159353,2023-09-12,0.5802872434539488,6.639806957446809
DFS4341645,6.6568325,5.988973060907817,down,-10.032691059782307,2023-09-12,0.015648939092182346,6.0046219999999995
DFS4345481,6.757634499999999,5.977792189422344,down,-11.540167059607258,2023-09-12,0.11295347724432325,6.090745666666667
DFS4372712,6.595745675675676,5.97804678713859,down,-9.365110768522902,2023-09-12,0.18275665730585455,6.160803444444444
DFS4385744,6.929985,5.97554197139761,down,-13.77265648630394,2023-09-12,0.9577890660438868,6.933331037441497
DFS4389193,6.2027818,5.973428233848434,down,-3.6975920409060046,2023-09-12,0.23043909948489993,6.203867333333334
DFS4453449,6.6264840110548135,6.063920619546242,down,-8.489621201380091,2023-09-12,0.5949476683325461,6.658868287878788
DFS4687221,6.562897926253687,5.9529081854660175,down,-9.294518178433272,2023-09-12,0.9199879892708243,6.872896174736842
DFS4792522,6.438210448656491,6.067122231261098,down,-5.763841060411924,2023-09-12,0.37899944758505555,6.446121678846153
DFS4882351,6.605589255220417,6.05430120823741,down,-8.34578151445494,2023-09-12,0.42243511696584246,6.476736325203253
DFS5505678,6.895972058342853,5.9655762965356,down,-13.491872558875084,2023-09-12,0.8713136453828509,6.836889941918451
DG4301539,5.57856824808184,5.985830282991929,up,7.300475978762545,2023-09-12,-0.2673345463752277,5.718495736616702
DG4479311,5.458509212121212,5.967054671005255,up,9.31656316993589,2023-09-12,-0.4756544710052548,5.4914002
DG4615522,5.49726685140187,6.00132521816248,up,9.169254110923667,2023-09-12,-0.5387172799602329,5.462607938202247
DG4973347,5.737651536304605,5.950898224773708,up,3.71661972010323,2023-09-12,-0.20654156240811616,5.7443566623655915
DG5472129,5.447417235224587,5.963928569831809,up,9.481765620362427,2023-09-12,-0.41635367152672487,5.5475748983050845
DG5472130,6.317979,5.679204309214775,down,-10.110427571621008,2023-09-12,0.5923666907852247,6.271571
DG5472134,5.8397718398827,6.003731022751959,up,2.807629944538243,2023-09-12,-0.1096552409337761,5.894075781818183
DG5472135,5.84296522,5.90428578149181,up,1.0494767499541913,2023-09-12,-0.03109874451457717,5.8731870369772325
DG5598910,5.622558824487652,5.962380430306878,up,6.043895963155021,2023-09-12,-0.32956364980500297,5.632816780501875
DG5598911,6.007112600607165,5.987681658038318,down,-0.3234655958818358,2023-09-12,0.031813945859367365,6.019495603897686
DGX4107222,5.787797411764704,6.0019074142418045,up,3.699334777023887,2023-09-12,0.20513558575819602,6.2070430000000005
DGX4219921,5.771710965957447,6.0147636197817365,up,4.211102310179013,2023-09-12,-0.25946733406744915,5.755296285714287
DGX4366387,5.335307211920529,5.978674077180462,up,12.058665784464589,2023-09-12,-0.5652520771804621,5.413422
DGX4807226,5.223572158914728,5.948065589221186,up,13.86969315758398,2023-09-12,-0.7093446284368721,5.238720960784314
DGX4923784,5.4626337613636355,5.930170202143095,up,8.558809929493574,2023-09-12,-0.48023920214309435,5.449931
DGX4986719,5.312092466666666,5.918656949075241,up,11.418560317139843,2023-09-12,-0.533791571814259,5.384865377260982
DHC4119686,12.999358664094563,6.032936583016213,down,-53.59050597103882,2023-09-12,6.591855479483786,12.6247920625
DHC4597741,11.444987433673468,6.0111339571298705,down,-47.47802046995789,2023-09-12,5.412408050149474,11.423542007279345
DHC4995752,10.532167471915148,6.023775637604652,down,-42.805926190715034,2023-09-12,4.516616251284235,10.540391888888887
DHI4895302,5.858036950000001,6.0039719684926895,up,2.491193205817673,2023-09-12,-0.08623826455425654,5.917733703938433
DHI4983740,5.833252251207728,5.983892408705186,up,2.582438595318229,2023-09-12,-0.2303052472397864,5.7535871614654
DHI5055322,5.42334006451613,5.961379184503783,up,9.920807354639985,2023-09-12,-0.520394761694325,5.440984422809458
DHI5231762,5.59768975,5.972706607105248,up,6.699493431290089,2023-09-12,-0.32465479551104437,5.648051811594204
DHR4288269,5.2647176695906435,5.99907818016555,up,13.948715898226057,2023-09-12,-0.684642452892823,5.314435727272727
DHR4906000,5.653879086460033,6.003442352878377,up,6.182715637755356,2023-09-12,-0.3642405516361418,5.639201801242235
DHR4906001,4.9964487665903885,5.9493033757490785,up,19.0706370398535,2023-09-12,-0.9188750665854544,5.030428309163624
DHR4906002,5.27757,5.825757900997447,up,10.387127048953342,2023-09-12,-0.5559209009974468,5.269837
DHR4906003,5.228138357142857,5.713401413561122,up,9.281756205921422,2023-09-12,-0.42390541356112266,5.289496
DHR5055270,5.188043064343163,5.7528281034526945,up,10.886282787265882,2023-09-12,-0.4984961034526947,5.254332
DHR5314908,5.26012,5.689888875168669,up,8.170324539528933,2023-09-12,-0.35715065354704745,5.3327382216216215
DIGH4172704,6.019606999999999,5.996195530762201,down,-0.3889202274799376,2023-09-12,0.3200824692377999,6.3162780000000005
DINO4344969,6.488059,5.97818591799329,down,-7.858638184497238,2023-09-12,0.28406438592827765,6.262250303921568
DINO5493032,5.719804840978593,5.979947513638627,up,4.5481039981693865,2023-09-12,-0.3250186500022636,5.654928863636363
DINO5495460,6.343330597667637,5.929557276116427,down,-6.522966368855972,2023-09-12,0.35868912388357277,6.288246399999999
DIS.HL,5.4069370139975295,5.993202096112331,up,10.842831728889623,2023-09-12,-0.5268982160149491,5.4663038800973816
DIS.IM,5.601496999999998,5.806411060164787,up,3.658201730087303,2023-09-12,-0.14643256016478645,5.6599785
DIS.IO,5.594963000000001,5.856038542351544,up,4.666260390846967,2023-09-12,-0.24020099290099495,5.615837549450549
DIS3937521,5.466510199999998,5.792068841955728,up,5.955511469744072,2023-09-12,-0.2244748419557272,5.567594000000001
DIS4090302,6.947874720000001,6.007775392363049,down,-13.530746674674516,2023-09-12,11.61635260763695,17.624128
DIS4232213,,no data prior to target date,N/A,N/A,,N/A,7.5939766
DIS4232227,8.1816818,6.003697735567725,down,-26.620248961922172,2023-09-12,-0.5969357355677243,5.4067620000000005
DIS4289291,5.365877787564767,5.988899907290456,up,11.610814565503532,2023-09-12,-0.5998932555714722,5.389006651718984
DIS4325420,5.288979883575884,5.985417246581455,up,13.167706785352888,2023-09-12,-0.6378112269736116,5.347606019607843
DIS4381219,5.164935648984198,5.984844909265296,up,15.87453002328019,2023-09-12,-0.7702549740574725,5.214589935207823
DIS4381226,5.596252375000001,5.75231352164173,up,2.788672421903224,2023-09-12,-0.1500490216417294,5.6022645
DIS4503509,4.886817968034476,6.114282054048592,up,25.11785980249665,2023-09-12,-1.2260386574139766,4.888243396634615
DIS4880253,5.639410578860898,6.047561844960005,up,7.237480945775536,2023-09-12,-0.39480443763216755,5.6527574073278375
DIS4880254,5.1246516518624645,5.948225570285473,up,16.070827333672426,2023-09-12,-0.79456802794867,5.153657542336803
DIS4880255,5.491224833333334,5.719358677028593,up,4.154516535371494,2023-09-12,-0.24967534343635833,5.469683333592235
DIS4907435,5.118029146226415,5.975618281927355,up,16.756237825125538,2023-09-12,-0.7257065194273551,5.2499117625
DIS4907436,5.455947672597867,5.994595822878443,up,9.872678086446836,2023-09-12,-0.5929653228784435,5.4016305
DIS4907439,5.168468418604651,5.973044273274828,up,15.567007273837444,2023-09-12,-0.6790680732748289,5.2939761999999995
DIS4907443,5.033124904761904,5.956278185736001,up,18.341553179033752,2023-09-12,-0.8743253681007301,5.081952817635271
DIS4907444,5.3713659604075685,6.003428002084319,up,11.767249640700161,2023-09-12,-0.6996592584693877,5.303768743614931
DIS4907446,5.696894,5.7590455449240325,up,1.0909724654176853,2023-09-12,0.029962955075967024,5.7890085
DIS4908062,5.397702169312168,5.882492658534631,up,8.981423465315814,2023-09-12,-0.47177039243499497,5.410722266099636
DIS4908605,5.335043254441624,5.909939513997686,up,10.775850019162245,2023-09-12,-0.5428245139976857,5.367115
DIS4908606,4.9906736,5.955384741607443,up,19.330279215363685,2023-09-12,-0.3109777416074415,5.644407000000001
DIS4908617,,no data prior to target date,N/A,N/A,,N/A,4.865183428571428
DIS4911247,5.525391723048327,5.9003538456148705,up,6.786163612662002,2023-09-12,-0.3363276101843411,5.564026235430529
DIS4911252,5.631498950207468,5.860792502362101,up,4.071625586402463,2023-09-12,-0.17579750236210145,5.684995
DIS4919773,5.592905426494346,5.786441509931688,up,3.4603854111413335,2023-09-12,-0.192558765148382,5.593882744783306
DIS4920157,5.652761952380952,5.7644924389493335,up,1.976564509696373,2023-09-12,-0.06814323571607694,5.6963492032332566
DIS4921075,5.494895056818182,5.853813968817977,up,6.531861087218411,2023-09-12,-0.29615709442047145,5.557656874397505
DIS4921105,7.597378000000001,6.007875902205418,down,-20.921719279922396,2023-09-12,0.3235164657471046,6.331392367952523
DIS4921182,5.574620354171919,6.018980891683375,up,7.971135418735861,2023-09-12,-0.612057362271611,5.406923529411764
DIS4921774,5.719491,5.812819902772259,up,1.631769378992978,2023-09-12,-0.1278539027722596,5.684965999999999
DIS4923717,5.598420261227691,6.027346091008561,up,7.661551112041918,2023-09-12,-0.3480134785683697,5.6793326124401915
DIS4969018,5.517972365946331,6.014710972945087,up,9.00219453914509,2023-09-12,-0.4880770220359949,5.526633950909092
DIS4969019,4.980281200959488,5.979302194458489,up,20.059529837522675,2023-09-12,-0.9801567963005953,4.999145398157894
DIS4969020,5.21089308617066,5.948501052647626,up,14.15511610542394,2023-09-12,-0.7382344362268443,5.210266616420782
DIS4969021,5.4639381407334,5.8455180786505005,up,6.983606477394765,2023-09-12,-0.38737822906071084,5.45813984958979
DIS4969022,5.487908553254438,5.712590708789002,up,4.094130821500723,2023-09-12,-0.2220596632930958,5.490531045495906
DIS4986748,5.313475186671444,5.99788533310738,up,12.880650090410523,2023-09-12,-0.6617291765478033,5.336156156559577
DIS4986749,4.934418515444015,5.965685777759888,up,20.899468885506074,2023-09-12,-1.0091224100372855,4.956563367722603
DIS4986750,5.235338818280414,6.168336944929144,up,17.821160368665126,2023-09-12,-0.9299653001419212,5.238371644787223
DIS4986751,5.481446501618123,5.828480774193214,up,6.331071049815897,2023-09-12,-0.3386042468620243,5.48987652733119
DIS4986752,5.5239346000000005,5.704524109249739,up,3.269218814606145,2023-09-12,-0.17616112420700336,5.528362985042736
DISC.GD,6.989037999999999,5.821687836550367,down,-16.702587157912614,2023-09-12,1.1725108301163,6.994198666666667
DISC3854816,7.360669285714287,5.810363639527874,down,-21.062020123567738,2023-09-12,1.6387248604721272,7.449088500000001
DISC4217427,6.306778,5.992021639011877,down,-4.990763286548597,2023-09-12,0.2417286943214565,6.233750333333333
DISC4343141,5.764671277819835,6.010436038398864,up,4.263291846746485,2023-09-12,-0.2095637409515838,5.80087229744728
DISC4462056,6.314357322580644,6.0041876405205015,down,-4.912133827950332,2023-09-12,0.570265668570408,6.574453309090909
DISC4539973,5.953550336448598,5.983951714350641,up,0.510642829639336,2023-09-12,-0.0002715060416882409,5.983680208308953
DISC4539975,7.08997,5.743332079195441,down,-18.993563030655405,2023-09-12,1.3450375200692637,7.088369599264705
DISC4817970,6.046076836065574,5.990002514576112,down,-0.9274497001919043,2023-09-12,0.08735501269661494,6.077357527272727
DISC4820065,6.316247440816326,6.002619942103029,down,-4.965408680581451,2023-09-12,0.626323057896971,6.628943
DISC4835482,6.000509470209723,6.039208390112118,up,0.6449272365041815,2023-09-12,0.021559057876785914,6.060767447988904
DISC4985664,6.957374305555556,5.713871753432928,down,-17.873158716351867,2023-09-12,1.2284241487118441,6.942295902144772
DISC4985669,6.0889823466016795,5.954967974200833,down,-2.2009321882110795,2023-09-12,0.15663648477871295,6.111604458979546
DISC5188853,6.890648383272058,5.65611052738645,down,-17.916134842732777,2023-09-12,1.2443294070510929,6.900439934437543
DISH4202393,11.096311407345306,6.835667915589138,down,-38.39693511968127,2023-09-12,4.160801990388251,10.996469905977388
DISH4411380,18.34915621205065,6.404913043300668,down,-65.09423665435746,2023-09-12,12.220894414827413,18.62580745812808
DISH4466618,12.552126047619046,6.7250255623639505,down,-46.423215184015866,2023-09-12,4.886001336718619,11.61102689908257
DISH4532126,21.994612727272727,5.982718127360498,down,-72.7991658614562,2023-09-12,15.5783878726395,21.561106
DISH5041537,17.912750589059108,6.125448012572029,down,-65.80397866805906,2023-09-12,11.794405249775675,17.919853262347704
DISH5251796,16.887909932548112,6.032061881836675,down,-64.2817737308566,2023-09-12,10.795784357779937,16.827846239616612
DK4651552,7.381369562663185,6.033507439063093,down,-18.260325704567297,2023-09-12,1.366535861792734,7.400043300855827
DKS5337782,6.466243751175344,5.947984122999698,down,-8.014848312537604,2023-09-12,0.5974728079497469,6.545456930949445
DKS5337783,7.08242063036079,5.699688706256028,down,-19.5234369189722,2023-09-12,1.3712672937439718,7.070956
DLR4527158,5.708653892207793,5.969864700061588,up,4.575698803711723,2023-09-12,-0.22318680915249534,5.746677890909092
DLR4645553,5.73767,5.956980136884639,up,3.8222856470420874,2023-09-12,-0.18021235910686073,5.776767777777779
DLR4845249,5.766084798679867,5.946246189836732,up,3.1245012421272715,2023-09-12,-0.1539289148367322,5.792317274999999
DLR5480343,5.803349404237288,5.967556426483577,up,2.829521553990778,2023-09-12,-0.10565057096728392,5.8619058555162935
DLTR4619534,5.906822988366212,6.002000731216249,up,1.6113186909019368,2023-09-12,-0.01001638925691406,5.991984341959335
DLTR4619535,5.6237663062446535,5.970375634293353,up,6.1632953642441155,2023-09-12,-0.3036316993261119,5.666743934967241
DLTR5313373,5.788939,5.918117709336162,up,2.231474702638287,2023-09-12,-0.08799223902418518,5.830125470311977
DLTR5313374,6.153316859956237,5.713561607975347,down,-7.146637528820804,2023-09-12,0.48205640566280117,6.195618013638148
DNSK4787945,,no data prior to target date,N/A,N/A,,N/A,6.009996
DOV.GC,,no data prior to target date,N/A,N/A,,N/A,5.629925
DOV.GH,,no data prior to target date,N/A,N/A,,N/A,5.961025
DOV4306939,5.621505476190476,6.00327553795752,up,6.791242370642631,2023-09-12,-0.3308230379575203,5.6724524999999995
DOW.BA,5.987177543209875,5.812936957611564,down,-2.910229141207271,2023-09-12,0.20932664280251245,6.022263600414076
DOW.GM,5.550065811627908,5.948492964304535,up,7.178782490144253,2023-09-12,-0.3437860108161619,5.604706953488373
DOW.HF,5.941184666666667,5.991918548124093,up,0.8539354405539934,2023-09-12,-0.9046205481240923,5.0872980000000005
DOW.TW,6.317224,5.8346523146181575,down,-7.638983284142574,2023-09-12,0.4961406853818424,6.330793
DOW3927210,6.068513483870968,5.796178832809127,down,-4.487666572475416,2023-09-12,0.2533086287293349,6.049487461538462
DOW4162883,5.575762094339622,5.888114855937828,up,5.6019743366615025,2023-09-12,-0.2938746466355031,5.594240209302325
DOW4913511,5.458862,5.716542145195969,up,4.720400427707619,2023-09-12,-0.3546943451959681,5.3618478000000005
DOW4914364,6.3505156666666664,5.716978533467807,down,-9.976152590635179,2023-09-12,-0.2904245334678066,5.426554
DOW4914737,5.219976777777778,5.95393138161667,up,14.060495574682363,2023-09-12,-0.6524565124019022,5.3014748692147675
DOW4921192,6.038172766497462,5.729709339217528,down,-5.108555836484682,2023-09-12,0.3628637115705642,6.092573050788092
DOW4922125,5.492247,5.987348790367515,up,9.014557982689334,2023-09-12,-0.01380570213222132,5.973543088235294
DOW4926104,,no data prior to target date,N/A,N/A,,N/A,5.264428333333333
DOW5031620,5.3350420745672436,5.934383599176665,up,11.234054319206802,2023-09-12,-0.5976468255917586,5.3367367735849065
DOW5031621,5.816269884615385,5.710415732687443,down,-1.8199663019065886,2023-09-12,0.12586826731255663,5.836284
DOW5076399,4.902183399999999,5.7071407781588945,up,16.420384805654056,2023-09-12,-0.7876071114922274,4.919533666666667
DOW5197117,,no data prior to target date,N/A,N/A,,N/A,4.6821053469387754
DOW5494028,5.585311,5.904749888094225,up,5.719267702268051,2023-09-12,-0.2912028384848977,5.613547049609327
DOW5494029,6.209801653971353,5.6954873291071815,down,-8.282298751607508,2023-09-12,0.5056301245304793,6.201117453637661
DOW5502196,6.253961142857143,5.964750961564661,down,-4.624432014944619,2023-09-12,0.45352103843533875,6.418272
DOW5502198,,no data prior to target date,N/A,N/A,,N/A,6.708943666666667
DOW5509426,,no data prior to target date,N/A,N/A,,N/A,5.7645202061855665
DOX5003199,5.937892208955225,5.941291176778473,up,0.05724199267413192,2023-09-12,-0.012207309553591728,5.929083867224882
DPM4106251,6.393982,5.81477322385697,down,-9.058655093852785,2023-09-12,0.5556168679522111,6.370390091809181
DPM4654838,5.9618234372093015,6.01052015584378,up,0.8168091381329694,2023-09-12,-0.06127554973267024,5.94924460611111
DPM4832173,5.739827434426229,5.956499548591616,up,3.774888995195823,2023-09-12,-0.2218993233905433,5.734600225201072
DPM5003224,5.781229402268179,6.086172464942765,up,5.274709606834584,2023-09-12,-0.26435942995497097,5.821813034987794
DPM5297001,5.929482938159879,5.924886504145409,down,-0.07751829396268393,2023-09-12,0.07796540393699924,6.002851908082408
DRI4483798,5.5755696666666665,5.971718481118796,up,7.1050823168884545,2023-09-12,-0.2923751477854637,5.679343333333333
DTE.JO,5.602949666666666,5.9106057510713255,up,5.490966414261797,2023-09-12,-0.5432757510713255,5.36733
DTE.KC,5.597858,5.871735903928056,up,4.892548255565908,2023-09-12,-0.2307549039280561,5.640981
DTE4042177,5.733991666666666,6.046931844727468,up,5.457632243869705,2023-09-12,-0.35107013505004847,5.69586170967742
DTE4138121,5.4863032222222206,5.996777298679473,up,9.304518102272983,2023-09-12,-0.36639166375883825,5.630385634920635
DTE4410647,5.671328866972476,5.981926479503052,up,5.476628490711778,2023-09-12,-0.28278118110421513,5.699145298398837
DTE4628425,5.622444000000001,5.736289892679678,up,2.024847071481321,2023-09-12,-0.13579889267967893,5.600490999999999
DTE4797159,5.606679259259259,5.727759821739285,up,2.1595771200941334,2023-09-12,-0.13700859836803403,5.590751223371251
DTE4845248,5.50802,5.948329574975434,up,7.993971971333321,2023-09-12,-0.24728857497543366,5.701041
DTE4870489,6.066743986434783,6.225749590442192,up,2.6209380907278117,2023-09-12,-0.09609050612668835,6.129659084315503
DTE4905827,5.654646176470589,5.940671679386176,up,5.058238729520526,2023-09-12,-0.29268771164424034,5.6479839677419355
DTE4912180,5.996281984929077,6.014013643762643,up,0.29571089015046703,2023-09-12,0.06773830916240442,6.081751952925047
DTE4950532,5.132151847972973,5.941826517590527,up,15.776514288784105,2023-09-12,-0.7709058357723446,5.170920681818182
DTE5025273,5.949720995969909,6.035229937633052,up,1.4371924619837317,2023-09-12,-0.1002827095956702,5.934947228037382
DTE5153682,5.074396851851852,5.962935249951335,up,17.510226811984943,2023-09-12,-0.8501471699513354,5.11278808
DTE5363465,5.318909,5.926388605635207,up,11.421131770353798,2023-09-12,-0.5874281571057951,5.338960448529412
DTE5363466,5.508159000000001,5.69458619912693,up,3.38456459094462,2023-09-12,-0.14445324458147546,5.550132954545455
DTE5548507,5.330809908783264,6.051171667550033,up,13.513176629687566,2023-09-12,-0.7337524916465075,5.317419175903526
DTE5548508,5.521043333333333,5.681908833869489,up,2.913679368624576,2023-09-12,-0.08641407164277837,5.595494762226711
DTE5584906,5.565097358523726,5.966567218591517,up,7.2140671439086965,2023-09-12,-0.38334425086227597,5.583222967729241
DTEGF3673119,5.721392011406844,5.941791581127589,up,3.8522018641849773,2023-09-12,-0.20814116690811346,5.7336504142194755
DTEGF3673123,5.649996863247863,5.928928395736101,up,4.936844023801734,2023-09-12,-0.2609333957361004,5.667995
DUK.GJ,5.264233399999998,5.955108806591458,up,13.123950898367454,2023-09-12,-0.6379803806655318,5.317128425925926
DUK.HP,5.633996161290323,5.916472337455368,up,5.013780060871593,2023-09-12,-0.31362923745536797,5.6028431
DUK.IO,5.8010674,5.85005431234142,up,0.8444465296407414,2023-09-12,-0.0037813123414203176,5.846273
DUK.IV,5.861849177777779,5.8631310257255205,up,0.02186763781984297,2023-09-12,0.06862301594114406,5.9317540416666645
DUK.IW,5.701174588477366,5.86062574657015,up,2.7968124045008276,2023-09-12,-0.16593074657015006,5.694695
DUK.IZ,5.814883500000001,5.853604426179383,up,0.6658934126432922,2023-09-12,-0.07050216946296484,5.783102256716418
DUK.JE,5.599401541401274,5.839691179885861,up,4.291345007281853,2023-09-12,-0.14731536689373392,5.692375812992127
DUK.JP,5.765757000000001,5.813589025910488,up,0.8295879606179661,2023-09-12,-0.05020702591048831,5.763382
DUK3671674,5.801400399999999,5.856711972288502,up,0.9534175970426619,2023-09-12,-0.019848581483904226,5.836863390804598
DUK3672731,5.926813709759188,5.947568444254374,up,0.35018368235550645,2023-09-12,0.0011274529418878743,5.948695897196262
DUK3672741,5.840852000000001,5.928427656496365,up,1.4993644162934467,2023-09-12,-0.05512765649636453,5.8733
DUK3672884,5.91304,5.853001478083718,down,-1.0153579532064951,2023-09-12,0.011751633027392572,5.864753111111111
DUK3673681,5.805066000000001,5.848720186660902,up,0.7520015562424447,2023-09-12,-0.013162686660901812,5.8355575
DUK3676798,6.035260926380367,5.850054594769409,down,-3.0687377707468113,2023-09-12,0.2245354896591074,6.074590084428516
DUK3703585,5.764412571428572,5.905114961968129,up,2.4408799473679506,2023-09-12,-0.2615472953014635,5.643567666666666
DUK3830812,5.9337709967446,5.863053213349556,down,-1.191784843632177,2023-09-12,-0.006976213349556559,5.856076999999999
DUK3904253,5.786183537444935,5.8155971516715566,up,0.5083422265518033,2023-09-12,-0.03556315167155599,5.780034000000001
DUK4027374,5.796561541176469,5.79890328257235,up,0.04039880158687627,2023-09-12,-0.0032895047945711298,5.7956137777777785
DUK4059869,6.189789491812534,6.132251251444447,down,-0.929566998105433,2023-09-12,1.787442195614375,7.919693447058822
DUK4114240,5.948666113350125,6.025722016325621,up,1.295347587294659,2023-09-12,-0.11119911643099378,5.914522899894627
DUK4220945,5.813701,5.774320346678612,down,-0.6773766542412076,2023-09-12,0.021836053321387716,5.7961564
DUK4277692,5.256105000000001,5.994393019992852,up,14.046295117636568,2023-09-12,-0.5509040199928519,5.4434890000000005
DUK4277693,5.866726200000001,5.769955919468872,down,-1.6494766797047595,2023-09-12,0.09331508053112714,5.863270999999999
DUK4311545,6.024279315789474,5.76816871328624,down,-4.25130690457819,2023-09-12,0.32734056034560144,6.0955092736318415
DUK4375223,5.963182999999999,5.7640197410929135,down,-3.339881719328177,2023-09-12,0.20794225890708784,5.971962000000001
DUK4392693,5.537653171658471,6.006613503546407,up,8.468575357663417,2023-09-12,-0.4481057628056666,5.55850774074074
DUK4392694,6.037883932960893,5.765200185979196,down,-4.516213792933534,2023-09-12,0.25063481402080434,6.015835
DUK4426160,5.060954,5.980302485119171,up,18.165517511504174,2023-09-12,-0.871206847926187,5.109095637192984
DUK4442038,5.1281875660377345,5.978205441150022,up,16.575405329198,2023-09-12,-0.836234717829865,5.141970723320157
DUK4528446,5.444924689655172,5.974049496082983,up,9.717761706293127,2023-09-12,-0.4934700880829821,5.4805794080000005
DUK4564315,5.650163,5.743873693268647,up,1.6585484926478524,2023-09-12,-0.07662946718169028,5.667244226086956
DUK4646583,5.13831,5.9610949373730255,up,16.012753947757645,2023-09-12,-0.8523413269834146,5.108753610389611
DUK4646584,5.6343702,5.741216100363657,up,1.8963237517417009,2023-09-12,-0.07727510036365626,5.663941
DUK4664020,5.176001339012739,5.99468546611368,up,15.816922629643193,2023-09-12,-0.8065041202490173,5.188181345864662
DUK4764975,5.134711155109489,5.960395540944158,up,16.08044466168346,2023-09-12,-0.7865641409441579,5.1738314
DUK4785256,5.21593869637883,5.9569772975037045,up,14.20719537289312,2023-09-12,-0.6651028526294303,5.291874444874274
DUK4785257,5.809701,5.730998418042474,down,-1.3546752570833775,2023-09-12,0.06722027399904817,5.798218692041522
DUK4805576,5.292997722513089,5.954816676640173,up,12.503669731655503,2023-09-12,-0.6544153368343473,5.300401339805826
DUK4837402,5.5537572970960545,5.958797240951934,up,7.293079661001142,2023-09-12,-0.3262375389238521,5.6325597020280815
DUK4842656,5.464556547717842,5.953683777183781,up,8.950904345023444,2023-09-12,-0.4557223058535067,5.4979614713302745
DUK4842657,6.061803077963405,5.740460799021209,down,-5.301100593491367,2023-09-12,0.2982217317050484,6.038682530726257
DUK4889780,5.654697666666667,5.727787597881885,up,1.2925524143592704,2023-09-12,-0.04597779788188472,5.6818098
DUK4916171,5.202036534975369,5.951639323366848,up,14.409794766945595,2023-09-12,-0.7032006220067073,5.248438701360141
DUK4933109,5.3233868,5.944713036768231,up,11.671634245481307,2023-09-12,-0.7381864367682311,5.2065266
DUK4964784,5.720644012048192,5.7247279189835325,up,0.07138893674802327,2023-09-12,-0.01317891898353274,5.711549
DUK4987732,5.653324226107226,5.945272661747341,up,5.16419055344266,2023-09-12,-0.29403988068225306,5.6512327810650875
DUK4989454,5.475409,5.961607787062503,up,8.879679802230356,2023-09-12,-0.4562550727767878,5.505352714285715
DUK4999397,5.347655874015747,5.940861560507164,up,11.092817123364322,2023-09-12,-0.6016521025632384,5.339209457943926
DUK5043605,5.615392321637427,5.994454836728515,up,6.750419087023915,2023-09-12,-0.31913644236231775,5.675318394366197
DUK5145785,5.784341904,5.938849052283581,up,2.671127517146531,2023-09-12,-0.1855932061297354,5.753255846153846
DUK5159056,5.682956,5.70677071163123,up,0.41905500643028326,2023-09-12,-0.060686911631229634,5.6460838
DUK5198813,5.643330241803278,5.930505128607504,up,5.088748566882779,2023-09-12,-0.2437072735627117,5.686797855044793
DUK5198814,6.0324056666666666,5.817788343940344,down,-3.557740221488021,2023-09-12,0.20727365605965709,6.025062000000001
DUK5198815,5.876407,5.705222379515692,down,-2.9130831217835764,2023-09-12,0.1996106204843091,5.904833000000001
DUK5313385,5.34530244117647,5.926539014815192,up,10.873782728574572,2023-09-12,-0.5776829044255809,5.348856110389611
DUK5372266,5.288801221700574,5.931670950826248,up,12.155301403423984,2023-09-12,-0.6388819508262484,5.292789
DUK5372267,5.612321,5.696609051086663,up,1.5018394544193696,2023-09-12,-0.10023605108666356,5.596373
DUK5378965,5.359701983606557,5.920849114024679,up,10.469744999525595,2023-09-12,-0.5543673997389647,5.366481714285714
DUK5459837,5.440440139567668,5.9779113886189075,up,9.879186890455339,2023-09-12,-0.5352796010541407,5.442631787564767
DUK5459838,5.710361399490554,5.969098712992253,up,4.531014683672761,2023-09-12,-0.24352844082913094,5.725570272163122
DUK5459839,6.0006828638497645,5.697995170487638,down,-5.044220803362634,2023-09-12,0.29250763359399556,5.9905028040816335
DUK5500470,5.733293727272727,5.691619034437287,down,-0.7268891987375008,2023-09-12,0.0650027036730485,5.7566217381103355
DUK5510690,5.452706313199104,5.99409906366009,up,9.928881538154045,2023-09-12,-0.4776949471552365,5.516404116504853
DUK5510691,5.344527906534836,6.005365103841844,up,12.364744068395494,2023-09-12,-0.6290966354100718,5.376268468431772
DUK5522216,5.352568376561,5.9177512086725015,up,10.559095976922931,2023-09-12,-0.5728179245790139,5.344933284093488
DUK5551941,5.3904187700729915,5.917844544656572,up,9.784504638337005,2023-09-12,-0.5190871965160762,5.398757348140496
DUK5551942,5.72603,5.686296314058215,down,-0.693913338592099,2023-09-12,0.00041368594178514684,5.68671
DUK5558130,5.807457442234124,5.692584105161952,down,-1.9780314916604966,2023-09-12,0.09041782521461883,5.783001930376571
DUK5558132,5.382451100000001,5.910330346581155,up,9.807413700073448,2023-09-12,-0.4940854875647611,5.416244859016394
DUK5558509,5.701811328745369,5.695811393686486,down,-0.10522857935748436,2023-09-12,0.07446010631351552,5.7702715000000016
DUK5598853,5.72817744334145,5.93735991074455,up,3.651815424228128,2023-09-12,-0.16577034562313742,5.771589565121412
DUK5603167,5.677344610795455,5.696203021496867,up,0.3321695615508884,2023-09-12,-0.015731241009062202,5.680471780487805
DUK5647267,5.789817361750025,5.961850541257654,up,2.9713058074016776,2023-09-12,-0.1684116947788743,5.79343884647878
DUK5647268,6.095682512334714,5.7652714184877345,down,-5.420411794387051,2023-09-12,0.33746355608713685,6.102734974574871
DVN.GL,5.939136999999998,5.928924774948878,down,-0.17194796232382037,2023-09-12,0.1062912950237429,6.035216069972621
DVN.GN,6.027996,5.9430857405105595,down,-1.4085984710248716,2023-09-12,0.09290125948944095,6.035987
DVN3693715,6.37136568108108,5.8377740523110875,down,-8.37483917073575,2023-09-12,0.5461759476889121,6.38395
DVN3852850,6.310074,5.820142013358243,down,-7.764282742829278,2023-09-12,0.5520289062475658,6.372170919605809
DVN4258361,6.342092252964427,5.942833396795543,down,-6.295380770947662,2023-09-12,0.362187783029019,6.305021179824562
DVN4320419,5.583521999999999,5.9923559877540935,up,7.322152357492174,2023-09-12,-0.32956916642844547,5.662786821325648
DVN5328969,5.91163135247464,6.1702589263593755,up,4.374893467882974,2023-09-12,-0.38446792635937577,5.785791
DVN5328970,5.502072473684211,5.972147845815508,up,8.543605602790842,2023-09-12,-0.37908184581550763,5.593066
DVN5328971,5.737389363636363,5.9653831032327815,up,3.9738237227099362,2023-09-12,-0.15258319682884114,5.81279990640394
DVN5328972,5.858203595022624,5.948866954485962,up,1.5476307368417475,2023-09-12,-0.09199302663400566,5.856873927851956
DWDP4768517,5.571306833732375,6.014195483497995,up,7.949457155798352,2023-09-12,-0.3758940839736189,5.6383013995243765
DWDP4768518,5.204852573574899,5.972196962735256,up,14.742865015162462,2023-09-12,-0.6978793323302472,5.274317630405009
DWDP4768519,5.633711827781715,5.855259867306475,up,3.932541214341713,2023-09-12,-0.17981378405774429,5.675446083248731
DWDP4768520,5.798341006042296,5.737018410491979,down,-1.0575886358945519,2023-09-12,0.0915053424217751,5.828523752913754
DWDP4987742,5.398441,5.941275454146144,up,10.05539292077368,2023-09-12,-0.49718485125404044,5.4440906028921034
DWDP4987749,5.670565614173227,6.007788997892464,up,5.946909120959091,2023-09-12,-0.261497088801554,5.74629190909091
DWDP5586968,5.387313452631579,5.990528443358229,up,11.196953658450907,2023-09-12,-0.5845364433582283,5.405992
DXCM5195221,1.2003450823672972,6.030127414127457,up,402.366153092822,2023-09-12,-4.600313412456613,1.429814001670844
DXCWI5254615,6.593685246686304,5.976943497128226,down,-9.353521232576657,2023-09-12,0.6079140569954848,6.584857554123711
E.GD,5.517055000000001,5.971456540696428,up,8.236306157840133,2023-09-12,-0.4689265406964278,5.50253
EBAY3879390,6.102330695035461,5.811402195761592,down,-4.767498089058886,2023-09-12,0.25029940197669553,6.0617015977382875
EBAY4147283,5.862974857142857,6.0094722608142375,up,2.498687223481834,2023-09-12,-0.09873312721788707,5.91073913359635
EBAY4962297,5.696781761463415,6.012880552588195,up,5.548725655300147,2023-09-12,-0.2888859811222044,5.72399457146599
EBAY4962298,5.58863807746479,5.962808270426804,up,6.695194567542151,2023-09-12,-0.35456902922077393,5.6082392412060305
EBAY5178906,5.517628233576642,5.98996933675024,up,8.560582249801495,2023-09-12,-0.4448963367502392,5.545073
EBAY5178907,5.543907051873197,5.9343053490079765,up,7.0419343881833285,2023-09-12,-0.38402127271369935,5.550284076294277
EBAY5178908,5.875389029940119,5.709812387289382,down,-2.8181392211985035,2023-09-12,0.15601910242784012,5.865831489717222
EBAY5500359,5.518010234163701,6.001582475125089,up,8.763525626818208,2023-09-12,-0.410993269996883,5.590589205128206
EBAY5500360,5.339513909090909,5.971952534729846,up,11.844498139843108,2023-09-12,-0.6235710707579649,5.348381463971881
EBAY5500361,5.653049340501792,5.918352615637099,up,4.693100292518537,2023-09-12,-0.2096496762431599,5.708702939393939
ECA.GE,6.772904666666666,5.862407431523079,down,-13.443231227285166,2023-09-12,1.045805568476922,6.908213000000001
ECA.GG,6.790825600000001,5.858354926833609,down,-13.731330004504775,2023-09-12,0.9695960731663904,6.827951
ECA4219888,5.8578345625,5.993850848052003,up,2.321955051833253,2023-09-12,-0.07107051471866921,5.922780333333334
ECA5588830,5.860924002645503,6.002021779300091,up,2.407432285265929,2023-09-12,-0.062486153274300626,5.9395356260257905
ECA5588831,5.968847606837606,5.967575692049181,down,-0.02130921866673956,2023-09-12,0.03717228107670323,6.004747973125884
ECA5588832,6.44592189119889,6.029234026315232,down,-6.464364165699764,2023-09-12,0.4296771494821865,6.458911175797419
ECA5588833,6.891520000000001,5.706693495809937,down,-17.19252797916953,2023-09-12,1.1932346239292455,6.899928119739182
ECL4415115,5.101379263157895,5.983854872837592,up,17.29876498406865,2023-09-12,-0.8791575549057997,5.104697317931793
ECL4566952,5.015907000000001,5.992270033678495,up,19.465333661060573,2023-09-12,-1.0181740336784948,4.974096
ECL4969471,5.0972701062801935,5.946797574462513,up,16.666322373924082,2023-09-12,-0.8530872037958472,5.093710370666666
ECL5028509,5.065111365853658,5.947998468811445,up,17.430754018751713,2023-09-12,-0.8868130189451344,5.0611854498663105
ECL5317636,5.198010789995494,6.090510966651787,up,17.170033166804313,2023-09-12,-0.14487753968549466,5.9456334269662925
ECL5317637,5.161422000000001,5.982277707844276,up,15.903673597010194,2023-09-12,-0.7884860663348423,5.193791641509434
ECL5317638,5.032444,5.925468565612424,up,17.745345315564844,2023-09-12,-0.8891965656124237,5.036272
ECL5325604,5.415037731343284,5.662674600902452,up,4.573132854195985,2023-09-12,-0.25278649807085785,5.409888102831594
ECL5500534,5.034453661728395,5.97951433569749,up,18.77186160542877,2023-09-12,-0.9194457750640055,5.060068560633485
ECOH4050414,9.061395166666664,5.797273131996403,down,-36.02228988619426,2023-09-12,3.3304116073102206,9.127684739306623
ECOH4127782,9.24010509215442,5.82946505472583,down,-36.91126890239045,2023-09-12,3.4431871053656504,9.27265216009148
ECOH4162893,6.50642302704443,6.038882720902798,down,-7.185827054254937,2023-09-12,0.5423917406356642,6.581274461538462
ECOH4261652,6.703036817524114,6.0089013632424315,down,-10.355536948073544,2023-09-12,0.7707929202096659,6.7796942834520975
ECOH4980454,8.37321672713461,5.9817471900655015,down,-28.560941571226838,2023-09-12,2.4130169466866356,8.394764136752137
ECOH5291986,8.41746120986406,5.977774739839114,down,-28.983637811909162,2023-09-12,2.4378681335208396,8.415642873359953
ECOH5291987,9.285925864661657,5.704375302235858,down,-38.569665692202854,2023-09-12,3.6327621729943633,9.337137475230222
ECOH5525375,8.876988938932428,5.952441908825459,down,-32.94525936920547,2023-09-12,2.978348547030058,8.930790455855517
ED.HD,5.292054857142857,6.0072896002321015,up,13.5152556501539,2023-09-12,-0.6394396002321026,5.367849999999999
ED.IE,5.593419000000001,5.8921243275554485,up,5.340299511898673,2023-09-12,-0.08930832755544937,5.802815999999999
ED.IG,,no data prior to target date,N/A,N/A,,N/A,5.9226800000000015
ED.IY,5.918094800000002,5.8394657347508785,down,-1.3286212523855427,2023-09-12,0.1279373223919782,5.967403057142857
ED3829866,5.812316000000001,5.814212913353751,up,0.0326361015772423,2023-09-12,-0.004830913353750077,5.809382000000001
ED4186602,5.881380000000001,6.0101113380309465,up,2.1887947731815593,2023-09-12,-0.23254583803094597,5.777565500000001
ED4310854,5.9098945,5.771716398678272,down,-2.3380806767655127,2023-09-12,0.10934813978326563,5.881064538461538
ED4373848,5.841649,5.790597660099599,down,-0.8739200164268913,2023-09-12,0.05158333990040109,5.842181
ED4425734,5.714418,5.984543818494145,up,4.727092391458668,2023-09-12,-0.18409232869822834,5.8004514897959165
ED4504225,5.809607999999999,5.754224701853152,down,-0.9533052513499488,2023-09-12,0.027516298146847973,5.781741
ED4630697,5.850541,5.632667699516156,down,-3.723985533711225,2023-09-12,0.2422498004838438,5.8749175
ED4630791,5.2089107158469945,5.9688627451578755,up,14.589461612365323,2023-09-12,-0.6129677451578752,5.355895
ED4773052,5.18559004845815,5.962905298987808,up,14.98990940791357,2023-09-12,-0.6459956323211413,5.316909666666667
ED4831002,5.811763200000001,5.736463033963192,down,-1.2956509659032334,2023-09-12,0.0062379660368092615,5.742701000000001
ED4971830,5.58712771840094,5.741482674545719,up,2.762688879232495,2023-09-12,-0.15651567454571946,5.584967
ED4971833,5.306341461335677,5.95332438769421,up,12.192636509970828,2023-09-12,-0.6231701682965873,5.330154219397623
ED5089162,5.916859456175298,6.029322238579707,up,1.9007174876704853,2023-09-12,0.15825857094410267,6.187580809523809
ED5197311,5.234896928595891,5.966207506943118,up,13.969913607131524,2023-09-12,-0.6885832727051211,5.277624234237997
ED5313347,5.665954,5.704183780563716,up,0.6747280433924485,2023-09-12,-0.03987234065441925,5.664311439909297
ED5501528,5.787951579826086,5.709311622217963,down,-1.3586837506074352,2023-09-12,0.08423929776245931,5.793550919980422
ED5544686,5.3555272195121955,5.914712275531072,up,10.44126998330913,2023-09-12,-0.5070312755310722,5.407681
EDP3676367,5.899487999999999,5.846258045842098,down,-0.9022809124775084,2023-09-12,0.05572695415790285,5.901985000000001
EDP3676615,6.167537000000001,5.85747698508813,down,-5.027290714459772,2023-09-12,0.21449701491186968,6.071974
EDP3695100,5.929804390101893,5.825634589090717,down,-1.7567156377882858,2023-09-12,0.12530303100347417,5.950937620094191
EDP3703884,5.536513509132419,5.9294027756301055,up,7.09632995294999,2023-09-12,-0.3548047756301056,5.574598
EDP3706709,5.721394000000001,5.898211856177504,up,3.090468095319128,2023-09-12,-0.1664002561775053,5.731811599999999
EDP3886370,5.85372436968085,5.809344386313042,down,-0.7581495226811888,2023-09-12,0.06852981686304371,5.877874203176086
EDP3980983,5.85754750967742,5.796074226421793,down,-1.0494713556153774,2023-09-12,0.08534451867624604,5.881418745098039
EDP4095912,5.601842433333333,6.027076409050134,up,7.590966378962732,2023-09-12,-0.04266760943181502,5.984408799618319
EDP4095913,5.928669,5.78133852313986,down,-2.485051482215317,2023-09-12,0.15765303602487268,5.938991559164733
EDP4171465,5.736384283282675,6.03274113431407,up,5.166265654395861,2023-09-12,-0.2485306776119547,5.784210456702115
EDP4171466,5.85839,5.673401621145437,down,-3.1576658237939674,2023-09-12,0.21248937885456254,5.885890999999999
EDP4241312,5.934139248756219,5.773574653973739,down,-2.7057773343646097,2023-09-12,0.14546490852626182,5.919039562500001
EDP4241314,5.4664564639016895,6.023153618885093,up,10.183876129986782,2023-09-12,-0.5316193524054293,5.491534266479664
EDP4350866,5.355683312182741,5.991683961515771,up,11.875247512979334,2023-09-12,-0.6118662249154649,5.379817736600306
EDP4595005,5.826805,5.747328642663671,down,-1.3639783266529268,2023-09-12,0.06490110336807664,5.812229746031748
EDP4729731,5.379447128205129,5.964454216902704,up,10.874855254739984,2023-09-12,-0.5691031305096148,5.395351086393089
EDP4729732,5.870105430803571,5.739000173557423,down,-2.2334395658069206,2023-09-12,0.12016698006988769,5.859167153627311
EDP4851468,5.367174029862579,5.976593448957483,up,11.35456789185774,2023-09-12,-0.5919291218122682,5.384664327145215
EDP4851469,5.802016,5.726219537342727,down,-1.3063814828720381,2023-09-12,0.10592867932393979,5.832148216666667
EDP4933118,5.457896504160363,5.964640006888616,up,9.284593475562978,2023-09-12,-0.4915313332071394,5.473108673681477
EDP4933119,5.77567617631579,5.71848037145048,down,-0.9902875978375016,2023-09-12,0.0724846285495202,5.790965
EDP5024153,5.645198,5.703185941614545,up,1.0272082859546334,2023-09-12,-0.08704414161454377,5.616141800000001
EDP5254542,5.6190175163254015,5.701509849901188,up,1.4680917675752907,2023-09-12,-0.08177447539395999,5.619735374507228
EDP5522209,5.452973614670307,6.06716344363571,up,11.263392643474916,2023-09-12,-0.6301021302028742,5.437061313432836
EDP5522210,5.45534,5.916449759668158,up,8.452447687369773,2023-09-12,-0.4271842255857603,5.4892655340823975
EEFT4968461,1.1033270387096774,5.73814636656838,up,420.07665590059736,2023-09-12,-4.6057403421781355,1.1324060243902438
EFX4361428,5.710718383458649,5.9928368083126715,up,4.940156490139513,2023-09-12,-0.45650580831267096,5.536331000000001
EFX4913485,5.970055714529121,6.04425626373718,up,1.2428786724298133,2023-09-12,-0.08410826373718017,5.960148
EFX4979268,5.863666941176471,6.00218690233475,up,2.362343607641646,2023-09-12,-0.199077719051167,5.803109183283583
EFX4979269,5.882751345381526,5.9484758039943735,up,1.1172401271804058,2023-09-12,-0.05658211591147211,5.891893688082901
EFX5239129,5.897194664166738,5.9961807043599205,up,1.678527602194537,2023-09-12,-0.09078439513127012,5.90539630922865
EFX5472701,5.608602878048781,5.977002039455481,up,6.568465791160913,2023-09-12,-0.3875048526133762,5.589497186842105
EFX5584339,5.7195081753554495,5.970273793509896,up,4.3843912879600335,2023-09-12,-0.22932527177076434,5.740948521739131
EGHT4954331,,no data prior to target date,N/A,N/A,,N/A,12.5378425
EGHT5519053,11.995384702218171,6.009560438139868,down,-49.90106122208329,2023-09-12,6.229922954189153,12.23948339232902
EGN.HJ,6.599958999999999,5.972455263233259,down,-9.507691438185299,2023-09-12,0.14203102248102883,6.114486285714288
EHC4343864,6.199520004975125,6.0019304929637105,down,-3.187174359512486,2023-09-12,0.286026773155867,6.2879572661195775
EHC4882391,6.503352545142856,5.982793731661675,down,-8.0044686162673,2023-09-12,0.5318649122572436,6.514658643918919
EHC4882392,6.607367014051522,5.957747199793046,down,-9.831750118874366,2023-09-12,0.7054999913266462,6.663247191119692
EHC5055661,6.855628193548387,5.938117175625148,down,-13.383325233224861,2023-09-12,0.8364863932565374,6.774603568881686
EIX.HB,5.939590319034854,5.976765080846102,up,0.6258809078483513,2023-09-12,-0.04531945765769585,5.931445623188406
EIX.HF,5.675638,5.9065382690200545,up,4.0682698406779,2023-09-12,-0.11955126347988898,5.7869870055401655
EIX.HO,5.8400989999999995,5.895301346987849,up,0.9452296440154446,2023-09-12,-0.07351334698784928,5.821788
EIX.HW,5.6117409999999985,5.88983144938549,up,4.955511121869154,2023-09-12,-0.27769944938549074,5.612131999999999
EIX.ID,5.951383,5.875701294432046,down,-1.2716658559523681,2023-09-12,0.11573779707122078,5.991439091503267
EIX.IP,6.020536515151516,5.867056120801557,down,-2.549281014469462,2023-09-12,0.1996908791984442,6.066747000000001
EIX.IR,6.002657661556152,5.890575804842537,down,-1.867203879232369,2023-09-12,0.11998519515746509,6.010561000000002
EIX3829870,6.046574777777777,5.817588140748597,down,-3.7870471373437007,2023-09-12,0.23399022510506118,6.051578365853659
EIX4055176,5.518872999999999,6.026527113158383,up,9.198510513983265,2023-09-12,2.612877315413047,8.63940442857143
EIX4475433,5.912791,5.7587398535185095,down,-2.605387988202033,2023-09-12,0.16168707053212383,5.920426924050633
EIX4606446,5.357087328947368,5.977158387688614,up,11.574779738807912,2023-09-12,-0.5742939302895111,5.402864457399103
EIX4606447,5.8968630661580965,5.833435127262574,down,-1.0756217023171688,2023-09-12,0.0461292269040916,5.879564354166666
EIX4609143,5.992737283582089,5.973673926274034,down,-0.3181076761079087,2023-09-12,-0.02638392627403441,5.94729
EIX4661963,5.64656337416904,6.3019815865471855,up,11.60738256080581,2023-09-12,-0.5791399950499585,5.722841591497227
EIX4808339,5.461949,5.970213762769882,up,9.305556730205325,2023-09-12,-0.5140617627698827,5.4561519999999994
EIX4848278,5.872003302039921,6.0065738904664885,up,2.2917321654062692,2023-09-12,-0.106516888914296,5.9000570015521925
EIX4867602,5.439943,5.957660546099643,up,9.51696637445727,2023-09-12,-0.47177049242732494,5.485890053672318
EIX4912690,6.076020368546939,6.066170271860483,down,-0.16211428021943794,2023-09-12,-0.001836954580029193,6.064333317280454
EIX4933131,5.834987,5.736134011388614,down,-1.6941423967420253,2023-09-12,0.09694398861138609,5.833078
EIX4962157,5.489007,5.948355281683455,up,8.368513315495036,2023-09-12,-0.437003832703863,5.511351448979592
EIX4972843,6.140315882352941,6.0065316592329525,down,-2.178784050906565,2023-09-12,0.11537202826704807,6.121903687500001
EIX5054623,5.473495999999999,5.997063115240093,up,9.565497357449313,2023-09-12,-0.49015611524009195,5.506907000000001
EIX5106992,5.67645430492899,5.729491036920798,up,0.9343285287394136,2023-09-12,-0.09292103692079845,5.63657
EIX5155440,5.991299237451737,6.023116967138255,up,0.5310656073998832,2023-09-12,0.09132433758277436,6.114441304721029
EIX5200477,5.474979800000001,5.944151296891118,up,8.569374025656074,2023-09-12,-0.42876622312385937,5.515385073767258
EIX5235244,5.882564782012196,6.017348169789631,up,2.2912350781002613,2023-09-12,-0.16525880358168088,5.8520893662079505
EIX5337784,5.4892726666666665,5.929611993011051,up,8.021815513343375,2023-09-12,-0.4290484096777156,5.500563583333335
EIX5416451,5.3645358408539545,6.016588505377491,up,12.154875722104206,2023-09-12,-0.6576109671715109,5.35897753820598
EIX5416452,6.055003,5.737802289747937,down,-5.238654881790531,2023-09-12,0.2854988092619637,6.023301099009901
EIX5455704,6.007407745762712,6.005539311949351,down,-0.031102164068656974,2023-09-12,0.021733545193505677,6.027272857142857
EIX5499309,5.378032235732011,5.97970215233334,up,11.187547605308007,2023-09-12,-0.5631487631117826,5.416553389221558
EIX5499310,5.6374699282700425,5.9292919074530595,up,5.176470702213887,2023-09-12,-0.28422114511670404,5.645070762336355
EIX5500480,6.085967184140969,5.979989293346558,down,-1.7413483771416296,2023-09-12,0.10059246336248151,6.08058175670904
EIX5548818,5.368871803324099,5.975852189511187,up,11.305548137902642,2023-09-12,-0.5917611714600124,5.3840910180511745
EIX5548819,5.979430418972333,5.696043709037244,down,-4.73935960582335,2023-09-12,0.3506196921785616,6.046663401215806
EIX5586094,5.967128495012468,5.9749060089803905,up,0.1303393076657069,2023-09-12,0.04908538085011749,6.023991389830508
EIX5589450,5.367632999999999,5.994270392383389,up,11.674371038097995,2023-09-12,-0.5714823613047777,5.422788031078611
EIX5589451,6.058105411964361,5.737628072641727,down,-5.290058814257535,2023-09-12,0.34594232886835563,6.083570401510083
EL.GD,5.480051000000001,5.872045821364527,up,7.153123599844694,2023-09-12,-0.46143306503541126,5.410612756329115
EL4453450,5.474059388888889,5.8005672270770665,up,5.964638214391964,2023-09-12,-0.26695062298561023,5.533616604091456
EL4914624,5.552129722598105,6.014712509299894,up,8.331627858387373,2023-09-12,-0.457863560581945,5.556848948717949
EL4914625,5.195958157593123,5.956462148246997,up,14.636453327525562,2023-09-12,-0.7013621482469974,5.2551
EL4974623,5.2151185,5.951125586762458,up,14.112950391490786,2023-09-12,-0.7359626153338867,5.215162971428572
EL5141388,5.189519,5.95835943531726,up,14.815254271489525,2023-09-12,-0.7423521079976725,5.216007327319588
EL5585513,5.521859018947369,5.704716129000644,up,3.3115135577679635,2023-09-12,-0.1764387285596296,5.528277400441015
EL5585644,5.143502644646925,6.021089858944827,up,17.06205430284452,2023-09-12,-0.8915791420975063,5.129510716847321
EL5585645,5.21582171861472,5.921133529993028,up,13.52254447005205,2023-09-12,-0.684065589018009,5.237067940975019
ELVH5534305,5.653603812808921,6.064888949676497,up,7.274742809812039,2023-09-12,-0.36531841329152304,5.699570536384974
ELVH5534356,5.590414757575759,6.002534005499285,up,7.371890383715271,2023-09-12,-0.32352038534424743,5.679013620155038
ELVH5534358,5.379531766536965,5.92024473369522,up,10.051301686175114,2023-09-12,-0.5228607187698477,5.397384014925373
ELY5180784,2.6278809677419352,5.9951558394338855,up,128.1365066769122,2023-09-12,-2.9480341855877317,3.047121653846154
EMA3862396,,no data prior to target date,N/A,N/A,,N/A,5.890032000000001
EMA5150020,5.608124833333333,5.94330974336335,up,5.976773342093936,2023-09-12,-0.32439674336334967,5.618913
EMA5442844,5.736251,6.0157886578969855,up,4.8731768867329075,2023-09-12,0.1256713421030149,6.14146
EMA5442845,5.79998,5.701592080947055,down,-1.6963492814276022,2023-09-12,0.10338691905294528,5.804979
EMN.GB,5.669656103448276,6.025317542622482,up,6.273068995452707,2023-09-12,-0.4013907902284988,5.6239267523939835
EMN.GD,5.6669738496240605,5.989332437104874,up,5.688372595934928,2023-09-12,-0.31326020478164107,5.676072232323233
EMN4183620,5.843623222222221,6.008798159458377,up,2.8265843117336162,2023-09-12,-0.13031437319883388,5.878483786259543
EMN5545591,6.123365126361655,5.926539392808545,down,-3.214339329623792,2023-09-12,0.19931561685885146,6.125855009667396
EMR.GN,,no data prior to target date,N/A,N/A,,N/A,5.269013
EMR4248350,5.256423,6.006287491390661,up,14.26568012868563,2023-09-12,-0.7103325801352494,5.295954911255412
EMR4981580,5.021690204724409,5.980871931813999,up,19.1007745995002,2023-09-12,-0.8789295174427414,5.1019424143712575
EMR4981581,5.407011,5.722133322157157,up,5.82803183047265,2023-09-12,-0.31811332215715726,5.40402
EMR4981582,5.07752533067729,5.947339838574452,up,17.13067786470576,2023-09-12,-0.8571832925861944,5.090156545988258
EMR5047884,5.1147679645390065,5.993225726821054,up,17.17492891901349,2023-09-12,-0.8491561712654985,5.144069555555555
EMR5319134,5.308144632876712,5.718472525005275,up,7.730156589689387,2023-09-12,-0.40134382704609184,5.317128697959183
EMR5319135,5.012057,5.932772130716787,up,18.37000518383542,2023-09-12,-0.9153060096976793,5.017466121019107
EMR5319136,4.982667008973695,6.138878185475672,up,23.20466477931721,2023-09-12,-1.1429000983135102,4.995978087162162
EMRAF4438952,6.78683109375,5.797106937821939,down,-14.58300850951631,2023-09-12,0.9661250621780626,6.763232000000001
EMRAF4438954,5.817110464285714,6.0013515285029095,up,3.167226500998176,2023-09-12,-0.16131168276542773,5.840039845737482
EMRU4987711,5.159969,5.947809490193734,up,15.268318282410876,2023-09-12,-1.0044904901937342,4.943319
ENB3674174,6.536093085526317,5.865585235106297,down,-10.258541940059091,2023-09-12,0.643591764893702,6.509176999999999
ENB3685015,6.37856075181598,5.839675266585171,down,-8.4483868101027,2023-09-12,0.5443767031117979,6.384051969696969
ENB4051631,5.955724953982776,6.061896913148835,up,1.782687413982372,2023-09-12,-0.046109600359089065,6.015787312789746
ENB4055717,6.323218388888886,6.031582768426634,down,-4.6121389856581985,2023-09-12,0.43999336490669894,6.471576133333333
ENB4130833,6.198359000000001,5.794612578547746,down,-6.513763101689579,2023-09-12,0.38721989204048857,6.181832470588234
ENB4220969,6.245655867924529,5.796336508307048,down,-7.194110100190204,2023-09-12,0.5364433769388537,6.332779885245902
ENB4296382,5.752370620763563,6.044530024154403,up,5.078939147910097,2023-09-12,-0.30803330986868804,5.736496714285715
ENB4296383,6.440348,5.778548953195903,down,-10.275827436717657,2023-09-12,0.7014300468040968,6.479979
ENB4412481,5.631242491525424,5.992909089358609,up,6.422500866859577,2023-09-12,-0.3125011436221765,5.680407945736433
ENB4429102,5.621486280738787,6.011444380111662,up,6.936921659117279,2023-09-12,-0.3463534240574315,5.665090956054231
ENB4513419,5.532897163265306,5.984492102646945,up,8.161997703118777,2023-09-12,-0.41758315970088766,5.566908942946057
ENB4912101,5.915461674740485,6.019494859871344,up,1.7586655252131687,2023-09-12,-0.0624439021248655,5.957050957746478
ENB4912102,5.5726824375,5.957404193668714,up,6.903708590674815,2023-09-12,-0.36304807041941434,5.5943561232493
ENB5210531,5.694457658854167,5.926385201420295,up,4.072864466829611,2023-09-12,-0.24278915633172815,5.683596045088567
ENB5210532,5.96763946277666,5.724805529941069,down,-4.069179017101743,2023-09-12,0.24712145526238327,5.971926985203452
ENB5271980,6.292220707037644,6.032830582492868,down,-4.122393930884476,2023-09-12,0.16792518673790102,6.200755769230769
ENB5271981,5.464024368421053,5.992787203541623,up,9.677168318950374,2023-09-12,-0.4523104035416239,5.5404767999999995
ENB5362645,5.998690067342914,6.061574935842403,up,1.0483100109111523,2023-09-12,-0.008777037558088452,6.0527978982843145
ENB5362646,5.979283321888411,6.0159807779063765,up,0.6137433876669991,2023-09-12,-0.08536146847241444,5.930619309433962
ENB5552166,6.030927754362565,6.049175984609903,up,0.3025774970382991,2023-09-12,0.025232237172275518,6.074408221782178
ENB5552167,5.949600825115141,6.275768412805204,up,5.482175985878019,2023-09-12,-0.3150311459794537,5.96073726682575
ENL4807932,5.220767157635944,6.022942124057514,up,15.365078391751325,2023-09-12,-0.7903859179092318,5.232556206148282
ENL4989453,5.3621084338842975,5.9531766627745935,up,11.023056250694424,2023-09-12,-0.5920355068238408,5.361141155950753
ENLA4116759,6.96554,6.243795804651871,down,-10.361640236767416,2023-09-12,0.7868021953481295,7.030598
ENLA4417244,5.9609530227272725,5.996940748965718,up,0.6037243726168573,2023-09-12,-0.0658586595401296,5.931082089425589
ENLA4643106,5.799795301207371,6.000118422025027,up,3.453968811208805,2023-09-12,-0.05230604244678094,5.947812379578246
ENLC4107236,6.906391180613668,5.8044738635819435,down,-15.955037706593005,2023-09-12,1.0808434828747489,6.885317346456692
ENLC4243677,6.35379582055749,6.0111033219094905,down,-5.393508200865219,2023-09-12,0.3225612030905083,6.333664524999999
ENLC4382341,6.3334412503937,5.998911253176591,down,-5.28196258544774,2023-09-12,0.41758513211237513,6.4164963852889665
ENLC4492787,7.053339666666667,5.761181181630636,down,-18.319810842835686,2023-09-12,1.2865740560702896,7.047755237700926
ENLC4818695,6.320678849489797,5.976247057499706,down,-5.44928480297481,2023-09-12,0.32663594250029426,6.3028830000000005
ENV5434199,5.375285498819208,6.048306521622111,up,12.520656306548664,2023-09-12,-0.710967521622111,5.337339
EOG4222117,5.448407,6.010177321029138,up,10.310726071476278,2023-09-12,-0.48426258932182,5.525914731707318
EOG4222118,5.442979680672269,5.904445981239949,up,8.478192601128423,2023-09-12,-0.45995255870473706,5.444493422535212
EOG4326917,5.286272302774427,6.019688281385847,up,13.873972746854093,2023-09-12,-0.7234036748027757,5.296284606583072
EOG4975053,5.471562,5.729758445077938,up,4.718880003149719,2023-09-12,-0.24234625460174808,5.48741219047619
EOG4975082,5.080426067128395,5.9640619445807665,up,17.3929482641173,2023-09-12,-0.8748659944089443,5.089195950171822
EPR4220977,7.07506348051948,6.011437477932942,down,-15.033448187640042,2023-09-12,0.7165652363527713,6.728002714285713
EPR4434883,7.551358533101045,6.0102774619606345,down,-20.407997638903648,2023-09-12,1.6230442261560531,7.633321688116688
EPR4497659,7.583230871621621,5.987564537667694,down,-21.042038162458113,2023-09-12,1.7397239187588882,7.7272884564265825
EPR4620722,7.694299853125,6.011894742206276,down,-21.865603668089747,2023-09-12,1.7201802066988332,7.732074948905109
EPR4870466,7.736526149730633,6.021354278170741,down,-22.169793501177654,2023-09-12,1.6621800513805747,7.683534329551316
EPR5280353,7.732957999999999,6.058562027915571,down,-21.65272295652489,2023-09-12,1.6308686993571566,7.689430727272728
EPRT5208145,7.353958,5.9407545239905755,down,-19.21690980570497,2023-09-12,1.3795038036130638,7.320258327603639
EQH4623286,5.832898869723436,5.983801965937718,up,2.587102906885086,2023-09-12,-0.1530659142135793,5.830736051724139
EQH4623289,6.373087925818181,5.797791781188789,down,-9.026960734352883,2023-09-12,0.5681792188112107,6.365971
EQH5522698,6.034403578957118,5.983478429305973,down,-0.8439135530929499,2023-09-12,0.061383385508841926,6.044861814814815
EQIX4909425,5.955798041054039,6.073149303416348,up,1.9703700755699316,2023-09-12,-0.08895068454724608,5.984198618869102
EQIX4909426,5.638375710743802,5.9935962133944685,up,6.300050242728612,2023-09-12,-0.3017098034327823,5.691886409961686
EQIX4909427,5.748897326502097,5.982589483403642,up,4.0649909648627345,2023-09-12,-0.2003329246847816,5.782256558718861
EQIX4999473,5.814883334448161,6.009069506567176,up,3.3394680675471147,2023-09-12,-0.11991769538522412,5.889151811181952
EQIX4999474,5.613327603773584,5.987075791475684,up,6.658228667267633,2023-09-12,-0.29771152728963735,5.689364264186047
EQIX4999475,5.739428549356223,5.9539647867760515,up,3.737937245405599,2023-09-12,-0.19897594921259998,5.7549888375634515
EQIX5050786,5.600994117878193,5.980452013889487,up,6.7748311822017,2023-09-12,-0.3173150138894876,5.663137
EQIX5050788,5.793125163342591,6.027825891157656,up,4.051366424813177,2023-09-12,-0.18460367552611512,5.843222215631541
EQIX5178901,5.755431462962963,5.998599367203543,up,4.225016070565702,2023-09-12,-0.23161437858708211,5.766984988616461
EQIX5178902,5.705591939393941,5.980663965409291,up,4.821095320822546,2023-09-12,-0.22887832737248015,5.751785638036811
EQIX5178903,5.782802161172161,5.966660284818893,up,3.179395015122983,2023-09-12,-0.18300528481889256,5.783655
EQIX5390681,5.754219572486773,5.937283357445649,up,3.18138337706433,2023-09-12,-0.2007622986388311,5.736521058806818
EQNR3684402,5.429838,5.839955051160406,up,7.553025544415988,2023-09-12,-0.45594105116040673,5.384014
EQNR4005095,5.503104,6.02493066744584,up,9.482406064756177,2023-09-12,-0.41040166744584017,5.614529
EQNR4068005,5.5310109999999995,5.802744942485124,up,4.9129163273246945,2023-09-12,-0.22247274248512472,5.5802722
EQNR4068006,5.7333420666666655,6.081994075146297,up,6.081130419667007,2023-09-12,-0.42221923194418043,5.659774843202117
EQNR4181079,5.6046107925925925,6.020094308564683,up,7.413244761281552,2023-09-12,-0.4089658645812806,5.611128443983403
EQNR4685754,4.922102647440519,5.980335064297504,up,21.4996007327735,2023-09-12,-1.0363941412205815,4.943940923076923
EQNR4973367,5.536738,5.84336537037832,up,5.538050931402582,2023-09-12,-0.31432437037832006,5.529041
EQNR4973368,4.954533796747968,5.957831922446897,up,20.250101560664888,2023-09-12,-1.0089787533446,4.948853169102297
EQNR4973369,5.122280834702258,6.043202386718032,up,17.978739974129194,2023-09-12,-0.9294918351390864,5.113710551578945
EQNR4973370,5.333327997993312,6.144877821817098,up,15.216574418995712,2023-09-12,-0.7368991662593647,5.407978655557733
EQNR4989458,4.997183038834952,5.956108320945449,up,19.18931675422604,2023-09-12,-0.9451961281743646,5.010912192771085
EQNR4989463,5.178142093023255,6.013948803816499,up,16.14105398767183,2023-09-12,-0.8001955320256915,5.213753271790807
EQR4245068,5.594857004219409,6.017685678188121,up,7.557452740075968,2023-09-12,-0.38805473806836055,5.62963094011976
EQR4411930,5.36970694117647,5.994050172167721,up,11.627137902137745,2023-09-12,-0.5996908955719746,5.394359276595746
EQR4526188,5.464962,5.987168041349098,up,9.555529230561861,2023-09-12,-0.4357830413490982,5.551385
EQR4595022,5.295988499999999,5.979040370327945,up,12.897533110729862,2023-09-12,-0.5815521203279452,5.397488249999999
EQR4773880,5.341616500000001,5.973551978806419,up,11.830416481722676,2023-09-12,-0.6455603756318151,5.3279916031746035
EQR4847783,5.364162444444444,5.964200942640266,up,11.186061280028346,2023-09-12,-0.5942559426402658,5.369945
EQR4874442,5.435818429411765,5.958047917510693,up,9.60719153666508,2023-09-12,-0.5079318160614186,5.450116101449274
EQR5233657,5.433631,5.94082524175134,up,9.334351960067586,2023-09-12,-0.5397556496460769,5.401069592105263
EQT.GA,6.2776293881019845,6.013223804705336,down,-4.211869912196111,2023-09-12,-0.13060323607788416,5.882620568627452
EQT4150032,6.480133054054054,6.020837324898339,down,-7.087751521836023,2023-09-12,0.35979884176832844,6.380636166666667
EQT4422288,6.489206493716338,5.996357482686542,down,-7.594904115118456,2023-09-12,0.4849524821228428,6.481309964809385
EQT4547950,5.8679976738194615,6.155232204885087,up,4.8949325993625665,2023-09-12,-0.25914513711100184,5.8960870677740855
EQT4647467,7.418334493421051,5.771897218736383,down,-22.19416334144559,2023-09-12,1.6438263685652048,7.415723587301588
EQT4647469,6.760023947368421,5.975689333740979,down,-11.602541939703816,2023-09-12,0.8277971307198051,6.803486464460784
EQT4937552,6.096776598302686,5.98149814381087,down,-1.8908098834375646,2023-09-12,0.1452531090193201,6.12675125283019
EQT4937554,6.298270326438268,6.039867125382451,down,-4.102764531574914,2023-09-12,0.16362132766092152,6.203488453043373
EQT5073449,6.1771231578947345,5.972791647324057,down,-3.307874966189223,2023-09-12,0.2923610578876712,6.265152705211729
EQT5179965,35.75957300000001,6.000311994356438,down,-83.22040368223514,2023-09-12,31.026997604992097,37.027309599348534
EQT5479169,5.914372530422333,5.994163379370022,up,1.3491008308533343,2023-09-12,-0.10805267473426028,5.886110704635762
ERJ4449074,5.81235105615589,6.086283653235398,up,4.712939642373881,2023-09-12,-0.2918258590401468,5.794457794195251
ERTS4336679,5.424141135379061,6.008261025290275,up,10.768891799316958,2023-09-12,-0.5615526433884348,5.44670838190184
ERTS5129008,5.292522882591094,5.954708625585078,up,12.511721870341603,2023-09-12,-0.6381298898707923,5.316578735714286
ES3682021,5.7147405,5.84940676062298,up,2.356472015185646,2023-09-12,-0.17832401062298064,5.671082749999999
ES4104232,5.662693666666666,5.800165617475715,up,2.4276776901825867,2023-09-12,-0.08820330707303103,5.711962310402684
ES4311196,5.5891405,6.007751120929065,up,7.4897136854774855,2023-09-12,-0.43152356563869265,5.576227555290372
ES4342508,5.814026999999999,6.002950205788476,up,3.249438053667052,2023-09-12,0.09256481461968669,6.095515020408163
ES4463014,5.258921,5.99204372511046,up,13.94055406252462,2023-09-12,-0.7300816112893225,5.261962113821138
ES4495993,5.200062,6.0035544282857085,up,15.451593236498114,2023-09-12,-0.7683591782857082,5.23519525
ES4549349,5.95623355319149,6.018871805170051,up,1.0516419717121113,2023-09-12,-0.008625694058941313,6.01024611111111
ES4583818,5.5389514476190485,5.985090212004577,up,8.054570772186565,2023-09-12,-0.4604156008934659,5.524674611111111
ES4778199,6.010214946558705,6.041710596917663,up,0.5240353404829872,2023-09-12,0.23911840308233678,6.280829
ES4778241,5.434854,5.969349394145263,up,9.834586065150301,2023-09-12,-0.5001153941452641,5.469233999999999
ES4834526,5.132754115986366,6.030685532211653,up,17.494144389823955,2023-09-12,-0.8765940322116537,5.154091499999999
ES4851480,5.48585,5.7414046324058425,up,4.65843273887989,2023-09-12,-0.20741663240584352,5.533987999999999
ES4969825,5.364979,5.9913408680366445,up,11.675010620482288,2023-09-12,-0.6674118680366448,5.323929
ES5029273,5.863496987654321,6.0094280033313545,up,2.488805161566448,2023-09-12,-0.45937700333135467,5.550051
ES5029274,5.580620076923077,5.953048992298031,up,6.673611717719649,2023-09-12,-0.42987575034956116,5.52317324194847
ES5145769,5.645606,5.955430119010837,up,5.487880645777221,2023-09-12,-0.2630934523441706,5.692336666666667
ES5196024,5.277831999999999,5.9440131736259865,up,12.622250454845615,2023-09-12,-0.6549231736259866,5.28909
ES5207380,5.1903795,5.9436311331098475,up,14.512457771341147,2023-09-12,-0.6736811331098478,5.26995
ES5237991,5.329748,5.943235716030221,up,11.510632698398142,2023-09-12,-0.5682647160302201,5.374971000000001
ES5367086,5.702036489343563,5.942434278054838,up,4.215998777990125,2023-09-12,-0.22421456555483932,5.718219712499999
ES5367087,5.548196088235294,5.993951886598473,up,8.034247371111935,2023-09-12,-0.4081543135896233,5.58579757300885
ES5434234,6.0395709473684205,6.024793805266483,down,-0.24467205089090893,2023-09-12,-0.1777174206510983,5.847076384615384
ES5434415,5.558325099804305,5.994115548117869,up,7.840319529509116,2023-09-12,-0.4160644081669753,5.578051139950894
ES5475107,5.563037,5.70570145877003,up,2.5645067392151226,2023-09-12,-0.12880345877002952,5.576898000000001
ES5522112,5.53524859574468,5.703020473473573,up,3.030972770723792,2023-09-12,-0.13774847347357344,5.565271999999999
ES5522639,5.510328973404255,5.7186371339073725,up,3.7803216742325527,2023-09-12,-0.22866313390737236,5.489974
ES5549902,5.498046526200872,5.983604487391528,up,8.831463300223735,2023-09-12,-0.42649509091058846,5.557109396480939
ES5584851,5.770780782156932,5.938260668493581,up,2.9022049642656857,2023-09-12,-0.16655363277929425,5.771707035714287
ES5584903,5.580564961389962,6.004164353427263,up,7.590618422472301,2023-09-12,-0.3957689034272631,5.60839545
ES5608859,5.25424,5.923293856307388,up,12.73359908012172,2023-09-12,-0.6977996303287402,5.225494225978648
ESGR4838226,6.459739,5.967643636446357,down,-7.6178830685518895,2023-09-12,0.43802270696617107,6.405666343412528
ESGR5243162,6.919831911767244,6.071326207781989,down,-12.261940966259061,2023-09-12,0.8703489828328212,6.94167519061481
ESS4116095,6.371763,6.340397361487197,down,-0.49225996812503414,2023-09-12,-0.052429861487196305,6.287967500000001
ESS4221372,5.930384791666666,6.014544869365187,up,1.419133507437533,2023-09-12,-0.047413925544961266,5.967130943820226
ESS4350863,5.56137,6.002721549295097,up,7.936022046637727,2023-09-12,-0.43952854929509577,5.563193000000001
ESS4606279,6.255653178571428,5.760413374552304,down,-7.916676162859466,2023-09-12,0.5175786254476966,6.277992
ESS4795082,5.749093,5.970218072649308,up,3.8462601431096646,2023-09-12,-0.19584457264930855,5.774373499999999
ESS4866131,5.957374,5.961682330879296,up,0.0723192950332879,2023-09-12,0.010478805933115787,5.972161136812412
ESS4946973,5.845695,5.936470871455419,up,1.5528670492630692,2023-09-12,-0.08838487145541851,5.848086
ESS5186744,5.908051,5.945702447489871,up,0.6372904954589994,2023-09-12,0.008873552510129556,5.954576
ET4786471,6.71197805263158,5.749491186301573,down,-14.339839295997736,2023-09-12,0.9679930429285282,6.717484229230101
ETE3702816,6.944294799999998,5.96372946752831,down,-14.120445066238954,2023-09-12,0.19936081818597629,6.163090285714286
ETE4071394,6.984725,6.034958448525578,down,-13.59776586013654,2023-09-12,-0.4218726064203162,5.613085842105262
ETE5510699,5.7791918362573105,5.996587133203265,up,3.761690269252995,2023-09-12,-0.2145421553027127,5.7820449779005525
ETE5510725,6.028254809037902,5.960644937728041,down,-1.1215496599197528,2023-09-12,0.08776270078421966,6.048407638512261
ETN.HC,5.860999,5.9139047779504175,up,0.9026750891856123,2023-09-12,-0.25265377795041655,5.661251000000001
ETN4071733,5.379988000000001,5.817592826382316,up,8.133936848601053,2023-09-12,-0.436340826382315,5.381252000000001
ETN4539192,4.95893,5.987224832627739,up,20.73622399646172,2023-09-12,-0.985478318064632,5.001746514563107
ETN5463660,5.118011414727166,5.982692943401444,up,16.89487300059829,2023-09-12,-0.86388601867238,5.118806924729064
ETN5463662,5.317504048710143,5.742280049478771,up,7.988259094446113,2023-09-12,-0.4153248572457624,5.326955192233009
ETN5588083,4.987932076923077,5.981229495972427,up,19.91401253527271,2023-09-12,-0.942236495972427,5.038993
ETP.AB,6.689994153846156,5.828144038619656,down,-12.882673667674466,2023-09-12,0.8421883595906348,6.670332398210291
ETP.GL,6.714173,5.867723480278037,down,-12.606906609674237,2023-09-12,0.9578097197219639,6.825533200000001
ETP.GS,6.678312,5.849323588449863,down,-12.413142895242645,2023-09-12,0.885646134216806,6.734969722666669
ETP3955505,6.682506341869398,5.827883198162078,down,-12.788961206855262,2023-09-12,0.904145801837922,6.732029
ETP4050950,6.351423,6.0298365779498395,down,-5.063218463801893,2023-09-12,0.6623574220501611,6.692194000000001
ETP4050952,6.824232908730159,5.811742822525745,down,-14.836687137526441,2023-09-12,1.0014064138378913,6.813149236363636
ETP4074459,4.622223614973262,6.036620094990986,up,30.599914626283308,2023-09-12,-1.594305144742231,4.442314950248755
ETP4078795,6.026749601972103,6.0775784081027755,up,0.8433867256412989,2023-09-12,-0.2483291675671504,5.829249240535625
ETP4219914,5.975524580291971,6.021917724056654,up,0.7763861254573926,2023-09-12,-0.018359463059587355,6.003558260997067
ETP4219918,6.127781736842104,5.9040421605583555,down,-3.6512327934031634,2023-09-12,0.2438768544229175,6.147919014981273
ETP4219923,6.565975,5.810290251462689,down,-11.509101824745157,2023-09-12,0.7655267485373107,6.575817
ETP4260015,5.843995734463277,6.032202975608688,up,3.220523246372558,2023-09-12,-0.17390544081015324,5.858297534798535
ETP4260192,6.734893,5.783530573037105,down,-14.125872927200103,2023-09-12,1.0136463439240266,6.797176916961131
ETP4444446,5.851779247648903,5.996147545933774,up,2.467083807764537,2023-09-12,-0.09515241793377349,5.900995128000001
ETP4444447,6.658011,5.769802778139296,down,-13.340443893239343,2023-09-12,0.9116488743827214,6.681451652522018
ETP4641497,7.668198142857143,6.033545600468049,down,-21.317296605223465,2023-09-12,7.252456399531955,13.286002000000003
ETP4641501,6.529273384615384,5.870258942218156,down,-10.093227891943268,2023-09-12,0.7108738577818441,6.5811328
ETP4641502,6.731853536221801,5.867571952582425,down,-12.83868668545702,2023-09-12,0.8207914083198311,6.688363360902256
ETP4641688,5.830179867701405,5.9947504391737585,up,2.8227357509852706,2023-09-12,-0.14190307276154446,5.852847366412214
ETP4786469,5.994661800000001,6.038164621538673,up,0.7256926744169605,2023-09-12,0.12684420016675357,6.165008821705427
ETP4786470,5.894616597092705,5.990728987763069,up,1.6305113163385052,2023-09-12,-0.1374375605242646,5.853291427238805
ETP4813924,6.288316946666667,6.031811949385556,down,-4.079072340923905,2023-09-12,0.12345733607854203,6.155269285464098
ETP4814603,5.853718100382409,6.026505512972997,up,2.951754929560072,2023-09-12,-0.190614479262174,5.835891033710823
ETP4933653,5.8707730909499825,6.0204229896424835,up,2.5490663047970963,2023-09-12,-0.14775744375656608,5.872665545885917
ETP4933654,6.042664232876713,6.015691165777957,down,-0.4463770624884582,2023-09-12,0.06358488248242455,6.079276048260382
ETP4933655,6.520436511731843,5.738941093183563,down,-11.985323638105836,2023-09-12,0.7784599068164377,6.517401
ETR.LE,5.829739,6.021619913609909,up,3.291415166440708,2023-09-12,-0.7557779136099079,5.265842000000001
ETR.LF,5.574149,6.021148465284686,up,8.019151717772262,2023-09-12,-0.24355446528468416,5.7775940000000015
ETR4106291,5.849926381849315,6.077528069154688,up,3.890676094857498,2023-09-12,-0.2705388680809939,5.806989201073694
ETR4136086,6.041085,5.799709886483695,down,-3.995558968567807,2023-09-12,0.5025261135163053,6.302236000000001
ETR4325403,5.465827006430869,6.010158288618395,up,9.9588091892972,2023-09-12,-0.5781029004821452,5.432055388136249
ETR4345459,5.467554778316327,6.048212562185874,up,10.6200633996822,2023-09-12,-0.5330938167313279,5.515118745454546
ETR4362778,5.319447376681614,5.988153902821513,up,12.570977373913838,2023-09-12,-0.5575983472659569,5.430555555555556
ETR4364220,5.421837999999999,5.947713904405558,up,9.699218316843082,2023-09-12,-0.4701774806767425,5.477536423728815
ETR4394761,5.688459804958678,6.0071412338737815,up,5.602244541436434,2023-09-12,-0.27815511802012427,5.728986115853657
ETR4410268,5.5395520937499985,6.000030685060145,up,8.312559996135462,2023-09-12,-0.5355417619832226,5.464488923076923
ETR4498035,5.303310512195122,5.996106257499302,up,13.063458074179813,2023-09-12,-0.6173592574993023,5.378747
ETR4565595,5.857607000000001,5.986808590936534,up,2.205706032114029,2023-09-12,-0.0017608409365346134,5.98504775
ETR4612273,5.576703123809525,5.930694658972729,up,6.3476847754697685,2023-09-12,-0.3625858204077055,5.568108838565023
ETR4665138,5.798311647540984,5.754942570908759,down,-0.7479604282846316,2023-09-12,0.054543429091241435,5.809486000000001
ETR4785150,5.452808833333334,5.973048601297853,up,9.540766673943587,2023-09-12,-0.545494601297853,5.427554
ETR4785151,5.805569749999999,5.859854195942317,up,0.9350408018492542,2023-09-12,-0.009132936683058368,5.850721259259259
ETR4808744,5.844713,5.747364297643916,down,-1.6655856730019718,2023-09-12,0.17267170235608376,5.920036
ETR4841420,5.823049,5.746152626203174,down,-1.3205517212172868,2023-09-12,0.04190046916467338,5.7880530953678475
ETR4884918,5.843220473684211,5.743178357177617,down,-1.7121057977727874,2023-09-12,0.06768664282238301,5.810865
ETR4961250,5.688042,5.725788107800322,up,0.6636045901264765,2023-09-12,-0.02183010780032202,5.703958
ETR4987733,6.138989,5.734582003484743,down,-6.587517855387212,2023-09-12,0.374606248547777,6.10918825203252
ETR4987734,5.7095777142857145,5.963561931140846,up,4.448388822515667,2023-09-12,-0.24666940088147893,5.716892530259367
ETR5035140,5.819841351941748,6.014049324941651,up,3.3369977161852917,2023-09-12,-0.17264538382666927,5.841403941114982
ETR5054774,5.402945,5.950224214239823,up,10.129276056665816,2023-09-12,-0.4936932142398227,5.456531
ETR5080829,5.892268372093023,6.03279782964543,up,2.384980599627529,2023-09-12,0.06575557035457003,6.0985534
ETR5142418,5.473224999999999,5.981796505760322,up,9.291989745722539,2023-09-12,-0.4840571361951014,5.49773936956522
ETR5142419,5.785343319587629,5.948576574222667,up,2.8214964197954027,2023-09-12,-0.1733589292827027,5.775217644939964
ETR5143899,5.471577843988269,5.955329936776581,up,8.841180854619827,2023-09-12,-0.49173936195472745,5.463590574821853
ETR5143900,5.623235,5.836176053835649,up,3.786806950725848,2023-09-12,-0.19430505383564878,5.641871
ETR5270492,5.770418222490931,6.032086611083181,up,4.534652056455193,2023-09-12,-0.08026398391555123,5.95182262716763
ETR5300762,,no data prior to target date,N/A,N/A,,N/A,6.123958
ETR5465694,5.831587,5.7093055253776095,down,-2.096881597108821,2023-09-12,0.12053747462239084,5.829843
ETR5522170,5.456068,5.929973013281055,up,8.685834071002317,2023-09-12,-0.4786793836514258,5.451293629629629
ETR5553226,6.531408201581028,5.984733137447794,down,-8.369941783778009,2023-09-12,0.6120536217617225,6.596786759209516
ETR5631898,5.85751875,5.705260141305904,down,-2.599370402256003,2023-09-12,0.1569768586940965,5.862237
ETR5634722,5.466796333333333,5.922950486649841,up,8.344085374740336,2023-09-12,-0.4249879866498407,5.4979625
ETSY5056972,0.8311587109826588,6.010388622243661,up,623.1336858802483,2023-09-12,-5.341896720365785,0.6684919018778759
ETSY5253820,6.019667672297297,6.003693479429957,down,-0.26536669027184934,2023-09-12,0.006438490920446682,6.010131970350404
ETSY5434196,6.465000264710785,6.01516172114437,down,-6.958059167017505,2023-09-12,0.41035920690585836,6.425520928050228
EV4481204,5.537065,5.997315811753352,up,8.31218004038876,2023-09-12,-0.504622811753352,5.492693
EVH4901961,0.5734879050410316,6.145007076083128,up,971.5146774792867,2023-09-12,-5.5900780760831275,0.554929
EVKS5552919,5.900522128398791,5.722577853112583,down,-3.0157377841153257,2023-09-12,0.18168120025168744,5.90425905336427
EVLLF4070413,5.826957,6.031131957472414,up,3.5039722701302485,2023-09-12,0.25533286006920086,6.2864648175416145
EVLLF4885778,5.966748303030303,6.0019538997824435,up,0.590029861562299,2023-09-12,0.16279166930420796,6.1647455690866515
EVLLF4885779,6.288212552,5.972278358551579,down,-5.02422891776991,2023-09-12,0.4565503000618669,6.428828658613446
EVLLF5588087,5.980234748904195,6.023155529994123,up,0.7177106400010982,2023-09-12,-0.032987609728341916,5.990167920265781
EVLLF5588088,6.590380995402107,5.993602036405844,down,-9.055302863561552,2023-09-12,0.6632664654306,6.656868501836444
EVLLF5588207,6.932867310606061,5.7171078886209665,down,-17.53617035371782,2023-09-12,1.2196070561026513,6.936714944723618
EVMT5566711,5.532387063719115,5.932193082340486,up,7.22664582243824,2023-09-12,-0.4020527490071526,5.530140333333334
EVRG4881073,6.1193650629921255,6.0277744644941205,down,-1.4967336897730503,2023-09-12,0.015396486783159524,6.04317095127728
EVRG4881074,5.625304,5.969183350154077,up,6.113080291377631,2023-09-12,-0.33990398750382855,5.629279362650249
EW4642118,5.324416333333334,5.986421116361437,up,12.433377511890722,2023-09-12,-0.656358116361436,5.330063000000001
EXAS4586328,11.689169,6.020664998474759,down,-48.49364400091436,2023-09-12,5.869717001525242,11.890382
EXAS4806408,1.5608886666666666,5.9966992287419245,up,284.1849426421994,2023-09-12,-4.821461947188526,1.1752372815533982
EXAS4957195,2.1591118867890353,6.078108327192956,up,181.50965053655145,2023-09-12,-3.766012870281837,2.3120954569111185
EXC.DF,6.307049525641026,5.846233560013086,down,-7.306363518385467,2023-09-12,0.49615521303656074,6.342388773049647
EXC.IU,6.267212999999999,5.9304003206972435,down,-5.374201886911384,2023-09-12,0.27991601263608956,6.210316333333333
EXC.JA,5.980105666666667,5.985291900549018,up,0.08672478667491139,2023-09-12,0.04279548040336234,6.02808738095238
EXC.JF,5.736051236559137,5.920722666709928,up,3.219487109420739,2023-09-12,-0.13205666670992766,5.788666
EXC.JL,5.815956281553398,5.9126336002299595,up,1.6622772592564858,2023-09-12,-0.09558760022995916,5.817046
EXC.JN,5.6325892692307695,5.902154013461138,up,4.785805095055026,2023-09-12,-0.2799413582148844,5.622212655246254
EXC.JQ,,no data prior to target date,N/A,N/A,,N/A,5.57174
EXC.KC,6.207799500000001,5.858444163289902,down,-5.627683959672005,2023-09-12,0.37638024668239645,6.2348244099722985
EXC3672086,5.7350325,5.921803467842021,up,3.25666799345986,2023-09-12,-0.19551046784202075,5.726293
EXC3674583,,no data prior to target date,N/A,N/A,,N/A,6.076484999999999
EXC3703610,5.349854666666666,5.926749716282214,up,10.783377971181292,2023-09-12,-0.4298807162822147,5.496868999999999
EXC3705298,6.1700247500000005,5.917876046673966,down,-4.086672477708209,2023-09-12,-0.23211776095967895,5.685758285714287
EXC3867220,6.277364117647059,5.827745637192443,down,-7.16253624973958,2023-09-12,0.370224827698598,6.197970464891041
EXC3908090,5.681956,5.82366535139418,up,2.4940240894892542,2023-09-12,-0.17335666424334306,5.650308687150837
EXC3980949,5.656505666666667,5.81737562330074,up,2.8439811805027784,2023-09-12,-0.1411966233007398,5.676179
EXC4069130,6.352087428571429,6.034672898650717,down,-4.997011352409832,2023-09-12,-0.25648839865071515,5.778184500000002
EXC4106760,4.906774666666666,6.03095634669064,up,22.910807126744782,2023-09-12,0.034223319976025124,6.0651796666666655
EXC4181060,5.767857,6.024958239398875,up,4.457482898741674,2023-09-12,-0.3357132393988751,5.689245
EXC4215717,5.6465165312500005,5.797498749269244,up,2.673900221200977,2023-09-12,-0.14730874926924376,5.65019
EXC4307356,5.813670183544303,6.0206338582970265,up,3.5599486764580726,2023-09-12,-0.16692998611657384,5.853703872180453
EXC4307362,5.780348600000001,5.905950754596499,up,2.1729166056956846,2023-09-12,-0.027987754596498604,5.877963
EXC4307365,5.983032188751192,5.816156618613668,down,-2.7891471226123397,2023-09-12,0.1601054340179111,5.976262052631579
EXC4310852,5.663028000000001,5.788293322075008,up,2.2119848617207487,2023-09-12,-0.08030532207500674,5.707988000000001
EXC4350763,5.528442451327435,6.011686761531367,up,8.741057078163127,2023-09-12,-0.4180693398154194,5.593617421715948
EXC4350766,5.998398963302752,5.785914578456109,down,-3.5423516532759645,2023-09-12,0.20672325580418072,5.9926378342602895
EXC4375216,5.663651,5.78210534153401,up,2.0914837714048726,2023-09-12,-0.07681734153400921,5.705288
EXC4375217,5.120169,6.006638718098828,up,17.313290207780803,2023-09-12,-0.7679537180988287,5.238684999999999
EXC4394476,5.217900333333334,6.007463174744395,up,15.13181147533855,2023-09-12,-0.7186481747443958,5.288815
EXC4532280,5.181013,5.994537304406653,up,15.70203171477572,2023-09-12,-0.9457836377399857,5.048753666666667
EXC4532281,5.671021,5.770452129408742,up,1.7533197180673894,2023-09-12,-0.12884612940874263,5.6416059999999995
EXC4540701,5.560591,5.771065034298128,up,3.785101876727283,2023-09-12,-0.18234653429812742,5.588718500000001
EXC4599074,5.594036,5.764942894771482,up,3.0551625833563145,2023-09-12,-0.15179287606824143,5.613150018703241
EXC4600488,5.552126666666666,5.775646555664545,up,4.025842752108414,2023-09-12,-0.2215864886863521,5.5540600669781925
EXC4664840,5.1631777989130425,5.987239270420641,up,15.960354332192104,2023-09-12,-0.7821482704206408,5.205091
EXC4699400,5.72601,5.777395829753868,up,0.8974107581696169,2023-09-12,-0.04138882975386782,5.736007
EXC4731437,5.265025787672459,6.0425541778831215,up,14.767798327430201,2023-09-12,-0.6885558778831218,5.3539983
EXC4797195,5.568773384615385,5.753024479002934,up,3.3086477337463895,2023-09-12,-0.16308447900293377,5.58994
EXC4880173,5.500375,5.746729085062827,up,4.47885980615553,2023-09-12,-0.136698085062827,5.610031
EXC4953841,5.3802938192771075,5.965504075870989,up,10.876920039145924,2023-09-12,-0.5934280758709889,5.372076
EXC4953842,5.53203,5.742818216323736,up,3.810323087975586,2023-09-12,-0.2069822163237358,5.535836
EXC4972599,5.603984459459459,5.964139469556283,up,6.426766753231912,2023-09-12,-0.3371170491627238,5.627022420393559
EXC4972600,5.933461325009247,5.769412137913396,down,-2.7648142982645205,2023-09-12,0.2628299287532698,6.032242066666666
EXC4987197,6.056695434073108,6.052688000423804,down,-0.06616534862821533,2023-09-12,0.026934813646547262,6.079622814070351
EXC5198770,5.2417023333333335,5.950960414298886,up,13.531063686222664,2023-09-12,-0.6682876277027656,5.2826727865961205
EXC5376106,5.261005,5.94937244118847,up,13.084333529211056,2023-09-12,-0.6974504411884697,5.251922
EXC5463622,5.515192769102396,5.760436724135471,up,4.446697791000131,2023-09-12,-0.23994212327091713,5.520494600864554
EXC5508234,5.476112843390804,6.0066771079288115,up,9.688702181846981,2023-09-12,-0.5208441079288111,5.485833
EXC5508235,5.614012666666666,5.946150400703914,up,5.916227015470128,2023-09-12,-0.3035121293816463,5.642638271322268
EXC5508236,5.8343810000000005,5.71887275095938,down,-1.9797858425875905,2023-09-12,0.1860332222656833,5.9049059732250635
EXC5522115,5.274608660377359,5.93945594379291,up,12.60467508063407,2023-09-12,-0.6399429227402775,5.299513021052633
EXC5522116,5.590022890965733,5.717487908070875,up,2.2802235266539537,2023-09-12,-0.15738715265800263,5.560100755412872
EXC5543121,5.4656909261104465,6.160498861563305,up,12.71217024244188,2023-09-12,-0.6798639822681514,5.480634879295153
EXC5543122,5.674102588571428,5.934687261145897,up,4.592526633186538,2023-09-12,-0.23895393619234984,5.695733324953547
EXC5543123,5.9293895,5.726234833986322,down,-3.426232431073696,2023-09-12,0.2549243568806068,5.981159190866928
EXC5544609,5.65995325527961,6.021423248228179,up,6.3864483794347535,2023-09-12,-0.35613721158888634,5.6652860366392925
EXC5544610,5.7981180000000005,5.934404371949011,up,2.350527739328699,2023-09-12,-0.10419979238931898,5.830204579559692
EXC5584902,5.67139262469616,5.739512028040718,up,1.2011054048335694,2023-09-12,-0.06367559946928925,5.6758364285714284
EXP5205696,5.652976,5.953336423067406,up,5.313315023226817,2023-09-12,-0.19843546035554205,5.754900962711864
EXPE4414948,5.646593672452829,6.041027284532568,up,6.985337266323978,2023-09-12,-0.31614195621088914,5.724885328321679
EXPE4583779,5.691368990203284,6.057449312977205,up,6.432201521357446,2023-09-12,-0.3347353452931827,5.722713967684022
EXPE4959118,5.789594924999999,5.967715517745427,up,3.076563992003771,2023-09-12,-0.1443469173204086,5.8233686004250185
EXPE5189429,5.684210921621621,5.997243922744197,up,5.507061673799959,2023-09-12,-0.2800597680940635,5.717184154650133
EXPE5205507,5.77856523857868,5.956792193998869,up,3.084276945258235,2023-09-12,-0.1489886791726942,5.807803514826174
EXR5180189,5.899682666666665,5.955011339565606,up,0.937824558116466,2023-09-12,-0.03147433956560608,5.923537
EXR5258228,5.7859898461538455,5.946115375309016,up,2.7674699301729913,2023-09-12,-0.10598070864234899,5.840134666666667
EXR5384494,5.798873374429223,5.977859057869944,up,3.08655961052673,2023-09-12,-0.12711593073058047,5.8507431271393635
EXR5558774,5.724276789017341,5.991750509304198,up,4.672620317732271,2023-09-12,-0.25302474680419795,5.7387257625
EXR5602564,5.795289538851352,5.965999902150661,up,2.945674450860034,2023-09-12,-0.21360860231540535,5.7523912998352555
EXR5617641,5.807841375000001,6.008779907976717,up,3.459779976802757,2023-09-12,-0.024419395156203727,5.984360512820513
EXR5617643,5.7792256206896555,5.974664097642631,up,3.3817415996583424,2023-09-12,-0.16422679107328797,5.810437306569343
EXR5617645,5.891050407643311,5.965932182197551,up,1.2711107421027137,2023-09-12,-0.06552976745100736,5.9004024147465435
F.GD,7.107282455882352,5.97047927983421,down,-15.994906395021141,2023-09-12,1.1768622607063275,7.147341540540538
F.GL,7.264571666666665,5.818148322330012,down,-19.910648703123627,2023-09-12,1.586546677669988,7.404695
F.GM,6.218595704954954,6.027205945522626,down,-3.0777006339201165,2023-09-12,0.5446461655884871,6.571852111111113
F.GN,6.3703317506561685,6.017614596594722,down,-5.536872613033304,2023-09-12,0.43639345102432614,6.454008047619048
F.GP,7.132752192307693,5.782630673311877,down,-18.928479254499454,2023-09-12,1.4371116343804324,7.219742307692309
F.GQ,7.748513093394079,5.222426040435254,down,-32.60092642951609,2023-09-12,2.524898709564746,7.74732475
F.GR,6.425669000000002,5.993547366209672,down,-6.724928311594168,2023-09-12,0.22093496712366267,6.2144823333333346
F.GT,6.985454,5.945917204877106,down,-14.881449296250377,2023-09-12,0.8816587951228936,6.827576
F.GW,6.262144199686239,6.107469290913142,down,-2.4699991542968225,2023-09-12,0.15778807425539831,6.26525736516854
F.GX,6.248370320610686,5.982756730430936,down,-4.250925866279158,2023-09-12,0.3308702208584622,6.3136269512893985
F.GY,6.549623688442212,6.035004924947927,down,-7.857226429701705,2023-09-12,0.4681875734010008,6.503192498348928
F3951238,7.170754066180297,5.929783347269561,down,-17.30600028194488,2023-09-12,1.2562789310809546,7.186062278350516
F4161088,6.986462655647384,6.129965329234002,down,-12.259384593160991,2023-09-12,0.6186293980797704,6.7485947273137725
F4209293,7.199512571428569,6.0276474170306376,down,-16.277006849720703,2023-09-12,0.8212782496360287,6.848925666666666
F4274983,6.801568,6.031946836872778,down,-11.315349094903144,2023-09-12,0.9125282003762418,6.94447503724902
F4325430,6.745093999999999,6.018878375236192,down,-10.766575302935836,2023-09-12,0.6979202635138062,6.7167986387499985
F4393754,,no data prior to target date,N/A,N/A,,N/A,7.531963
F4433681,5.473317168171021,6.039174201027285,up,10.338465969903808,2023-09-12,-0.49702963567844716,5.5421445653488375
F4433682,7.165604534529545,6.082083191807015,down,-15.12114347786385,2023-09-12,1.1051720222048367,7.187255214011851
F4442293,6.147751639999999,6.204242407932173,up,0.9188850044725295,2023-09-12,0.062330738312884826,6.266573146245058
F4532719,7.179779999999999,5.99683882128331,down,-16.47600871776975,2023-09-12,1.2328951787166895,7.229734
F4560177,6.61065268699187,6.222245455311569,down,-5.875474783973904,2023-09-12,0.40161439278969624,6.623859848101265
F4575282,,no data prior to target date,N/A,N/A,,N/A,7.159137
F4664037,6.815831785714286,6.028969872494003,down,-11.544620494735712,2023-09-12,0.9561431275059968,6.985113
F4808746,6.582535263157895,6.141085062270436,down,-6.706385659006371,2023-09-12,0.5862943266817275,6.727379388952164
F4828934,6.691557529975429,6.159347664872637,down,-7.953452730828517,2023-09-12,0.5166263351273637,6.675974000000001
F4866204,6.67647123943662,6.010391365743698,down,-9.976525769459139,2023-09-12,0.7349915231451911,6.745382888888889
F4906051,6.637869673956263,6.042094839253398,down,-8.975392165959391,2023-09-12,0.5176082783936611,6.559703117647059
F4933133,6.66204,6.004049893982746,down,-9.876706024239638,2023-09-12,0.5974934742180915,6.601543368200837
F4978202,6.506908085339168,5.969310278838164,down,-8.261954824784985,2023-09-12,0.5702300795045012,6.5395403583426654
F5002658,6.500273,6.022380689069459,down,-7.351880619945357,2023-09-12,0.6240848885739565,6.646465577643416
F5029948,6.28835058129176,6.049003434949017,down,-3.8061991495005962,2023-09-12,1.0109824050509824,7.0599858399999995
F5029949,6.614138675675676,6.017609481811033,down,-9.019000403763135,2023-09-12,0.6495280737445235,6.6671375555555565
F5077457,6.65228809375,5.964170369141503,down,-10.344075826406279,2023-09-12,0.6774253581312237,6.641595727272727
F5077472,6.714287451612902,6.027125554790904,down,-10.234323474740851,2023-09-12,0.6273137950033343,6.654439349794238
F5129942,6.622082,5.997285898225712,down,-9.435040245262556,2023-09-12,0.716198101774288,6.713484
F5148081,,no data prior to target date,N/A,N/A,,N/A,6.973179
F5201195,7.4033175,6.033131737316018,down,-18.50772660613275,2023-09-12,0.5382999899567089,6.571431727272727
F5205732,,no data prior to target date,N/A,N/A,,N/A,7.154985250000001
F5207958,6.6942882980153655,5.98907585505265,down,-10.53453946959213,2023-09-12,0.6785260312915291,6.667601886344179
F5233513,7.466174,6.031506511538015,down,-19.215564604601834,2023-09-12,1.1353496313191274,7.166856142857142
F5235235,6.657796869565217,6.021629114473077,down,-9.555229268112003,2023-09-12,0.6794668855269226,6.701096
F5246502,6.813477333333332,6.018838173990337,down,-11.662754867553607,2023-09-12,0.8386278260096613,6.857465999999999
F5256195,8.005355,6.030305249578338,down,-24.671607323118863,2023-09-12,0.32030741708832977,6.350612666666668
F5298785,6.602349257604016,6.024967225082847,down,-8.745099812103852,2023-09-12,0.694770804881979,6.719738029964826
F5305082,6.933025,6.028435052114345,down,-13.047550641828856,2023-09-12,0.910458706312621,6.938893758426966
F5335188,6.764400195804194,6.033819049403865,down,-10.800383260196405,2023-09-12,1.2867062839294672,7.320525333333332
F5377431,8.301355,6.036226000554395,down,-27.28625627316992,2023-09-12,0.5929251065884644,6.629151107142859
F5380995,6.688860000000001,6.024841228234154,down,-9.927233815117182,2023-09-12,1.6286267717658465,7.653468
F5385179,6.590572372093023,6.012259959997776,down,-8.774843510467175,2023-09-12,0.5632311796710505,6.575491139668826
F5410331,7.029335333333334,6.023831964121067,down,-14.304387563417805,2023-09-12,1.578976369212266,7.602808333333333
F5416547,,no data prior to target date,N/A,N/A,,N/A,7.793014
F5420579,6.9827298139534895,6.039330003669742,down,-13.510472772390028,2023-09-12,0.8279520732533356,6.867282076923078
F5463697,6.708313663031569,6.048791702582725,down,-9.831412089201534,2023-09-12,0.709984517291983,6.758776219874708
F5477059,6.779649142857143,6.009066281516314,down,-11.366117111719483,2023-09-12,0.8042183851503522,6.813284666666666
F5477060,,no data prior to target date,N/A,N/A,,N/A,6.963158000000001
F5480234,7.748573999999999,6.0308832237488845,down,-22.167830832500464,2023-09-12,0.1718421250883253,6.20272534883721
F5498138,6.736945690058478,6.186823150356904,down,-8.165755893110056,2023-09-12,0.5154275466127931,6.702250696969697
F5499239,7.202075964102565,6.029931940444818,down,-16.275085537837768,2023-09-12,0.801726392888515,6.831658333333333
F5502191,,no data prior to target date,N/A,N/A,,N/A,7.580570333333333
F5504673,1.8022629999999995,5.973338522308703,up,231.43545211263307,2023-09-12,-4.335508522308703,1.63783
F5504674,7.128088600000001,6.018227280757016,down,-15.570251459037483,2023-09-12,1.5040637192429855,7.522291000000002
F5512661,6.882357999999999,5.938432809993539,down,-13.715142252211532,2023-09-12,1.3044561900064622,7.242889000000001
F5522242,6.774232329268292,6.015190806642475,down,-11.20483452193326,2023-09-12,0.6359571605370116,6.651147967179487
F5522244,6.758498039370078,5.976970386306927,down,-11.563629204455514,2023-09-12,0.8115716136930731,6.788542
F5547143,6.1983646666666665,6.003231285142053,down,-3.1481429702578634,2023-09-12,0.865247714857948,6.868479000000001
F5550620,7.330557714285715,5.992335310732061,down,-18.255396870360077,2023-09-12,1.2614452222447659,7.253780532976827
F5566987,6.526852999279019,6.067863618871889,down,-7.032322935078088,2023-09-12,0.4954630988816815,6.56332671775357
F5586877,6.6369213333333335,6.023873494309151,down,-9.236930923758361,2023-09-12,0.9562276109540067,6.980101105263158
F5598735,6.671247303030303,6.021239340753083,down,-9.743424771286245,2023-09-12,0.6696135155484484,6.6908528563015315
F5598737,6.731784352580481,6.043689763887929,down,-10.221578004482366,2023-09-12,0.6824377888014235,6.726127552689352
F5641251,7.107473841130605,6.015811254717101,down,-15.359361297907363,2023-09-12,1.0373902116860627,7.053201466403164
F5645691,7.001083999999999,5.99808058092739,down,-14.326401726827006,2023-09-12,0.9106044190726106,6.908685
FAF4181875,6.024547666666667,6.030407905838601,up,0.09727268329800492,2023-09-12,0.22266152273282813,6.253069428571429
FAF4986178,6.455727999999999,5.969545573014578,down,-7.531024029906787,2023-09-12,0.5273917603187552,6.496937333333333
FAF5230321,6.323303756756757,5.958275094402001,down,-5.772752288939223,2023-09-12,0.3808428467744678,6.339117941176469
FANG4915524,5.392319594117645,6.010884527695444,up,11.471221665952,2023-09-12,-0.5904026061268164,5.420481921568627
FANG4915525,5.480676473684211,5.973868825492284,up,8.99874959188277,2023-09-12,-0.47680883501609284,5.497059990476191
FANG5152186,6.153023632366698,5.913391511940354,down,-3.8945425004677223,2023-09-12,0.27333059191721265,6.186722103857567
FANG5152188,5.559894039339655,5.99063289108082,up,7.747249294562527,2023-09-12,-0.42338289108082083,5.56725
FANG5373665,6.2114935,5.7909721339712785,down,-6.770052420222624,2023-09-12,0.40909446462027255,6.200066598591551
FANG5491206,5.92585464435614,6.026679633130197,up,1.7014421518098435,2023-09-12,-0.10285150909918972,5.923828124031007
FANG5508424,6.376949927234926,5.766027720137884,down,-9.580163151162466,2023-09-12,0.5936436180974098,6.359671338235294
FB5509319,4.999702625666548,6.062283571526013,up,21.252882929568322,2023-09-12,-1.0923001167089845,4.9699834548170285
FB5522168,5.183214215426998,6.024436509314448,up,16.22974198873912,2023-09-12,-0.8194360405644474,5.205000468750001
FB5522214,5.648887314396386,5.736211510660605,up,1.5458654316164349,2023-09-12,-0.08309137186203319,5.653120138798572
FB5522241,5.736518611353712,5.6335916394114225,down,-1.7942410530766246,2023-09-12,0.09950656757782461,5.733098206989247
FB5581187,4.936850272222222,6.025333332644553,up,22.04812786295769,2023-09-12,-1.0372467648391845,4.988086567805368
FB5581188,5.022508066620079,5.99273157669584,up,19.31751024003186,2023-09-12,-0.9426128479046314,5.050118728791208
FB5581329,5.204170184169584,5.963832506070111,up,14.597184469703206,2023-09-12,-0.7226751365122688,5.241157369557842
FB5581330,5.696878163923428,5.835582796552182,up,2.4347480960208716,2023-09-12,-0.14272095220658532,5.692861844345597
FB5581331,5.842607129268293,5.644316795569854,down,-3.393867314903166,2023-09-12,0.18693513511196347,5.831251930681818
FBHS4256955,6.0118865561643835,6.030157294126117,up,0.30391022503575915,2023-09-12,-0.054094294126117326,5.976063
FBHS4701348,9.101705,6.043725418346968,down,-33.597876240254244,2023-09-12,2.530770581653032,8.574496
FBHS4882347,5.767092849369609,6.043737386345517,up,4.796949593175822,2023-09-12,-0.3078015981267237,5.735935788218793
FBHS5599651,6.084121960534306,5.980861410813664,down,-1.6972136717583766,2023-09-12,0.12115607673081996,6.102017487544484
FCNC4608107,6.1344972969696965,6.000101146851968,down,-2.190825810358044,2023-09-12,0.12036422351840237,6.12046537037037
FCX3667961,5.5418074000000015,5.998859197728254,up,8.24734179192608,2023-09-12,-0.07165119772825612,5.927207999999998
FCX3705202,6.410478400000002,5.929039408487011,down,-7.510188186781681,2023-09-12,0.4175235309069283,6.346562939393939
FCX4060860,6.496507176615686,5.961160441095268,down,-8.240531734458932,2023-09-12,0.5514355899213896,6.512596031016658
FCX4183630,6.142448335445711,6.08391878739274,down,-0.9528700097519667,2023-09-12,-0.01056588853109286,6.073352898861647
FCX4183632,6.195155021215042,5.965194133736307,down,-3.711947266714779,2023-09-12,0.23509386626369366,6.2002880000000005
FCX4867587,6.153969400441779,6.017428768717079,down,-2.2187408295351334,2023-09-12,0.19220386689368496,6.209632635610764
FCX4867588,6.0001882111801255,5.979098444769213,down,-0.3514850812782164,2023-09-12,0.07491888942028346,6.0540173341894965
FCX4954559,6.05966900076746,6.008759969874473,down,-0.8401289061587347,2023-09-12,0.005169837817835088,6.013929807692308
FCX4954560,6.109258035143771,5.998033457736648,down,-1.8205905981921011,2023-09-12,0.16944158535727638,6.1674750430939245
FCX5014831,6.178470594594595,5.993703515680523,down,-2.9904986369235163,2023-09-12,0.1736474962686927,6.167351011949216
FCX5014832,6.1517073333333325,5.9681626147310345,down,-2.9836386657692873,2023-09-12,0.17810973752153725,6.146272352252572
FDCD4946469,,no data prior to target date,N/A,N/A,,N/A,5.959815
FDS5362694,5.4903240641025635,6.007644132370001,up,9.422395877318724,2023-09-12,-0.4706420978872421,5.537002034482759
FDS5362695,5.841073,5.949578123225232,up,1.8576231323462638,2023-09-12,-0.04884806497280447,5.900730058252427
FDX.GD,6.163499333333334,5.219466564736541,down,-15.316506379603078,2023-09-12,1.2051459352634604,6.424612500000001
FDX3881474,5.77967516,5.834643916466754,up,0.9510699986598176,2023-09-12,-0.05362391646675402,5.78102
FDX4087156,5.968985162790697,5.8344092959604525,down,-2.254585380261293,2023-09-12,0.15888517583441697,5.9932944717948695
FDX4087157,5.4603276060606065,5.932419130129809,up,8.645846149326486,2023-09-12,-0.39710738938906687,5.535311740740742
FDX4200154,5.9420768589743584,5.830837330339865,down,-1.872064789375587,2023-09-12,0.09179066966013494,5.922628
FDX4302942,5.98,5.796011265514299,down,-3.076734690396352,2023-09-12,0.17701098448570196,5.9730222500000005
FDX4346474,5.996062,5.792514661929921,down,-3.3946836785556744,2023-09-12,0.26259333807007934,6.055108000000001
FDX4346475,5.254286948509486,6.02450272239042,up,14.658806826289272,2023-09-12,-0.7199541413377872,5.304548581052633
FDX4442042,5.980049,5.7831585112801385,down,-3.2924561106415964,2023-09-12,0.18441851917671404,5.9675770304568525
FDX4593524,5.307656775800711,5.996848243346169,up,12.98485370583305,2023-09-12,-0.7082616788300404,5.2885865645161285
FDX4593525,5.893263852547885,5.786314994161644,down,-1.8147644677406243,2023-09-12,0.12418919557470343,5.910504189736347
FDX4739440,5.131585028571428,5.989774124646857,up,16.72366513070014,2023-09-12,-0.8501909565913017,5.139583168055555
FDX4862202,5.272451397748022,5.997271281463302,up,13.747303275756433,2023-09-12,-0.7084278868820224,5.28884339458128
FDX4973962,5.316663939869281,5.978800728381653,up,12.453989870359417,2023-09-12,-0.6202206313667276,5.358580097014926
FDX4973963,5.90916883108342,5.826525119060192,down,-1.398567453150185,2023-09-12,0.07282484858389271,5.899349967644085
FDX5170485,5.33948251968504,5.961269751078548,up,11.64508412755672,2023-09-12,-0.6043434393902363,5.356926311688312
FE.GS,5.632116432038837,5.965063579771401,up,5.911581405500831,2023-09-12,-0.32275645329585245,5.642307126475549
FE.LD,6.2371528000000005,5.897594553355806,down,-5.4441226234539934,2023-09-12,0.36323711331085917,6.2608316666666655
FE.LR,6.282948333333333,5.875975257756742,down,-6.4774219679230916,2023-09-12,0.48170674224325793,6.357682
FE.MB,5.76399131401869,6.079918487229938,up,5.48104873862105,2023-09-12,-0.15987764596009502,5.920040841269843
FE3669305,5.870919857142859,5.89264964634086,up,0.3701258018633002,2023-09-12,0.0503263536591394,5.942976
FE4509020,6.018996536679535,6.024167676085408,up,0.08591364647513253,2023-09-12,0.037751400534047796,6.061919076619456
FE4509022,6.136719744565218,5.808757734645169,down,-5.344255947332412,2023-09-12,0.37203626535483014,6.180793999999999
FE4953823,6.164718,6.0312850613726265,down,-2.164461352934119,2023-09-12,0.49697118862737355,6.52825625
FE4953824,5.878313643724696,5.984109189626404,up,1.7997601406425103,2023-09-12,-0.05218718962640345,5.931922
FE4953825,6.080741,5.826856347864824,down,-4.1752255545035615,2023-09-12,0.18634465213517526,6.013201
FE4997683,5.975448,5.970871596086409,down,-0.07658679171152874,2023-09-12,-0.03690859608640906,5.933963
FET5027680,9.893186,6.0247633651965495,down,-39.101889268062386,2023-09-12,4.128965026960315,10.153728392156864
FHCR5434407,,no data prior to target date,N/A,N/A,,N/A,5.564043
FHN4990811,7.42835810303831,6.0310024174678984,down,-18.811097502136732,2023-09-12,1.4555679005126132,7.486570317980512
FIS4393761,6.333477,5.789029366790698,down,-8.59634657565351,2023-09-12,0.5495496332093026,6.338579
FIS5138424,5.980222555555556,6.05172787528532,up,1.1956966327839589,2023-09-12,0.001821050823053838,6.053548926108374
FIS5138425,5.606996415680473,6.022148209965231,up,7.404174419012437,2023-09-12,-0.3635974131161417,5.658550796849089
FIS5138427,5.602678097560975,5.9625634223660535,up,6.4234517589319955,2023-09-12,-0.3601632606013476,5.602400161764706
FIS5138428,6.0429455,5.8610300488606395,down,-3.010377160266638,2023-09-12,0.16961195113936078,6.030642
FIS5442201,5.756418923040154,6.037231134019127,up,4.878244872954223,2023-09-12,-0.27609548696030295,5.761135647058824
FIS5442202,5.367884027561837,6.042578673157089,up,12.569098775811419,2023-09-12,-0.5955841969666134,5.446994476190476
FIS5442203,5.591723105301468,5.993092938522098,up,7.177927548667326,2023-09-12,-0.3809855354213241,5.612107403100774
FIS5442204,6.128016,5.724022743501437,down,-6.592562037999944,2023-09-12,0.3941030506162102,6.118125794117647
FISV4248947,5.812107661638492,6.069990872185745,up,4.4369998898911165,2023-09-12,-0.2306253950283832,5.8393654771573615
FISV4702957,7.256557878132509,6.078324742675847,down,-16.2368047667234,2023-09-12,0.7205311639058944,6.798855906581742
FISV4702958,5.3657918516129035,5.990543358598721,up,11.643230379837107,2023-09-12,-0.5911802992766875,5.399363059322034
FISV4845276,5.977503521538462,6.041060369094553,up,1.0632674213754925,2023-09-12,-0.15943661075966808,5.881623758334885
FISV4845277,5.588243742411102,6.021474271490929,up,7.752534589568665,2023-09-12,-0.38698891502705113,5.634485356463878
FISV4845278,5.431110836120892,6.019466779952438,up,10.833068254076963,2023-09-12,-0.586574877691131,5.432891902261307
FISV4845279,5.933413,5.757010550374089,down,-2.973035074853396,2023-09-12,0.17397544962591116,5.930986
FISV4986740,5.466042972972974,6.036465756436421,up,10.435753730512559,2023-09-12,-0.5193861579868111,5.51707959844961
FISV4986756,5.6472432721519,5.974731475616514,up,5.79908085560168,2023-09-12,-0.3227299345754737,5.652001541041041
FISV5548630,5.447761150515465,6.001879924645398,up,10.171495387192277,2023-09-12,-0.5250348746453986,5.47684505
FISV5548631,5.644029269179004,5.981802303457634,up,5.984608126027019,2023-09-12,-0.23484104161224728,5.746961261845387
FISV5634579,5.481198584868094,6.01368986466308,up,9.714869321922226,2023-09-12,-0.5242319492219032,5.489457915441177
FISV5634796,5.733758364088158,5.986878183939009,up,4.414553313515939,2023-09-12,-0.2382838915206129,5.748594292418396
FITB.HP,7.0584277206771455,5.976811327325733,down,-15.323758153432617,2023-09-12,1.0432691397072347,7.020080467032968
FITB4072228,6.350006304060746,6.2459808283691265,down,-1.6381948412412841,2023-09-12,0.005295179765515634,6.251276008134642
FITB4343962,6.932377,6.036603382007265,down,-12.92159410823639,2023-09-12,0.9593544912321725,6.995957873239438
FITB4610045,5.907500633496846,6.004303276509469,up,1.63863957057796,2023-09-12,-0.06129398484280202,5.943009291666667
FITB4790624,6.534927968536253,6.0509636203887585,down,-7.405809987158841,2023-09-12,0.20515500535168218,6.256118625740441
FITB4902163,6.117579937351309,6.038537034297488,down,-1.2920616299791772,2023-09-12,0.16860353077100587,6.207140565068494
FITB4983300,5.975820573212258,6.011072129525444,up,0.5899031920604858,2023-09-12,0.011176430715519103,6.022248560240963
FIVN5219959,3.964293379095164,6.0922380597521055,up,53.67778005225831,2023-09-12,-2.11635730806227,3.9758807516898353
FLEX4328019,6.112751426188491,6.188135593670507,up,1.233228087094341,2023-09-12,-0.1786785936705071,6.009457
FLEX4841399,5.974012446254072,5.987677505817173,up,0.22874173239577386,2023-09-12,0.021587494182828237,6.009265000000001
FLEX4986203,5.851261,5.974106515917369,up,2.099470796420962,2023-09-12,-0.13303068617598957,5.84107582974138
FLEX5508747,5.942029499999999,6.000665696612906,up,0.9868041990183037,2023-09-12,-0.06565430798731242,5.935011388625593
FLFO4407520,5.830719611111111,6.015037818417214,up,3.161157105803261,2023-09-12,-0.3082112184172141,5.7068266
FLFO5142401,5.701122013227513,5.971546483276411,up,4.743355245186296,2023-09-12,-0.2981177920289939,5.673428691247417
FLR4186041,6.406294726027397,6.039745375661572,down,-5.721706010131162,2023-09-12,0.3847560453910601,6.424501421052632
FLR4668795,5.843873132214061,6.001807281083069,up,2.7025595062699708,2023-09-12,-0.1275293354948337,5.8742779455882355
FLS5045735,6.180558818181818,5.970116022742962,down,-3.4049153422790863,2023-09-12,0.1791143656867904,6.149230388429753
FLS5256557,6.150883,5.954253719052452,down,-3.1967650977517943,2023-09-12,0.20057440594754805,6.154828125
FLXN4629079,9.936515000000002,6.041133925364342,down,-39.20268901758473,2023-09-12,8.401543545223895,14.442677470588237
FMBI4406996,6.302369,6.0138302275120195,down,-4.57825894497736,2023-09-12,0.243707029630837,6.2575372571428565
FMX4072790,5.3597269999999995,5.828249959578743,up,8.741545223828448,2023-09-12,-0.22581095957874187,5.602439000000001
FMX4934607,5.201678,5.976745068300939,up,14.900327707730835,2023-09-12,-0.7663940683009391,5.210351
FMX5038071,5.274915,5.947685000039408,up,12.75413916697062,2023-09-12,-0.6510154000394079,5.2966696
FNB5464726,6.822263930467762,6.030207420268493,down,-11.609877868576724,2023-09-12,0.5419041449488979,6.572111565217391
FNF4848547,5.889156732526882,5.996610448090469,up,1.8246027477941136,2023-09-12,-0.06988044974063357,5.926729998349836
FNF4999868,5.901640666666666,5.972603088913127,up,1.2024185519675374,2023-09-12,-0.07666034852851045,5.8959427403846165
FNF5044029,5.8194680000000005,5.963857994728548,up,2.4811545441704954,2023-09-12,0.030859738167421824,5.99471773289597
FNF5259157,6.35866552293578,5.734661057009054,down,-9.813450065519794,2023-09-12,0.4161066096576125,6.150767666666667
FOUR5457153,5.184348,6.00566353239853,up,15.842214534952706,2023-09-12,-0.7949975323985301,5.210666
FOXR4966292,6.637559842105262,5.886018609219649,down,-11.32255302797005,2023-09-12,0.7520571327158336,6.6380757419354826
FOXR4966293,6.591984782608697,5.763838938184858,down,-12.562921058445022,2023-09-12,0.8747304951484756,6.638569433333333
FOXR4966294,6.273136417931036,6.060021641827243,down,-3.3972603480235,2023-09-12,0.47050504238328283,6.530526684210526
FOXR4966295,5.659985555022283,6.020308815715565,up,6.366151595096495,2023-09-12,-0.34085351799227226,5.679455297723293
FOXR4972810,5.625941740498034,5.978557723599824,up,6.267679250275619,2023-09-12,-0.3136791887161028,5.664878534883721
FOXR4972816,5.696025168707484,6.034572158309895,up,5.9435655492237265,2023-09-12,-0.2625699830521615,5.772002175257733
FRDQ5003840,5.090012,5.524196986181931,up,8.53013678910641,2023-09-12,-0.32111498618193046,5.203082
FRFHF3675882,6.057702,6.019388633292875,down,-0.6324736130487223,2023-09-12,0.23546103337379076,6.254849666666666
FRFHF4794072,5.9104019999999995,5.998063117973494,up,1.4831667621507767,2023-09-12,-0.04072649297349429,5.957336625
FRFHF5058213,6.267862696551724,5.9780077564374094,down,-4.624462183477291,2023-09-12,0.2961472435625909,6.274155
FRFHF5280985,6.25109,5.9684581663743295,down,-4.521320819659773,2023-09-12,0.3226153336256701,6.2910734999999995
FRFSF4305368,6.325958400000001,6.02482270597309,down,-4.760317330365481,2023-09-12,0.3485274290383531,6.373350135011443
FRT4078113,6.021948488184079,6.18836142920397,up,2.7634401281647722,2023-09-12,0.10130536645475452,6.289666795658724
FRT4842768,6.03712675,5.984314939518981,down,-0.8747838610646772,2023-09-12,-0.025319334867818455,5.958995604651163
FRT5059838,5.751103157090909,6.028991468529854,up,4.8319131799317185,2023-09-12,-0.25531346852985326,5.773678
FRT5570101,5.846733616762637,6.0054334606029505,up,2.7143334080642854,2023-09-12,-0.1660192979523476,5.839414162650603
FSIC4856894,6.3631035780590715,6.041970791070237,down,-5.046794902037242,2023-09-12,0.2991775069430078,6.341148298013245
FSIC4912233,7.174167830374754,6.038845512450055,down,-15.825142995928395,2023-09-12,0.92255517964034,6.961400692090395
FSIC5090838,7.387229120689656,6.024142634999239,down,-18.451931887055938,2023-09-12,1.388289342468572,7.412431977467811
FSIC5200601,7.251713,6.011425580661877,down,-17.10337156666463,2023-09-12,1.4411908178200958,7.452616398481973
FSIC5274559,7.380634483516483,6.039266718469878,down,-18.174152480282622,2023-09-12,0.8799756148634552,6.919242333333333
FSIC5274560,7.541873964539006,5.993443589547347,down,-20.531109141735783,2023-09-12,1.5592536687091814,7.552697258256528
FSIC5337804,7.212995666666667,6.00620965466847,down,-16.730718660696045,2023-09-12,1.3569835851632277,7.3631932398316975
FTCH5179966,19.260033666666665,6.0417382247831135,down,-68.63069748813811,2023-09-12,14.13281292906304,20.174551153846153
FTNT5139602,5.878163943708609,5.968217095615505,up,1.5319945610445227,2023-09-12,-0.1268814716485629,5.841335623966942
FTS4265671,5.634923000000001,6.05241079180091,up,7.40893516736448,2023-09-12,-0.4545287918009091,5.597882000000001
FTS4379396,5.520697,6.020848696872626,up,9.059575210750129,2023-09-12,-0.444520414004101,5.576328282868525
FTS4504326,5.824646741437204,6.089776241730363,up,4.551855452571881,2023-09-12,-0.23629125973293608,5.853484981997427
FTS5026426,5.502513939353548,6.05594863876089,up,10.057851838397363,2023-09-12,-0.5684136252961949,5.487535013464695
FTS5362482,5.460318000000001,5.952568794059046,up,9.015057255988486,2023-09-12,-0.5530052392645253,5.399563554794521
FTS5540913,5.8626228,5.718723836209325,down,-2.454515132555943,2023-09-12,0.125935663790675,5.8446595
FTVQ4502475,5.676805341911765,6.024678337061067,up,6.127971177397284,2023-09-12,-0.32554833706106656,5.69913
FTVQ5328974,6.194550449275362,6.022388863473101,down,-2.779242613520088,2023-09-12,0.29471733652689824,6.3171062
FTVQ5328975,6.604734169014085,5.998817067142285,down,-9.173981667792805,2023-09-12,0.6524512776853006,6.651268344827586
FTVQ5328976,6.641145027624308,5.965912758828626,down,-10.167407367058031,2023-09-12,0.6485481324757219,6.614460891304348
FUL4455024,6.169133,6.011455868849732,down,-2.5559042275513923,2023-09-12,0.2875177287112445,6.298973597560977
FULT4184085,6.526215120689654,6.040422602254782,down,-7.443709860172936,2023-09-12,1.2330356880678028,7.273458290322584
FUN4639629,7.100653048355134,6.037686657793748,down,-14.969980695052007,2023-09-12,1.086857365286087,7.124544023079835
FUN4848262,7.571190078651686,5.990242353220343,down,-20.881099391350713,2023-09-12,1.6295626467796573,7.619805
FYBR3680640,9.001624,6.00897309151572,down,-33.24567776308231,2023-09-12,4.115183241817612,10.124156333333332
FYBR3680641,6.20024318699187,6.009308919671352,down,-3.07946416877807,2023-09-12,0.3398669038580593,6.349175823529412
FYBR3680647,8.591118333333334,6.002373763072924,down,-30.132800757919288,2023-09-12,2.447483736927076,8.4498575
FYBR3680651,,no data prior to target date,N/A,N/A,,N/A,6.565488
FYBR5179405,12.14640507754432,5.988568343279723,down,-50.69678390397917,2023-09-12,6.257574071148757,12.24614241442848
G5154281,5.841988454545454,6.028187210405327,up,3.187249637835172,2023-09-12,-0.17875521040532671,5.849432
GBDC5055383,6.12360488379205,6.0508609485299,down,-1.1879266648096136,2023-09-12,0.9535227181367665,7.004383666666667
GBDC5133438,7.219673492502882,6.036505925418634,down,-16.38810353837862,2023-09-12,1.2729697428740474,7.309475668292682
GBDC5230340,7.262429584269661,6.01527051228291,down,-17.172752692681286,2023-09-12,1.203731452752054,7.219001965034964
GBTZF4354840,5.503795333333334,5.964735299751087,up,8.374947440834227,2023-09-12,0.08005670024891387,6.044792000000001
GBTZF5647193,5.479,6.093633054152597,up,11.217978721529414,2023-09-12,-0.6390123874859297,5.454620666666667
GBX5401532,4.380574,5.999472394534325,up,36.9563074276185,2023-09-12,-1.2875123945343248,4.71196
GD3925905,5.389088500000001,5.843905902868617,up,8.439597955546954,2023-09-12,-0.46100531463332217,5.3829005882352945
GD4392801,5.031115333333334,6.020942673468509,up,19.674113482891897,2023-09-12,-0.898169006801842,5.122773666666667
GD4540782,5.589243674295775,6.043666467418416,up,8.130309208247146,2023-09-12,-0.36865165065428407,5.675014816764132
GD4540783,5.099059532608696,6.0057653677720975,up,17.781824851523698,2023-09-12,-0.9035052588612071,5.10226010891089
GD4631454,5.40819702170636,6.050356706526436,up,11.873821945515337,2023-09-12,-0.6206474262371051,5.429709280289331
GD4631476,4.974451467450131,6.070436731338368,up,22.03228378163333,2023-09-12,-1.072905877607024,4.997530853731344
GD4969902,5.363145185567011,5.8659829837239,up,9.37580059383993,2023-09-12,-0.529386910996628,5.336596072727272
GD4969903,5.221304159695819,5.755659853737431,up,10.234142231483059,2023-09-12,-0.5449547142025466,5.210705139534884
GD4969906,5.47642646345811,6.05211906780168,up,10.512194552139512,2023-09-12,-0.5620494125014579,5.490069655300222
GD4969907,5.085005937694704,6.018092851390307,up,18.34977038627844,2023-09-12,-0.8938226437712595,5.124270207619047
GD4969908,5.04162975,5.977412654820461,up,18.561119146451816,2023-09-12,-0.9178789286299853,5.059533726190476
GD5178866,5.144965,6.020441090982561,up,17.016171946408985,2023-09-12,-0.876518090982561,5.143923
GD5178867,4.954588071428572,5.964726828165145,up,20.387946327197227,2023-09-12,-0.9874854024894688,4.977241425675676
GD5178868,5.347502,5.852314474551256,up,9.440154946202085,2023-09-12,-0.5344464745512569,5.317867999999999
GDLI5494789,,no data prior to target date,N/A,N/A,,N/A,5.448846499999999
GE.AD,7.1146075,6.047796174491112,down,-14.994661694392667,2023-09-12,-0.4199789244911125,5.62781725
GE.AJX,5.783249302752293,6.015503248789612,up,4.015976726557288,2023-09-12,-0.6168779317164423,5.3986253170731695
GE.AKG,5.825605333333333,5.9460104311590145,up,2.0668255217486124,2023-09-12,-0.05111076449234808,5.894899666666666
GE.AQ,5.7449069999999995,5.910330969045663,up,2.8794890682419023,2023-09-12,0.006365364287669983,5.916696333333333
GE.ATB,5.7701780000000005,6.018995788309589,up,4.312133669179497,2023-09-12,-0.015609788309588701,6.003386
GE.ATX,5.395156999999998,6.01525525174809,up,11.49360902283458,2023-09-12,-0.6023582517480914,5.412896999999998
GE.GP,5.652202666666667,5.918525556559425,up,4.711842543498528,2023-09-12,0.06165504344057471,5.9801806
GE.HEH,5.504760080000001,5.8934269172679015,up,7.06055907286517,2023-09-12,-0.3731848155729862,5.520242101694915
GE.HOO,6.103435777777778,6.043609346248861,down,-0.980209077430484,2023-09-12,0.5808196537511412,6.624429000000002
GE.HPF,5.920539392156862,6.045190734538825,up,2.1054051687772346,2023-09-12,-0.41798740120549116,5.627203333333334
GE.HPL,6.273050999999999,6.029918033039342,down,-3.8758327799448247,2023-09-12,-0.2572127949441052,5.772705238095237
GE.HQC,5.974171999999999,6.029542870720858,up,0.9268375721498961,2023-09-12,-0.5929628707208581,5.43658
GE.HQF,5.534906999999998,6.028959700006406,up,8.926124684776248,2023-09-12,-0.020669700006406444,6.00829
GE.HQK,5.558472999999999,6.028993872728172,up,8.464930435538195,2023-09-12,-0.5069462727281726,5.5220476
GE.HQR,5.400066,5.993948347972058,up,10.997686842569296,2023-09-12,-0.170425347972059,5.823522999999999
GE.HQW,5.905521666666667,5.992321248855121,up,1.469803805451914,2023-09-12,-0.45581124885512114,5.53651
GE.HRA,5.768149823529415,5.9329882634209845,up,2.857735061235087,2023-09-12,-0.06908359675431797,5.8639046666666665
GE.HRD,5.622338000000001,5.934455849570917,up,5.551388934121649,2023-09-12,-0.08019284957091699,5.854263
GE.HRF,5.658994000000001,5.932319822356351,up,4.829936599267466,2023-09-12,-0.08122542235635155,5.851094399999999
GE.HRI,,no data prior to target date,N/A,N/A,,N/A,5.509049
GE.ZF,5.222658260580915,5.977823512126427,up,14.459403887198153,2023-09-12,-0.7221741955796634,5.255649316546764
GE3684635,5.700137625407166,5.865566144617623,up,2.902184650298518,2023-09-12,-0.07183750359198182,5.793728641025641
GE3816078,,no data prior to target date,N/A,N/A,,N/A,5.477262347826088
GE3821436,5.581335799999999,5.960697675114872,up,6.796972780510238,2023-09-12,0.020978324885128075,5.981676
GE3823910,5.2869003333333335,6.014918895716525,up,13.770234286300292,2023-09-12,-0.07505056238319074,5.939868333333334
GE3823911,5.6206956,5.959159948926367,up,6.021751986113018,2023-09-12,-0.14080194892636744,5.818358
GE3837854,5.849496,5.9571026986791,up,1.8395892343391635,2023-09-12,-0.10998536534576608,5.847117333333334
GE3842764,,no data prior to target date,N/A,N/A,,N/A,5.687646
GE3860713,,no data prior to target date,N/A,N/A,,N/A,5.690019
GE3862397,,no data prior to target date,N/A,N/A,,N/A,5.6818930320000005
GE3869528,5.881753,5.955431290438294,up,1.2526586961114143,2023-09-12,-0.38533860504503537,5.570092685393258
GE3923601,,no data prior to target date,N/A,N/A,,N/A,5.83335425
GE3931580,,no data prior to target date,N/A,N/A,,N/A,5.649663571428572
GE3963857,5.806832000000001,5.949185870263244,up,2.451489388073268,2023-09-12,-0.22622120359657671,5.722964666666667
GE3967058,5.989779499999999,6.028281183779475,up,0.6427896682920603,2023-09-12,-0.013805183779474817,6.014476
GE3985455,5.323666000000001,6.00440124859781,up,12.786963881614835,2023-09-12,-0.06891591526447716,5.935485333333333
GE3990912,5.7163872499999995,5.980809833579048,up,4.62569402692319,2023-09-12,-0.31471816691238175,5.6660916666666665
GE4011081,5.408190250000001,6.014001593226873,up,11.20173875589661,2023-09-12,-0.24047399322687202,5.773527600000001
GE4027038,5.805012999999999,5.990053893862418,up,3.187605158893177,2023-09-12,-0.5917942271957521,5.398259666666666
GE4050892,5.904785999999999,6.010589134240585,up,1.7918199616478319,2023-09-12,-0.2959725887860394,5.714616545454546
GE4056356,5.839346333333333,6.009199427760431,up,2.9087689739775886,2023-09-12,-0.5956164277604294,5.413583000000002
GE4105155,6.631886,6.05040212907056,down,-8.768001605115652,2023-09-12,0.2189852042627738,6.269387333333333
GE4113107,5.579457999999999,5.994455137523549,up,7.43794715407035,2023-09-12,-0.04989780419021539,5.944557333333334
GE4114943,5.44423757142857,5.9826793368410085,up,9.890122507478152,2023-09-12,-0.22484133684100893,5.757838
GE4122914,5.693448399999999,5.936150142575875,up,4.262825014377504,2023-09-12,-0.07958286372972179,5.856567278846153
GE4125833,6.5153609999999995,6.048544900329265,down,-7.164853945479528,2023-09-12,0.5401197663374022,6.588664666666667
GE4128620,5.8898312000000015,5.937931943152849,up,0.8166743921769354,2023-09-12,-0.07794360981951609,5.859988333333333
GE4136883,5.810897999999999,5.947493249724038,up,2.3506736777007378,2023-09-12,-0.07408158305737,5.873411666666668
GE4152977,6.798825494588745,6.076618695871808,down,-10.622522953291694,2023-09-12,0.7343362135176257,6.810954909389434
GE4270148,7.124752448370812,6.059519388120898,down,-14.951158906489393,2023-09-12,1.1375210989379267,7.197040487058825
GE4373445,5.35696,5.922757516734487,up,10.561914159047054,2023-09-12,-0.5724433291938444,5.350314187540643
GE4389853,7.269014714008725,6.046742168581752,down,-16.814831081183943,2023-09-12,1.3309210971187335,7.377663265700486
GE4571570,6.988476851821004,6.082632436252314,down,-12.961972040197178,2023-09-12,0.9215672113102684,7.004199647562582
GE4584115,5.853808,5.784452937837583,down,-1.1847853937542412,2023-09-12,0.011515562162416337,5.795968499999999
GE4584119,5.418779689655173,6.010114710533607,up,10.912697226043969,2023-09-12,-0.5616179634454204,5.448496747088186
GE4809126,6.82591719890616,6.20575025955186,down,-9.08547410234746,2023-09-12,0.1359223183902225,6.341672577942083
GE4809127,7.008236910313902,5.99567475765725,down,-14.44817242360174,2023-09-12,1.0868526063323873,7.082527363989637
GE4908171,5.420358666666667,5.9876727170200486,up,10.466356291921548,2023-09-12,-0.5664064875254331,5.4212662294946155
GE4976359,5.256254770491804,6.017340755073551,up,14.47962509074757,2023-09-12,-0.6471857550735516,5.370155
GE4976360,5.65380222737819,5.984310741631684,up,5.845774241147432,2023-09-12,-0.07752974163168425,5.906781
GE4976362,5.660231,5.758264838702817,up,1.7319759335408302,2023-09-12,-0.20622983870281697,5.552035
GE4982581,5.2335932666666665,5.982901565952098,up,14.317281857913159,2023-09-12,-0.6283298291099921,5.3545717368421055
GE5287994,7.305698972820994,5.98919362767638,down,-18.02025172461032,2023-09-12,1.302025160047405,7.2912187877237855
GE5317611,5.741460146666667,6.05788278295922,up,5.5111875413131495,2023-09-12,-0.3207259651008041,5.737156817858416
GE5317612,5.418200704333049,6.026626369920777,up,11.229293612197806,2023-09-12,-0.5619388722792671,5.46468749764151
GE5427896,7.073801220338983,6.041599196393729,down,-14.591900334680163,2023-09-12,1.2085487430002102,7.25014793939394
GE5464739,7.308549033187226,6.021362794983108,down,-17.61206270025915,2023-09-12,1.2804642050168926,7.301827
GE5534355,8.669176890625002,5.954906015839461,down,-31.30944158863341,2023-09-12,2.7250881784051426,8.679994194244603
GE5591350,5.8550665,6.055897879330265,up,3.4300443783220045,2023-09-12,-0.1749073916137034,5.880990487716562
GE5591351,5.729178900023957,6.102382519044946,up,6.51408562262611,2023-09-12,-0.3432297242784781,5.759152794766468
GE5591352,5.666976,5.98511262323393,up,5.613869252912492,2023-09-12,-0.3021869091628231,5.682925714071107
GE5591353,5.748020757259867,6.028735630052682,up,4.883678828721467,2023-09-12,-0.3310229633860162,5.697712666666666
GE5591354,5.9970399535259205,5.857305217098039,down,-2.3300617889951694,2023-09-12,0.14910895681500413,6.006414173913043
GE5592026,5.505146242236026,6.04610875683376,up,9.826487631653029,2023-09-12,-0.5489707467242404,5.49713801010952
GEL4528460,7.247195324884792,6.038829837014104,down,-16.673560373369636,2023-09-12,1.134510926097784,7.173340763111888
GEL4573542,7.474189346845821,6.0761284495895485,down,-18.705184366867396,2023-09-12,1.3098625504104513,7.385991
GEL4935353,8.581321757078985,6.015336598400768,down,-29.90198050272921,2023-09-12,2.518372962993875,8.533709561394643
GEL5095394,8.49878102767123,6.040000923571433,down,-28.9309737019255,2023-09-12,2.4924244142524037,8.532425337823836
GEL5528825,8.846567939686368,6.0017281202566855,down,-32.157553514821466,2023-09-12,2.8916830047433146,8.893411125
GEO4353019,9.685444777777777,6.029672048798229,down,-37.74501649492989,2023-09-12,4.061661618866442,10.09133366766467
GEO5465419,10.140114955555555,6.003653342791197,down,-40.79304456502318,2023-09-12,4.085749657208804,10.089403
GFF4972479,7.603664813345357,6.044392388447037,down,-20.506853776110784,2023-09-12,1.613169951759148,7.657562340206185
GIB5412690,5.848257235516373,6.076888831806835,up,3.909397057673632,2023-09-12,-0.2564390759665942,5.820449755840241
GIB5412691,6.0575781399367425,6.040005377693839,down,-0.29009551072976064,2023-09-12,-0.07435004436050541,5.965655333333333
GILD.GO,5.602758913043479,5.883822803162365,up,5.016526580584381,2023-09-12,-0.2804121044135677,5.603410698748798
GILD4104359,5.8248818116993,6.421053852201211,up,10.234920806538877,2023-09-12,-0.5895598572881111,5.8314939949130995
GILD4104362,5.567958781928757,5.86545483164635,up,5.3430002155033725,2023-09-12,-0.3072408316463493,5.558214
GILD4184056,5.638999089369516,6.124096291251132,up,8.602540879925085,2023-09-12,-0.4520501064506952,5.672046184800437
GILD4287890,5.561051182625862,5.828136987058201,up,4.802793494632511,2023-09-12,-0.27378500892807534,5.554351978130126
GILD4287892,5.348008,5.923396118315727,up,10.758924038926779,2023-09-12,-0.5902876003573159,5.3331085179584115
GILD4287895,5.386060456814237,6.081506568287825,up,12.911962593990872,2023-09-12,-0.6537093614723135,5.427797206815511
GILD4404926,5.375024733415613,6.05699973760438,up,12.68784867070553,2023-09-12,-0.6723292524979962,5.384670485106383
GILD4404927,5.494982625531915,5.799674629974111,up,5.544912972544677,2023-09-12,-0.2834865383990186,5.516188091575092
GILD4404933,5.286714121526876,6.061936657381305,up,14.663598561114075,2023-09-12,-0.7870935874445966,5.274843069936709
GILD5050563,5.950713395480228,6.077098360397394,up,2.123862409726541,2023-09-12,-0.3750347400270231,5.702063620370371
GILD5050564,5.18673665153846,6.019667270251099,up,16.058856939759597,2023-09-12,-0.7972927082355943,5.222374562015505
GILD5050565,5.163092555555555,5.979266379654324,up,15.807848015828327,2023-09-12,-0.8036252802754413,5.175641099378883
GILD5050849,5.402968,5.755315927528484,up,6.52137727871946,2023-09-12,-0.3806594686715732,5.374656458856911
GIS4091124,5.900465,6.053408424416744,up,2.5920571415429805,2023-09-12,-0.1001800562705295,5.953228368146214
GIS4618607,5.733520381954887,6.04763541810345,up,5.478571893407371,2023-09-12,-0.23126338706507532,5.816372031038375
GIS4618608,5.344192463687151,6.012563685472862,up,12.506496095100902,2023-09-12,-0.6578912457962449,5.354672439676617
GIS4972815,5.379938294573644,5.98495033918614,up,11.245706019021227,2023-09-12,-0.6013075362899203,5.38364280289622
GIS5275311,5.3816159667519194,5.974009217389017,up,11.007720623265447,2023-09-12,-0.5520794453048881,5.421929772084129
GIS5334463,5.423614178905208,5.755055528442593,up,6.111079044422167,2023-09-12,-0.32420839434969206,5.430847134092901
GIS5503709,5.598288229189189,6.038937781400115,up,7.871148004016695,2023-09-12,-0.4287547814001149,5.610183
GIS5562214,5.468595723728662,6.076878249821091,up,11.123194268192895,2023-09-12,-0.5873855702745203,5.48949267954657
GL5032330,5.767809400000001,5.9808460239398995,up,3.693544796052009,2023-09-12,-0.08186202393989994,5.898984
GLADP5093449,7.6422415,6.0327269676856865,down,-21.06076512125812,2023-09-12,1.2973820417482766,7.330109009433963
GLCNF3666658,6.05999,5.926669410455831,down,-2.2000133588367206,2023-09-12,0.32842358954416895,6.255093
GLP4955453,7.431449800040809,6.0423406359262515,down,-18.692303675481057,2023-09-12,1.3424397216896429,7.384780357615894
GLP5105470,8.087734130715935,6.010714148644173,down,-25.681111031871946,2023-09-12,2.167230320743583,8.177944469387755
GLPI4353023,6.512206108536113,6.044027341421641,down,-7.189249838096952,2023-09-12,0.41642191722355015,6.460449258645191
GLPI4630810,6.360074763888889,6.04902278051426,down,-4.890696963826806,2023-09-12,0.7325002194857397,6.781523
GLPI4699401,6.654248663865547,6.002745380192727,down,-9.79078655732641,2023-09-12,0.6651896198072729,6.667935
GLPI4873380,6.632690500000001,5.987945359301255,down,-9.72071802082044,2023-09-12,0.6674842634303584,6.655429622731614
GLPI5003198,6.680517,5.976496354081633,down,-10.538415603438576,2023-09-12,0.675529645918366,6.652025999999999
GLW.GX,5.423801666666667,5.916394975753051,up,9.082067143305405,2023-09-12,-0.5517664536646967,5.3646285220883545
GLW.HA,5.998922949494947,5.877319879139906,down,-2.0270817174819538,2023-09-12,0.08828192502676213,5.965601804166668
GLW4762771,6.289239666666667,5.552299812426879,down,-11.717471320827723,2023-09-12,0.7015252398496798,6.253825052276559
GLW4912915,5.947846911392404,5.768053692869635,down,-3.022828616829342,2023-09-12,0.14596981088976424,5.914023503759399
GLW4912916,6.211277475065616,5.430901947224703,down,-12.563849078931538,2023-09-12,0.8150340527752977,6.245936
GM4145696,6.939757596173211,5.850818935639039,down,-15.691306871217591,2023-09-12,1.0877609282543377,6.938579863893377
GM4181482,5.945301,6.044373123893653,up,1.6663937434564402,2023-09-12,-0.24501743737327697,5.799355686520376
GM4181483,6.506887400000001,5.934709156003629,down,-8.79342470251401,2023-09-12,0.620278462845695,6.554987618849324
GM4181484,6.96741527575883,6.505956838191739,down,-6.623093633769842,2023-09-12,0.44276090766660303,6.9487177458583425
GM4200555,6.224087019975031,6.080092929097029,down,-2.3134973919207806,2023-09-12,0.15647690310380113,6.23656983220083
GM4267100,6.121723353246752,6.04313257971153,down,-1.2838014559011388,2023-09-12,0.2548238766078086,6.297956456319339
GM4337099,6.690089550673988,5.940950563582085,down,-11.197742293545703,2023-09-12,0.7638106870534003,6.704761250635485
GM4337100,7.011162886577181,5.856334755357032,down,-16.471278016248327,2023-09-12,1.1677348756473354,7.024069631004368
GM4340184,6.096040739809193,6.070480820019088,down,-0.4192872206904721,2023-09-12,0.1540302066283905,6.224511026647479
GM4411435,6.091885005454749,6.476762191879228,up,6.317866901293362,2023-09-12,-0.34375255158256834,6.13300964029666
GM4444481,6.098874910297929,6.05651044500107,down,-0.6946275488504714,2023-09-12,0.13641243609545128,6.192922881096521
GM4483810,6.301505138206388,6.071235832745116,down,-3.6541953138328185,2023-09-12,0.2887856522848251,6.360021485029941
GM4527183,5.9519424804469265,6.015182211866677,up,1.0625057555160073,2023-09-12,0.01100998255683372,6.026192194423511
GM4527184,6.710617560500695,5.90441452944306,down,-12.013842597781448,2023-09-12,0.7773417940380574,6.6817563234811175
GM4561548,6.14916459249787,6.053379770625123,down,-1.557688372654826,2023-09-12,0.06812121697818263,6.121500987603306
GM4583577,6.165982208333333,6.0121079568918026,down,-2.4955351190207704,2023-09-12,0.1510295770695258,6.163137533961328
GM4619531,6.121184,6.042381463180148,down,-1.2873740900429094,2023-09-12,0.11364455642769578,6.156026019607844
GM4685729,5.854043762154435,6.0150321046967985,up,2.7500365402652234,2023-09-12,-0.08696768510253872,5.92806441959426
GM4685730,6.974626934742403,5.857873773517572,down,-16.011654410675323,2023-09-12,1.1324216234747313,6.990295396992304
GM4727686,6.052368000000001,6.036629234837792,down,-0.26004309655673535,2023-09-12,0.0980287651622076,6.134658
GM4788197,5.9673864585889556,6.099938992191962,up,2.221282876898674,2023-09-12,-0.09428796986682197,6.00565102232514
GM4788198,6.178041105263158,6.012654772746902,down,-2.677002786131681,2023-09-12,0.1773218292431462,6.189976601990049
GM4933112,6.194758866011064,6.052915339036852,down,-2.289734435870747,2023-09-12,0.25953514871018246,6.312450487747035
GM4956304,5.778717,6.010355415759717,up,4.008474818194362,2023-09-12,0.03974733424028365,6.050102750000001
GM4985673,6.012262200894729,6.077185006396828,up,1.07983988942527,2023-09-12,-0.03430812127886007,6.042876885117968
GM4985674,6.029758020151133,6.065838434998787,up,0.5983725172233179,2023-09-12,-0.006236572832823306,6.059601862165963
GM5003207,6.20138314665127,6.050135791536883,down,-2.4389293732973045,2023-09-12,0.18950612921920484,6.239641920756088
GM5003208,6.364305670337829,6.0294995633859285,down,-5.260685521632528,2023-09-12,0.3812830756384624,6.410782639024391
GM5031514,6.025835299065421,6.01673013093631,down,-0.15110217384341074,2023-09-12,0.05178067862954805,6.068510809565858
GM5090907,5.942895999999999,5.990795102113339,up,0.805989236785233,2023-09-12,0.5602969567101903,6.55109205882353
GM5106978,6.125953821848739,6.0410381236762385,down,-1.3861628840498548,2023-09-12,0.1336454457141647,6.174683569390403
GM5106979,6.343983259999999,5.9794360909464945,down,-5.74634506607296,2023-09-12,0.3672811351920613,6.346717226138556
GM5143893,6.77884575,6.043408657916834,down,-10.84900172102553,2023-09-12,0.03415434208316537,6.077563
GM5162377,6.11046384658385,6.163102578772678,up,0.8614523137757578,2023-09-12,-0.13582248830973054,6.0272800904629475
GM5162378,5.9936286122112215,6.016078434408797,up,0.37456144933366764,2023-09-12,0.018539725147516783,6.034618159556314
GM5198643,6.141779240115025,6.068814383422917,down,-1.1880084555227626,2023-09-12,0.052638195286029976,6.121452578708947
GM5198644,6.387968875976029,6.004653907979846,down,-6.0005766377128085,2023-09-12,0.3836486785138318,6.388302586493678
GM5279371,6.129444828754576,6.054659178017522,down,-1.2201048027419843,2023-09-12,0.12503856698247784,6.1796977449999995
GM5279372,6.11443900147929,6.007478622065868,down,-1.749308144010351,2023-09-12,0.17758522561625156,6.18506384768212
GM5335747,6.041192828282828,6.0226331145206515,down,-0.3072193569999276,2023-09-12,0.08374723917123372,6.106380353691885
GM5335748,6.384716056173084,6.023676730607296,down,-5.654743647005513,2023-09-12,0.3844114199718538,6.408088150579149
GM5390585,6.75217475,6.031958437252011,down,-10.666434732720582,2023-09-12,-0.016544283405856675,6.015414153846154
GM5392011,6.211676378240458,6.070750048574686,down,-2.2687326429212917,2023-09-12,0.0646976886159738,6.13544773719066
GM5392012,6.313260870737715,6.0416433846319055,down,-4.302332687767912,2023-09-12,0.27389609222690936,6.315539476858815
GM5414101,6.3862214,6.006047064916881,down,-5.953040323392465,2023-09-12,0.2624654906386752,6.2685125555555565
GM5425693,5.976731016083916,6.0290169503386055,up,0.874824952201847,2023-09-12,0.012948487759482319,6.041965438098088
GM5454320,6.22571750784683,6.010592292202664,down,-3.455428476686012,2023-09-12,0.18491124210993704,6.195503534312601
GM5454321,6.366248809265442,6.0126905984683106,down,-5.553634823109058,2023-09-12,0.38126766463376516,6.393958263102076
GM5487529,6.1925796284384536,6.453230846603684,up,4.209089487815871,2023-09-12,-0.23506743998036406,6.21816340662332
GM5509429,6.1192503333333335,6.024825974749443,down,-1.5430706939628493,2023-09-12,0.28418209191722354,6.309008066666666
GM5522693,5.998697051841748,6.021007568850506,up,0.3719227161489785,2023-09-12,0.18242189149314125,6.2034294603436475
GM5522694,6.506538717441924,6.3741553522210035,down,-2.034620417550781,2023-09-12,0.18831095491837324,6.562466307139377
GM5566990,6.392421000856287,6.0660707245339776,down,-5.1052688219157325,2023-09-12,0.3098005240449462,6.375871248578924
GM5567004,6.098380958022387,6.056665202351524,down,-0.684046404414712,2023-09-12,-0.009356922074708507,6.047308280276815
GM5605612,6.1349141089318024,6.026401040570868,down,-1.7687789337254172,2023-09-12,0.14834724759753204,6.1747482881684
GMBX3682489,6.034314076086956,5.878457193228447,down,-2.582843400149579,2023-09-12,0.1123507697345163,5.990807962962963
GMBX3926765,6.119298243902438,5.863825470343199,down,-4.17487044063924,2023-09-12,0.24103309215680113,6.1048585625000005
GMBX4235666,5.937764,6.044223475249861,up,1.792921969446104,2023-09-12,0.01014978380044429,6.054373259050306
GMBX4235667,6.115522224999999,5.821836480568219,down,-4.8023003371846995,2023-09-12,0.2790615194317807,6.100898
GMHI5568842,5.645285666666667,6.056085025773414,up,7.276856891979193,2023-09-12,0.4568309742265857,6.512916
GMT4103238,,no data prior to target date,N/A,N/A,,N/A,6.428503666666666
GMT4208933,6.480470333333334,5.820700252018483,down,-10.180898104281383,2023-09-12,0.6815277479815176,6.502228000000001
GMT4402315,5.781061,6.028591248259988,up,4.281744272547685,2023-09-12,-0.030369394181867015,5.998221854078121
GMT4453433,5.877348636363637,6.023385152597807,up,2.484734618780819,2023-09-12,-0.07242061451426896,5.950964538083538
GMT4986175,5.8315864950082394,6.101054221736704,up,4.620830488566455,2023-09-12,-0.28254268267420457,5.8185115390624995
GMT5123890,6.026453,5.751336382915966,down,-4.565149966058546,2023-09-12,0.2482482000436752,5.999584582959641
GMT5581316,5.943043,5.950443763397404,up,0.12452818189946778,2023-09-12,0.05523514569350496,6.005678909090909
GMT5647820,6.026680146927698,6.088451842799297,up,1.024970537105557,2023-09-12,-0.030415842799296655,6.058036
GNW.GA,8.51784309939759,5.947129033334315,down,-30.180340680906458,2023-09-12,2.445830665460864,8.39295969879518
GOOG4099823,4.831614568627451,6.062919769777521,up,25.4843424213752,2023-09-12,-1.0411275890546285,5.021792180722892
GOOG4358366,5.456669583333333,6.0711320213907936,up,11.260759492094838,2023-09-12,-0.6263440213907945,5.444787999999999
GOOG4390254,4.883548033637781,6.079727467936255,up,24.494065094869846,2023-09-12,-1.168142155595831,4.911585312340424
GOOG5025299,5.027443819655522,6.046338004249118,up,20.266644862545874,2023-09-12,-0.9371426960082294,5.1091953082408885
GOOG5025300,4.656297275151084,6.034142342692943,up,29.591003024976576,2023-09-12,-1.3563002737274266,4.677842068965516
GOOG5025303,4.926260665004533,5.884867261613461,up,19.459112332782862,2023-09-12,-0.9644085064732746,4.920458755140187
GOOG5025304,4.829109926774734,5.770360128150394,up,19.491173645829626,2023-09-12,-0.9271810640017879,4.843179064148606
GOOG5025305,4.738672430267062,5.65568820167174,up,19.351744289127765,2023-09-12,-0.8972922151292968,4.7583959865424434
GOOG5025306,4.6428319596412555,5.998592171803665,up,29.20114757431727,2023-09-12,-1.349878997786023,4.648713174017642
GPC5335726,5.931430000000001,6.05007181686226,up,2.000222827585573,2023-09-12,-0.07359332825971876,5.976478488602541
GPC5335727,5.758767531958763,5.976681253292026,up,3.784033999009896,2023-09-12,-0.21378432195619546,5.76289693133583
GPMT4731496,20.911724,6.0624622231143155,down,-71.0092662703739,2023-09-12,0.1336887768856858,6.196151000000001
GPN4869986,6.131827170055453,6.049783927789603,down,-1.3379901290516598,2023-09-12,0.16282929328120943,6.2126132210708125
GPN4869987,5.958520189915966,5.999667415103962,up,0.6905611439839234,2023-09-12,-0.02659221156413949,5.973075203539823
GPN4869988,6.392492000000001,5.772090915442669,down,-9.705152303003771,2023-09-12,0.6158450845573311,6.387936
GPN4985639,5.905606782662926,6.023853151149404,up,2.002272972755541,2023-09-12,-0.10593996487611168,5.917913186273292
GPN5134872,5.96933155800464,6.049699022688832,up,1.3463394335404573,2023-09-12,-0.04056596554597469,6.009133057142857
GPN5303814,6.157670333333333,6.050765007936056,down,-1.7361326542371978,2023-09-12,0.0865008492068009,6.137265857142857
GPN5303815,5.899307426155581,6.030444183643269,up,2.2229178446654654,2023-09-12,-0.07007588816642052,5.960368295476848
GPN5459741,5.9240004318181825,5.969297544970405,up,0.7646372358268027,2023-09-12,-0.032441464082788585,5.936856080887616
GPN5459742,6.399054557692308,5.740718329391362,down,-10.288023369164106,2023-09-12,0.688699553025379,6.429417882416741
GPOR5196015,7.507251,6.0334997860739605,down,-19.631036899206375,2023-09-12,1.18543121392604,7.218931
GPRE5140000,4.459078205836209,6.059453241974599,up,35.89026615509364,2023-09-12,-1.1748032419745993,4.88465
GS.AAC,5.533765111111111,5.980547038833734,up,8.07374217647114,2023-09-12,-0.395056372167069,5.585490666666665
GS.AAQ,5.987719,5.867688401838425,down,-2.0046130782285414,2023-09-12,0.10258437593935277,5.970272777777778
GS.ABK,5.813177,5.887714164866825,up,1.2822104826126124,2023-09-12,-0.08422383153349067,5.803490333333334
GS.ACB,5.886951,5.862556267636939,down,-0.41438653664793357,2023-09-12,-0.0369779343036063,5.825578333333333
GS.ACE,5.813900933908045,5.867199644919366,up,0.9167461162000557,2023-09-12,0.020037355080632757,5.887236999999999
GS.ACZ,5.682809000000001,5.972052976962486,up,5.089806413738083,2023-09-12,-0.542753726962486,5.42929925
GS.AMB,5.666618833333334,5.905023785758423,up,4.207181732829728,2023-09-12,-0.3722617857584227,5.532762
GS.ASF,6.0853280000000005,6.050814924777758,down,-0.5671522590440848,2023-09-12,-0.33896892477775786,5.711846
GS.ASV,5.280135999999999,5.973713033355987,up,13.135590321082425,2023-09-12,-0.31819636668932016,5.655516666666667
GS.CS,5.396062000000001,5.983907785716781,up,10.893977602866316,2023-09-12,-0.38395978571678047,5.599948
GS.DW,5.509133722222224,5.913631336382806,up,7.342308873878987,2023-09-12,-0.21068361416058234,5.702947722222223
GS.GE,5.9401443333333335,6.056062789048498,up,1.951441736266985,2023-09-12,-0.4114857890484984,5.644577
GS.GEV,5.708491035714284,6.0568343295391704,up,6.1021956878889805,2023-09-12,0.017422913704074894,6.074257243243245
GS.ICT,5.872105033665835,5.882777230842718,up,0.181743976235058,2023-09-12,0.014600598569043832,5.897377829411762
GS.ICU,5.8243389393939395,5.870200626763962,up,0.7874144662122775,2023-09-12,0.0929263732360388,5.963127000000001
GS.IYM,5.358463486842105,6.0555002379781575,up,13.00814595168281,2023-09-12,0.3928597620218435,6.448360000000001
GS.IYT,5.971393999999999,6.04345630356147,up,1.2067919745619018,2023-09-12,0.15049469643853008,6.193951
GS.JCI,5.688662199999999,5.91182382327646,up,3.9229192282934604,2023-09-12,-0.23574182327646032,5.676082
GS.JCZ,5.940000304347826,6.058147860045996,up,1.9890159872835484,2023-09-12,0.11504959449945851,6.173197454545455
GS.JDA,5.738216,5.967037218647183,up,3.9876717545519886,2023-09-12,-0.43301085501081893,5.5340263636363645
GS.JDB,5.922267625000001,5.877951548044607,down,-0.7482957502345802,2023-09-12,0.1422674519553917,6.020218999999999
GS.JER,5.847067333333334,5.863983043493475,up,0.289302469012223,2023-09-12,-0.07623104349347454,5.787752
GS.JFN,5.991154,6.042730835686525,up,0.8608831568429915,2023-09-12,-0.5821048356865237,5.460626000000001
GS.JGH,5.627451038461538,6.042910103008724,up,7.382721976747166,2023-09-12,-0.43558243634205773,5.6073276666666665
GS.QA,5.457977087912088,5.968556358129199,up,9.354734583769194,2023-09-12,-0.48882810945194954,5.479728248677249
GS.SF,6.415568249569709,5.970944170815494,down,-6.930392779845131,2023-09-12,0.39027665897173947,6.361220829787233
GS.VS,6.111829414910859,5.9441741342323775,down,-2.7431276185401603,2023-09-12,0.13982040845054833,6.083994542682926
GS.WD,5.767020240851915,6.223215499521258,up,7.910415424551258,2023-09-12,-0.4598818511842291,5.763333648337029
GS.XV,6.27189694996353,6.099110765039928,down,-2.7549270388539595,2023-09-12,0.19357191024742804,6.292682675287356
GS3815335,5.811154124999997,6.07848031664745,up,4.60022546119362,2023-09-12,-0.15600618844232184,5.9224741282051285
GS3821459,5.531937428571428,6.041022073374661,up,9.202646475607356,2023-09-12,-0.02143607337466058,6.019586
GS3827144,5.3558518,5.970521692677546,up,11.476603827565697,2023-09-12,-0.3965566926775459,5.573965
GS3829318,5.459463999999999,6.037902642859412,up,10.595154448484562,2023-09-12,-0.7604823809546515,5.27742026190476
GS3845311,5.733908,5.969529902723247,up,4.109272466932628,2023-09-12,-0.39612790272324716,5.573402
GS3851425,6.315796758620689,6.048458213916376,down,-4.23285540877184,2023-09-12,0.25923878608362383,6.307697
GS3851430,,no data prior to target date,N/A,N/A,,N/A,5.846235000000002
GS3882932,5.603180166666666,5.91213078035728,up,5.513844004670085,2023-09-12,-0.10681378035727995,5.805317
GS3888529,5.772093,5.955201930366227,up,3.172314277788446,2023-09-12,-0.4029124303662277,5.5522895
GS3893090,5.321586000000001,6.0345911636847545,up,13.398358378211938,2023-09-12,-0.05215966368475655,5.982431499999998
GS3899387,5.727023666666667,5.909310850780837,up,3.1829305189560766,2023-09-12,-0.1433758507808367,5.765935000000001
GS3903104,5.699127250000001,6.05558471711718,up,6.254597440637588,2023-09-12,-0.17480782822829166,5.880776888888889
GS3923608,5.549927285714284,5.9648767678872225,up,7.476665203182646,2023-09-12,-0.18770610122055587,5.777170666666667
GS3928916,6.2673774999999985,6.053754934499413,down,-3.408484098821013,2023-09-12,-0.4751064344994136,5.578648499999999
GS3928921,5.783519666666667,5.964720194976987,up,3.1330494016415336,2023-09-12,-0.4349274449769869,5.52979275
GS3934981,5.737074000000001,5.964471443621213,up,3.963648431608386,2023-09-12,-0.5077305102878809,5.456740933333332
GS3967068,5.821905,5.905677824183241,up,1.4389246163109928,2023-09-12,-0.0721144908499074,5.833563333333333
GS3969877,5.779089333333334,5.984842961701265,up,3.5603123000912937,2023-09-12,-0.6288802950345982,5.355962666666667
GS4000759,,no data prior to target date,N/A,N/A,,N/A,5.7548536666666665
GS4006072,5.5966682,5.9591206030705495,up,6.4762174586399395,2023-09-12,-0.22425682529277235,5.734863777777777
GS4007851,5.881309333333332,5.869677410856542,down,-0.1977777705189648,2023-09-12,-0.03335771085654038,5.8363197000000016
GS4013865,5.768794277777778,5.8822057694150045,up,1.9659479290863864,2023-09-12,-0.021489769415004467,5.860716
GS4025124,,no data prior to target date,N/A,N/A,,N/A,5.741875800000002
GS4036343,,no data prior to target date,N/A,N/A,,N/A,5.859076999999999
GS4039238,5.6379030000000006,5.9563688694491255,up,5.648658188144154,2023-09-12,-0.25062420278245856,5.705744666666667
GS4043015,5.61007,5.957344971762513,up,6.190207461983768,2023-09-12,-0.2717209717625133,5.685624
GS4048498,5.59151125,5.955488165810859,up,6.5094551282689315,2023-09-12,-0.3222699776920468,5.633218188118812
GS4050895,5.7480934999999995,5.89968452508206,up,2.637240070678403,2023-09-12,-0.35274452508206,5.54694
GS4052583,5.77056,5.900171829485198,up,2.2460875458395453,2023-09-12,-0.32635342948519686,5.573818400000001
GS4056358,5.639261000000001,5.95481478466586,up,5.595658450031996,2023-09-12,-0.1852711179991937,5.769543666666666
GS4066784,5.806586000000001,5.954348922460097,up,2.544746990057428,2023-09-12,-0.34260742246009723,5.6117415
GS4102993,5.950228108398437,6.154305016121482,up,3.4297325078176573,2023-09-12,-0.085971636573416,6.068333379548066
GS4103213,,no data prior to target date,N/A,N/A,,N/A,5.6250494
GS4113109,5.5176028,5.9500155015716825,up,7.836966835881749,2023-09-12,-0.13645350157168235,5.813562
GS4132828,5.744811999999999,5.892376693534574,up,2.5686600977468994,2023-09-12,-0.06770744353457481,5.8246692499999995
GS4141328,5.859321353197674,5.849934990762067,down,-0.16019538560527066,2023-09-12,0.021524347084482365,5.87145933784655
GS4141329,5.859294493811075,6.093349451106459,up,3.9945928224397353,2023-09-12,-0.11072069520809169,5.982628755898367
GS4153436,5.203115,6.0579926618299655,up,16.43011276571756,2023-09-12,-0.06729866182996513,5.990694
GS4153439,,no data prior to target date,N/A,N/A,,N/A,5.7985492857142855
GS4187173,,no data prior to target date,N/A,N/A,,N/A,5.8291756
GS4203901,5.960309813545379,6.114327288860739,up,2.5840515029158464,2023-09-12,-0.13020688299276895,5.98412040586797
GS4214521,5.6323022499999995,5.884474002551328,up,4.47724112375767,2023-09-12,-0.5507920025513284,5.333682
GS4248965,5.9796314280677025,6.065566242561779,up,1.43712560762037,2023-09-12,-0.06646900454808069,5.999097238013698
GS4248966,5.935691353488372,5.911776794866276,down,-0.4028942409217777,2023-09-12,0.09290557314081482,6.00468236800709
GS4271541,6.0721810000000005,5.823768004217067,down,-4.091001170467967,2023-09-12,0.12881524578293302,5.95258325
GS4276410,5.742579,5.8795197966363935,up,2.384656730649998,2023-09-12,-0.06454679663639329,5.814973
GS4278929,5.8095212499999995,5.824048532507024,up,0.2500598910284419,2023-09-12,0.0006528008263098073,5.8247013333333335
GS4290537,,no data prior to target date,N/A,N/A,,N/A,5.77456325
GS4302030,5.854539950128242,6.143403826363371,up,4.934014947302589,2023-09-12,-0.277913016040098,5.865490810323273
GS4302031,5.699263857142856,5.875626810523601,up,3.0944865477619454,2023-09-12,-0.1427383105236002,5.7328885000000005
GS4303851,5.785533,5.821771703749977,up,0.6263675922335488,2023-09-12,-0.14880023205186532,5.672971471698112
GS4337809,5.722601261862917,6.047952661664135,up,5.68537601893485,2023-09-12,-0.2801667786942197,5.767785882969915
GS4425826,5.765672613782991,6.109815314850341,up,5.968821404196061,2023-09-12,-0.3315141753906765,5.778301139459664
GS4447830,5.6512134213920975,6.073045162605854,up,7.464445416571152,2023-09-12,-0.36446416993932296,5.708580992666531
GS4463001,6.041623071428573,6.05468593316139,up,0.21621444400582993,2023-09-12,0.01619606683860919,6.070881999999999
GS4535069,6.13136642857143,6.036653304960785,down,-1.5447310923922783,2023-09-12,-0.2166293049607848,5.820024
GS4798353,5.919017619092776,6.135272758626735,up,3.65356472054403,2023-09-12,-0.17213347546195212,5.963139283164783
GS4947690,5.683033043200785,6.009046823416894,up,5.736615953802239,2023-09-12,-0.3100555729218444,5.69899125049505
GS4948375,6.2450866114082,6.05684965255279,down,-3.01416090069189,2023-09-12,0.2713736310292987,6.328223283582089
GS4968016,5.63575606882753,6.024549527239199,up,6.898692094964187,2023-09-12,-0.396746495650099,5.6278030315891
GS4969821,,no data prior to target date,N/A,N/A,,N/A,5.825962333333334
GS4971912,5.981876678456591,6.0713921649520755,up,1.4964448668403612,2023-09-12,-0.05827504301069375,6.013117121941382
GS4981245,5.7060384,6.001162726995138,up,5.172140569455999,2023-09-12,-0.13613672699513746,5.865026
GS5083159,6.3828886985195155,6.047655198279459,down,-5.252065578361286,2023-09-12,0.37006695919242016,6.4177221574718795
GS5097525,5.662122666666667,6.0443663407391375,up,6.750890020853262,2023-09-12,0.3601276592608622,6.404494
GS5136462,6.080081999999999,5.97529868756749,down,-1.7233865009141245,2023-09-12,-0.0812093542341561,5.8940893333333335
GS5143883,7.927420000000001,6.064810210276177,down,-23.495787907337103,2023-09-12,-0.11773546027617687,5.9470747500000005
GS5182719,6.171298579661017,6.041940450470657,down,-2.0961249487537517,2023-09-12,-0.08543097678644607,5.956509473684211
GS5198591,,no data prior to target date,N/A,N/A,,N/A,5.617615
GS5245799,,no data prior to target date,N/A,N/A,,N/A,6.091786999999999
GS5258115,,no data prior to target date,N/A,N/A,,N/A,6.3429335714285715
GS5314962,5.744889274541883,6.102567152154861,up,6.2260186492715315,2023-09-12,-0.3332979073226454,5.769269244832215
GS5317176,5.820767999999999,6.034738395070751,up,3.6759821911945627,2023-09-12,-0.03701489507075095,5.9977235
GS5331780,,no data prior to target date,N/A,N/A,,N/A,5.919521333333334
GS5331781,5.846818333333334,6.012304648688199,up,2.830365267403801,2023-09-12,-0.589013648688197,5.423291000000002
GS5377721,5.908073005885016,6.115087026655871,up,3.5039177844391762,2023-09-12,-0.1968968606667083,5.918190165989163
GS5388657,,no data prior to target date,N/A,N/A,,N/A,7.085851
GS5388663,15.763450399999998,6.0724232887974345,down,-61.47782918898622,2023-09-12,0.04124371120256676,6.113667000000001
GS5418482,,no data prior to target date,N/A,N/A,,N/A,6.1442630000000005
GS5429891,6.177861666666667,6.052322346752235,down,-2.0320836996366056,2023-09-12,0.05940905324776491,6.1117314
GS5451079,6.2170932,6.051177577077418,down,-2.668700911908189,2023-09-12,-0.3335850770774167,5.717592500000001
GS5451090,,no data prior to target date,N/A,N/A,,N/A,2.116707
GS5459727,5.19116425,6.050770234966912,up,16.55902112838968,2023-09-12,-0.4196859016335779,5.631084333333334
GS5469019,5.392090333333334,6.046295925937126,up,12.132689776348181,2023-09-12,-0.5682935926037933,5.4780023333333325
GS5475148,,no data prior to target date,N/A,N/A,,N/A,6.199886499999999
GS5479564,5.781868000000001,6.050401279892234,up,4.644403502332336,2023-09-12,-0.49429752989223363,5.55610375
GS5493919,6.782164999999999,6.026473037650408,down,-11.1423411602282,2023-09-12,-1.871602704317075,4.154870333333333
GS5496213,5.934748278443031,6.264721623790257,up,5.560022596843721,2023-09-12,-0.30613279591452347,5.958588827875734
GS5500512,6.358959,6.043768171397444,down,-4.956641937816485,2023-09-12,-0.6458556652998828,5.397912506097561
GS5505846,6.270785,6.026013256003789,down,-3.9033668670862,2023-09-12,-0.04323525600378897,5.982778
GS5507818,6.424632666666667,6.059634555623501,down,-5.681229262132118,2023-09-12,-0.11908490650069403,5.940549649122807
GS5520181,5.679958333333333,6.02479095161036,up,6.071041335872938,2023-09-12,-0.05752095161035875,5.967270000000001
GS5520182,5.628803499999999,6.059241141439521,up,7.647053968743473,2023-09-12,0.006579917384008205,6.065821058823529
GS5537315,5.690897875000001,6.024021915548866,up,5.853628862543334,2023-09-12,0.09790575111780075,6.121927666666667
GS5540886,5.604201584415585,6.057587368922816,up,8.09010485575726,2023-09-12,0.035781717371601296,6.093369086294417
GS5557947,,no data prior to target date,N/A,N/A,,N/A,6.227829
GS5562315,5.718227,6.056069797836444,up,5.9081739468622745,2023-09-12,-0.33735579783644365,5.718714
GS5591460,,no data prior to target date,N/A,N/A,,N/A,6.0855095
GS5591464,,no data prior to target date,N/A,N/A,,N/A,6.119227222222222
GS5609919,6.239144,6.0200051366615135,down,-3.51232257723954,2023-09-12,0.1736151633384857,6.193620299999999
GS5634637,5.799404285318559,6.044906143285068,up,4.233225446758521,2023-09-12,-0.3624045877295119,5.6825015555555565
GS5638704,5.645695,5.996609009480229,up,6.215603384175544,2023-09-12,-0.34669900948023,5.649909999999999
GS5643651,5.951968,6.018118670295868,up,1.111408366037386,2023-09-12,0.16827132970413228,6.18639
GS5643652,6.031813,5.96288761428629,down,-1.142697655144647,2023-09-12,0.002105429321241914,5.964993043607532
GS5644381,5.991627501239927,6.0363649194206825,up,0.7466655457385707,2023-09-12,0.43303608057931786,6.469401
GSK.GG,4.848671428571428,6.139966210603432,up,26.631930025674283,2023-09-12,-1.2461735937810037,4.893792616822428
GSK.GJ,5.183194675355449,5.9801163409391,up,15.375105808253284,2023-09-12,-0.7668723409390994,5.213244
GSK4632357,5.217021610232559,6.061480150155884,up,16.186602299423516,2023-09-12,-0.8127409336610381,5.248739216494846
GSK4632358,4.916985482311322,6.026570414989676,up,22.566365848954522,2023-09-12,-1.1436139247935984,4.882956490196078
GSK4810005,5.723394878355705,6.092870734452928,up,6.455536686704569,2023-09-12,-0.40580028602243523,5.687070448430493
GSK4810006,4.9346975,6.010611231954883,up,21.803033153600243,2023-09-12,-1.0886531991679975,4.921958032786885
GSK5054784,5.856411895903292,6.107072570053786,up,4.280106635358724,2023-09-12,-0.25559799976312103,5.851474570290665
GSKC5496880,6.067343,6.076837918465728,up,0.15649219873884807,2023-09-12,0.037209623036249084,6.114047541501977
GSKC5496882,5.4606941581027675,6.0631135438484005,up,11.03191953813678,2023-09-12,-0.629051163549148,5.4340623802992525
GSKC5496883,5.334392909090909,6.043144794570194,up,13.286458226041542,2023-09-12,-0.6884752794464548,5.35466951512374
GSKC5496884,5.483331779944289,5.9827902852572565,up,9.108668330808932,2023-09-12,-0.5078552852572562,5.474935
GSKC5496886,5.847794376518219,6.064313416210043,up,3.7025761466794176,2023-09-12,-0.16669400414974156,5.897619412060301
GT.GB,6.913229205098492,6.043332692344142,down,-12.583070616446552,2023-09-12,0.7837194771473825,6.827052169491525
GT3670609,7.681202078947368,6.036390713738536,down,-21.413463001018155,2023-09-12,1.6115714723079764,7.647962186046512
GT4362819,6.648225985204645,6.125010286424235,down,-7.8700047192259275,2023-09-12,0.609041439907501,6.734051726331736
GT4463027,6.888095333655239,6.058535403293567,down,-12.043386308961802,2023-09-12,0.8894352094861144,6.947970612779682
GT4987750,6.159946670000001,6.3560292712091035,up,3.1831866688726147,2023-09-12,-0.08664398009513974,6.269385291113964
GT5160222,7.711984529106556,6.033303252102938,down,-21.767176407939395,2023-09-12,1.6364911911238504,7.669794443226788
GT5160223,8.017470090909091,5.967964040559145,down,-25.56300213297778,2023-09-12,2.086848282277585,8.05481232283673
GT5391503,7.411523946590615,6.030870645452551,down,-18.628467115365385,2023-09-12,1.4744488255270296,7.505319470979581
GT5391909,7.935016854304635,6.005486155847982,down,-24.316655325185728,2023-09-12,1.92664217068263,7.932128326530612
GTLS5522607,74.32006,6.0627142783492625,down,-91.84242547927268,2023-09-12,69.57346772165074,75.636182
GTWT4786963,,no data prior to target date,N/A,N/A,,N/A,5.970009
GWRE4609240,1.0445072442421055,6.536738608500151,up,525.8203228875842,2023-09-12,-5.389539902666542,1.1471987058336095
GWU4615288,5.419052999999999,5.797070144499018,up,6.975704878675644,2023-09-12,-0.3950611444990173,5.4020090000000005
GWW4955667,5.53169223668639,6.06122550714875,up,9.572717494123687,2023-09-12,-0.41286496868721123,5.648360538461539
GXP4507374,,no data prior to target date,N/A,N/A,,N/A,5.905554333333334
H4340680,5.840213382183908,6.0532989674534985,up,3.64859246272794,2023-09-12,-0.28512996745349994,5.7681689999999985
H4664847,5.683104842615614,6.064321550515765,up,6.707895040780183,2023-09-12,-0.16459221600872276,5.899729334507042
H4978845,5.930017011551156,6.084633635743474,up,2.6073554914115498,2023-09-12,-0.08709771628038698,5.997535919463087
H4978846,5.951962693069307,6.114319967252123,up,2.727793881703444,2023-09-12,-0.1211986504784166,5.993121316773706
H5269776,6.797349859649122,6.077044831546285,down,-10.596850875350105,2023-09-12,0.2619701684537148,6.339015
H5269778,5.950198222222222,6.066436534814131,up,1.9535200047251084,2023-09-12,-0.07063835689553599,5.995798177918595
H5608899,5.848022086956521,6.038451405131773,up,3.2563029917412014,2023-09-12,-0.2278732628984601,5.810578142233313
HAL.GS,5.940207999999999,5.908587205338001,down,-0.5323179703808122,2023-09-12,-0.06363220533800007,5.844955000000001
HAL.GU,5.962809999999999,5.896568415933315,down,-1.1109122052637024,2023-09-12,0.05645058406668557,5.953019
HAL4035410,6.0209466026490075,5.869663448688238,down,-2.512614111113532,2023-09-12,0.15345755131176197,6.023121
HAL4309125,5.717842735884568,5.9749694725350695,up,4.496918654946596,2023-09-12,-0.2864825099182484,5.688486962616821
HAL4309126,5.9449119837837845,5.835411383855826,down,-1.8419212971806562,2023-09-12,0.08974111726776979,5.925152501123596
HAL4309129,5.109135368421053,6.0522694322806645,up,18.459758762490598,2023-09-12,-0.7109823372393436,5.341287095041321
HALO5387960,5.1450225,6.037397183744819,up,17.34442723515435,2023-09-12,-1.0170930053947949,5.020304178350024
HALO5638653,2.50273669015577,6.073636461799433,up,142.67980270115476,2023-09-12,-3.999340461799433,2.074296
HAS.GB,5.931322967980293,6.028710829271757,up,1.6419247749145303,2023-09-12,-0.1557679284602136,5.872942900811544
HAS4125239,6.419155677419355,5.846760605316196,down,-8.916983803908536,2023-09-12,0.5376853946838045,6.3844460000000005
HAS4540378,5.442784,6.031425608219306,up,10.815083020367997,2023-09-12,-0.5505526404773713,5.480872967741934
HAS4912252,6.082586925925926,6.063183133996602,down,-0.31900558373640736,2023-09-12,-0.07571098209786786,5.987472151898734
HAS4912253,5.8404184444444445,6.0738179426792165,up,3.996280411325452,2023-09-12,-0.19570394267921642,5.878114
HAS4912254,5.878610104012823,6.104578627901367,up,3.843910718526726,2023-09-12,-0.21350237032381436,5.891076257577553
HBAN4631447,6.425557529194838,6.066819087735126,down,-5.582993224008443,2023-09-12,0.3167858120370832,6.383604899772209
HBAN4668126,4.936199666666666,6.09039461790586,up,23.382258198210252,2023-09-12,9.58941581066557,15.679810428571429
HBAN4866667,6.484415670344828,6.08671327374322,down,-6.133203311139047,2023-09-12,0.3347497345901127,6.421463008333332
HBAN4943706,6.220414446962391,6.027970880729229,down,-3.0937418699993255,2023-09-12,0.20023109362974623,6.228201974358975
HBC3673684,6.370291206313416,5.953945823205336,down,-6.535735488755239,2023-09-12,0.37112367679466285,6.325069499999999
HBC3699239,5.868754208247422,5.911582080080248,up,0.7297608711000346,2023-09-12,-0.07451008008024829,5.837072
HBC3706657,6.179167000000001,6.06046560945321,down,-1.9209934048843647,2023-09-12,0.17256639054678935,6.233032
HBC3745304,6.484264333333333,5.249368907743934,down,-19.044495444783674,2023-09-12,1.3246199746090062,6.57398888235294
HBC4104750,6.260577956937799,6.100516429077052,down,-2.556657371918373,2023-09-12,0.3372496273096006,6.437766056386653
HBC4104751,6.4249920000000005,5.860315299432967,down,-8.788753364471631,2023-09-12,0.5659161672336994,6.426231466666667
HBC4135798,5.862249,6.071645631011742,up,3.571950475180113,2023-09-12,-0.0005523253281793927,6.071093305683562
HBC4277697,6.218631701030928,6.228785571614917,up,0.1632814270429672,2023-09-12,0.08300542838508296,6.311791
HBC4341050,5.909181099009901,6.07178783687894,up,2.7517643332387323,2023-09-12,-0.1310584984174028,5.940729338461537
HBC4427364,6.112819466666667,6.044651132761838,down,-1.1151700827507254,2023-09-12,0.06331860408026735,6.107969736842105
HBC4971142,5.858941824817518,6.022857287182198,up,2.797697387442235,2023-09-12,-0.15027538746074942,5.872581899721449
HBC5467206,6.813849714285714,5.9247909318418595,down,-13.04781907032497,2023-09-12,0.9708078633482096,6.895598795190069
HBC5467232,6.855992,5.9389124090196574,down,-13.376322361232951,2023-09-12,0.9430971624089137,6.882009571428571
HBC5479254,6.590316666666666,5.974112173565878,down,-9.35014998926387,2023-09-12,1.2117699097674564,7.185882083333334
HBC5537276,,no data prior to target date,N/A,N/A,,N/A,93.514044
HBC5554201,5.92773799378882,6.087651970950565,up,2.69772343732645,2023-09-12,-0.19191397095056573,5.895738
HBFL5059230,6.735532590900718,6.050842426974731,down,-10.165345571201895,2023-09-12,0.6236003230252685,6.67444275
HCA.GE,5.968369442307693,6.067303481534864,up,1.657639329862234,2023-09-12,-0.05761553281691523,6.009687948717949
HCA.GF,6.918758742857144,5.269329925168039,down,-23.83995278621268,2023-09-12,1.639994439721666,6.909324364889705
HCA.GW,6.586345666666665,5.934469927514706,down,-9.89738122083519,2023-09-12,0.628098405818629,6.562568333333335
HCA.HK,6.444269712962964,5.971246454562844,down,-7.340215097586776,2023-09-12,0.48641734543715565,6.4576638
HCA4103958,6.1157768048,6.096728510317547,down,-0.31146157046645506,2023-09-12,-0.042904868189492795,6.053823642128054
HCA4172839,5.935790109945446,6.126714468967216,up,3.216494442784875,2023-09-12,-0.1824264409461991,5.944288028021017
HCA4202506,5.9654261863043105,6.187405701738413,up,3.7211006976120675,2023-09-12,-0.1278600623407744,6.059545639397639
HCA4310044,5.928818882858123,6.099605580839561,up,2.8806192490586926,2023-09-12,-0.14378026677020994,5.955825314069351
HCA4341091,5.877055517846694,6.104449103440576,up,3.869175387289811,2023-09-12,-0.18916980130247563,5.9152793021381
HCA4392366,5.764514814602721,6.0708905363697125,up,5.314857045572636,2023-09-12,-0.29812663781898774,5.772763898550725
HCA4506080,6.374559056947608,5.8164724337193086,down,-8.75490552746614,2023-09-12,0.5437622163056535,6.360234650024962
HCA4665814,5.8231022875,6.049343808633672,up,3.8852403746938666,2023-09-12,-0.18777636611204063,5.861567442521632
HCA4665815,5.8738578112798265,6.115155509804907,up,4.107993524489242,2023-09-12,-0.19722078791023367,5.917934721894674
HCA4789409,5.881997491574927,6.092372796390828,up,3.5765963028245467,2023-09-12,-0.16108798248226464,5.931284813908563
HCA4843307,5.8676280991911245,6.12143211197641,up,4.3254958987648395,2023-09-12,-0.258328138643078,5.863103973333332
HCA4843308,6.169868618811882,5.902648886527167,down,-4.331044124180596,2023-09-12,0.2456874468061656,6.148336333333333
HCA4843309,6.3867994827586205,5.7933619792093145,down,-9.291625721949005,2023-09-12,0.5912692833605186,6.384631262569833
HCA4950787,5.893519241075402,6.125686806237745,up,3.939370614831133,2023-09-12,-0.1910844693225897,5.934602336915155
HCA5207576,5.889130240681577,6.011498667479644,up,2.0778692573778885,2023-09-12,-0.08687436507414503,5.9246243024054985
HCA5581190,5.718246,6.025883625828322,up,5.379929891584276,2023-09-12,-0.2673699919899377,5.758513633838384
HCA5581318,6.341050287995879,5.76670748505953,down,-9.057534270365691,2023-09-12,0.5775697166589637,6.344277201718493
HCA5581321,5.933770494720966,5.984325245731121,up,0.8519835921381016,2023-09-12,-0.025860729835894603,5.958464515895226
HCA5604245,5.929057181871345,6.05957482766459,up,2.2013220953968022,2023-09-12,-0.13254834053008668,5.927026487134503
HCA5604246,6.232262486301369,5.897383856299122,down,-5.373307538607641,2023-09-12,0.35135208721580025,6.248735943514922
HCA5604968,5.8405841227604505,6.081453142350971,up,4.124057021143936,2023-09-12,-0.23814318886259844,5.843309953488372
HCA5604969,5.845830720977598,6.022420659679112,up,3.02078433554064,2023-09-12,-0.17723565967911092,5.845185000000001
HCI5610082,5.191222,5.868892868796168,up,13.054168532884326,2023-09-12,-0.6703475354628354,5.198545333333333
HCN.GS,6.31627,5.882801272923873,down,-6.86273270579199,2023-09-12,0.4551230530184789,6.3379243259423514
HCN3937570,6.625439800000001,5.861260033508755,down,-11.534023243124881,2023-09-12,0.6898751794265694,6.551135212935324
HCN4057778,6.83176,6.07643031146483,down,-11.056150809383965,2023-09-12,-0.27617452215665494,5.800255789308175
HCN4249546,5.970335102638368,6.271818207719325,up,5.049684814973405,2023-09-12,-0.2691015868402049,6.00271662087912
HCN4338379,5.762393198037467,6.075410146052614,up,5.432065068412088,2023-09-12,-0.2933455815011916,5.782064564551423
HCN4618442,5.769629307692307,6.031136156117152,up,4.532472269512933,2023-09-12,-0.2453583785982234,5.785777777518929
HCN4665699,6.00866382896943,5.885340091581447,down,-2.0524319698733318,2023-09-12,0.15460552275841444,6.039945614339861
HCN4798384,5.971892264534883,6.081103437871044,up,1.8287532409908023,2023-09-12,0.20893118712895742,6.290034625000001
HCN4798385,5.770235786019971,6.021261032771644,up,4.35034643402012,2023-09-12,-0.223610602176743,5.797650430594901
HCN4871095,5.714211272084806,6.009558006113567,up,5.16863517930454,2023-09-12,-0.28214925814608627,5.7274087479674805
HCN4923707,5.526359409937887,6.0434327508939445,up,9.356491364391166,2023-09-12,-0.5267393039167398,5.516693446977205
HCN5002656,5.820694,5.99731084181596,up,3.034291818397603,2023-09-12,-0.1871571132445311,5.810153728571429
HCN5150607,5.8007140183727035,5.999040060462159,up,3.418993618049324,2023-09-12,-0.18545020410856772,5.813589856353591
HCN5303807,5.779053075670498,6.003121457207939,up,3.877250798764202,2023-09-12,-0.19173326912382738,5.811388188084112
HCN5389708,5.748487,5.981964314523031,up,4.061543750956231,2023-09-12,-0.23097781452303145,5.7509865
HD.GK,5.29760022474881,6.08902164458898,up,14.939243926766787,2023-09-12,-0.7952653642303815,5.293756280358599
HD.GM,5.463446516129033,5.905685242100593,up,8.094500873505307,2023-09-12,-0.41686086737518924,5.488824374725404
HD.GO,5.378789666666666,5.883748713668532,up,9.38796789417494,2023-09-12,-0.4614814315632687,5.422267282105263
HD3990390,5.447577439463113,6.227171003145298,up,14.310830315778267,2023-09-12,-0.7910190031452977,5.436152
HD4047739,5.660678571585901,6.095041027065821,up,7.673328382576372,2023-09-12,-0.46316441552507204,5.631876611540749
HD4047740,5.367035,5.850491095946602,up,9.007880439509005,2023-09-12,-0.39918036052059236,5.451310735426009
HD4253641,5.50697,5.837025141084517,up,5.993407283579122,2023-09-12,-0.4900401410845161,5.346985000000001
HD4287443,5.231043328273245,6.068904758053186,up,16.017099786793732,2023-09-12,-0.8550287069042701,5.213876051148916
HD4333476,5.0186955399999995,6.072865479444231,up,21.00485935124552,2023-09-12,-0.9875048409091995,5.085360638535032
HD4401002,5.012795801993068,6.097553574332577,up,21.639775789554665,2023-09-12,-1.061157198853648,5.036396375478929
HD4501136,5.425285245115454,5.816353096733722,up,7.208244985281798,2023-09-12,-0.3953789729241981,5.420974123809524
HD4538757,4.926383358078602,6.036179940928056,up,22.527613102409866,2023-09-12,-1.1017882517388662,4.93439168918919
HD4773055,4.891966571076013,6.032456329639648,up,23.313523140301797,2023-09-12,-1.1086658643488416,4.923790465290806
HD4773056,5.415478541284403,5.79793628348782,up,7.062307408067174,2023-09-12,-0.3640821575035673,5.4338541259842525
HD4842315,4.9235216462952955,6.02566723757253,up,22.38531015917324,2023-09-12,-1.0800073639143957,4.945659873658134
HD4933111,5.369024564936143,5.818973989577759,up,8.380468727599643,2023-09-12,-0.4649638467206163,5.354010142857143
HD4971786,4.89161953816047,6.042596464798977,up,23.529567613742497,2023-09-12,-1.0270884950588552,5.0155079697401215
HD4971787,5.023860320446502,6.04713590526926,up,20.368312802371328,2023-09-12,-0.9942784570620882,5.052857448207172
HD4971788,5.344773666666667,5.894226991077242,up,10.28019816512172,2023-09-12,-0.5563373517329788,5.337889639344263
HD4971789,5.408121333333333,5.806851639838252,up,7.372806228427546,2023-09-12,-0.42415245802007107,5.382699181818181
HD5106411,4.886803925233645,6.030780818454151,up,23.409510811625427,2023-09-12,-1.1238577818049356,4.906923036649215
HD5106412,5.029734881072875,6.0180507731009545,up,19.64946295175832,2023-09-12,-0.9652671000240316,5.052783673076923
HD5106413,5.293942928137898,5.8635909910700805,up,10.760374085342702,2023-09-12,-0.5537727963237389,5.309818194746342
HD5254588,4.950274765946231,6.034631164346615,up,21.904973959422467,2023-09-12,-1.0795014438342854,4.955129720512329
HD5254590,5.3352417999999995,5.76834916383656,up,8.117858197852637,2023-09-12,-0.4254757369590907,5.342873426877469
HD5386723,5.291155165701043,6.067334594481531,up,14.669375674558388,2023-09-12,-0.7400463410568738,5.3272882534246575
HD5386724,4.939326314285714,6.041486456961665,up,22.313977100242184,2023-09-12,-1.041736656961664,4.999749800000001
HD5386725,5.016266258146639,6.027899911571011,up,20.167064532936905,2023-09-12,-0.9907713852366173,5.037128526334394
HD5386726,5.367327388671875,5.779615667066264,up,7.6814445726667095,2023-09-12,-0.4209096670662644,5.358706
HD5475096,5.14835437433155,6.058993967890194,up,17.687974201987195,2023-09-12,-0.9012260399714123,5.157767927918782
HD5475097,4.987474521196086,6.070207974131297,up,21.7090523136257,2023-09-12,-1.0907981770439186,4.979409797087379
HD5475098,5.387395340696687,5.7878707453897835,up,7.433562591330236,2023-09-12,-0.40769757620920544,5.380173169180578
HEI5620573,5.651140328358209,5.980880852561785,up,5.834937818636213,2023-09-12,-0.32929699638352705,5.651583856178258
HEI5620574,5.595253272727273,6.026622403616418,up,7.709555043589374,2023-09-12,-0.4101238095570121,5.616498594059406
HES.GF,5.968848486486487,6.004187104297789,up,0.5920508434970138,2023-09-12,0.04412389570221098,6.048311
HES.GG,6.002934000000001,5.97629482575928,down,-0.44376923418982817,2023-09-12,0.05640503138357733,6.032699857142857
HES.GI,6.205649600689798,6.319271076251214,up,1.830936048158221,2023-09-12,-0.10842065737344075,6.210850418877773
HES4136877,5.819394,6.071746323351297,up,4.336402095326369,2023-09-12,-0.02920087374767366,6.042545449603623
HES4405829,5.606377867743866,6.153039309317753,up,9.750706328930983,2023-09-12,-0.5923563294519809,5.560682979865772
HES4405830,6.258719052761011,6.0414865108699844,down,-3.470878626437067,2023-09-12,0.1732894891300143,6.214775999999999
HI4885162,6.2570029124338635,6.110559332140801,down,-2.3404748622068037,2023-09-12,0.16899465127896818,6.27955398341977
HI4999796,6.278538823970038,6.062780253936788,down,-3.436445582044229,2023-09-12,0.21503508846552766,6.277815342402316
HI5139698,6.7075247860696505,5.998381723124525,down,-10.572350987325326,2023-09-12,0.6725884192267486,6.6709701423512735
HIG.GO,5.9118385263157895,5.935742894686864,up,0.4043474507070311,2023-09-12,-0.0727278946868628,5.863015000000001
HIG.TB,6.2994055,5.899883746683476,down,-6.342213615499492,2023-09-12,0.29640582474509447,6.19628957142857
HIG3687207,7.570960999999999,6.039942858292456,down,-20.22224314334129,2023-09-12,1.4116547333305807,7.451597591623036
HIG4870485,5.443675627329192,6.032695516571414,up,10.820260602691532,2023-09-12,-0.5693272088791064,5.463368307692307
HIG4870486,5.7558624,5.792522317524636,up,0.6369144183265403,2023-09-12,-0.00837231752463552,5.78415
HII4636809,5.704337,6.035193249080889,up,5.800082447458645,2023-09-12,-0.3161402490808882,5.719053000000001
HII5088072,5.678948,6.0074901411956,up,5.785264122784708,2023-09-12,-0.269360454448611,5.738129686746989
HII5088073,5.952868148451729,6.124485446514699,up,2.8829346423136526,2023-09-12,-0.12854518945530202,5.995940257059397
HIW4455921,6.4586186,6.046667639621722,down,-6.378313783357299,2023-09-12,0.45834962309014315,6.505017262711865
HIW4804049,7.534032,6.020995357731455,down,-20.082694661617374,2023-09-12,1.2993545929289532,7.320349950660408
HL4952107,7.93810624778761,6.036467012891489,down,-23.95582996166268,2023-09-12,1.8785155770899573,7.914982589981446
HLT4516071,6.097423983516483,6.042965779107176,down,-0.8931346181031136,2023-09-12,0.03090692664743777,6.073872705754614
HLT4896815,6.307869354012381,6.0566554726073685,down,-3.982547312036796,2023-09-12,0.2799204782683251,6.336575950875694
HLX5029808,15.473464570219626,6.082281076862269,down,-60.69218338749886,2023-09-12,10.3608926693151,16.44317374617737
HMC4401025,5.358461866923405,6.07446345291155,up,13.36207299351822,2023-09-12,-0.7034278509048608,5.371035602006689
HMC4455943,5.730364319502074,6.090610326180834,up,6.2866161136167085,2023-09-12,-0.29179606211156894,5.798814264069265
HMC4599333,5.232775584905661,6.032913902834547,up,15.29089686622423,2023-09-12,-0.8414771134977466,5.191436789336801
HMC4729733,5.486949695121951,6.085760414838896,up,10.913362669413647,2023-09-12,0.1705299163847318,6.256290331223628
HMC4787251,5.627819482226379,6.102211958459081,up,8.429418849181538,2023-09-12,-0.29057502822652204,5.811636930232559
HMC4881090,5.755684227544909,6.0718912110955285,up,5.4938209090302745,2023-09-12,-0.3546501422881896,5.717241068807339
HMC4933630,5.2549806966292145,6.0538242390083825,up,15.201645610070136,2023-09-12,-0.7625500755206431,5.291274163487739
HMC5012003,5.461183052956393,6.364098889138206,up,16.53333769306675,2023-09-12,-0.8122305201345164,5.55186836900369
HMC5042814,5.520431704145372,6.1090315849612615,up,10.66220745696214,2023-09-12,-0.5633373204984515,5.54569426446281
HMC5109819,5.22839891084788,6.008927568414331,up,14.928636297184783,2023-09-12,-0.7751835684143309,5.233744
HMC5109908,5.724788017383618,6.11092551329091,up,6.745009504889355,2023-09-12,-0.4346352173649848,5.676290295925925
HMC5153684,5.222682418243378,6.087625892099067,up,16.561287947250054,2023-09-12,-0.8485853920990669,5.2390405
HMC5254411,5.702633661417322,6.072924384843613,up,6.493328265702758,2023-09-12,-0.3594397107695393,5.713484674074074
HMC5254614,5.323642706349206,6.049570372427536,up,13.635920104340531,2023-09-12,-0.6786006724275362,5.3709697
HMC5338921,5.230705729533678,6.146583032416085,up,17.509631591606617,2023-09-12,-0.9051087824160851,5.24147425
HMC5338993,5.399159950310559,6.06839282575406,up,12.395129642436444,2023-09-12,-0.44225165532965693,5.626141170424403
HMC5373691,5.476715093394078,6.068259275369371,up,10.801076409631095,2023-09-12,-0.5868246972003579,5.481434578169013
HMC5373692,5.230487854651163,6.051097553612,up,15.688970546621523,2023-09-12,-0.8122356466742904,5.23886190693771
HMC5373693,4.957586253096391,5.997681976461481,up,20.979881544480854,2023-09-12,-1.0034438681582314,4.994238108303249
HMC5525161,5.156369941747572,6.035741855848206,up,17.05408890430778,2023-09-12,-0.8564855507335674,5.179256305114639
HMC5525369,5.289464722959033,6.075433709403446,up,14.859140340475246,2023-09-12,-0.685253912251957,5.390179797151489
HMC5571744,5.315518328278252,6.150519106473299,up,15.708736695589797,2023-09-12,-0.8734541064732984,5.277065
HMC5592249,5.624522155480984,6.068766433786713,up,7.898347024428054,2023-09-12,-0.4075852366060655,5.661181197180648
HMC5613671,5.354397096054307,6.1170413126723915,up,14.243325680496916,2023-09-12,-0.7355182073101334,5.381523105362258
HMC5613691,5.247722734715026,6.044954068819213,up,15.191948477580535,2023-09-12,-0.7730083416353182,5.271945727183895
HOG4271659,5.953044571428571,6.065962355305235,up,1.8968072978759216,2023-09-12,-0.28079735530523564,5.785164999999999
HOG4271670,6.742484,5.838748953408933,down,-13.403592008391376,2023-09-12,0.8998050465910659,6.738553999999999
HON.GB,,no data prior to target date,N/A,N/A,,N/A,5.121718199999997
HON.GH,4.756546122807017,6.038396993314483,up,26.94919459229373,2023-09-12,-1.43340365998115,4.604993333333333
HON.GW,5.347962000549752,5.973239677200258,up,11.69188705129598,2023-09-12,-0.6936712486288297,5.279568428571428
HON.GY,5.356185000000003,5.934714760917074,up,10.801153450022188,2023-09-12,-0.5722173348815716,5.362497426035502
HON.HH,,no data prior to target date,N/A,N/A,,N/A,5.400822999999999
HON4418376,4.941889785181501,6.070628071465685,up,22.84021569377693,2023-09-12,-1.0773930825394444,4.993234988926241
HON4866649,5.5578734999999995,6.073435628557286,up,9.276247985084344,2023-09-12,-0.5173885940745278,5.556047034482758
HON4866657,4.993298491228071,6.017939224398866,up,20.52031808174141,2023-09-12,-1.0025764772030072,5.015362747195859
HON4988327,5.308964377386197,6.068017682161898,up,14.297577659570035,2023-09-12,-0.722825108057215,5.345192574104683
HON4988328,4.807335,5.784092226661945,up,20.318060352813866,2023-09-12,-0.9804088614058193,4.803683365256125
HON4988335,5.077473943768997,6.011851599673105,up,18.402411637203244,2023-09-12,-0.942316533006438,5.069535066666667
HON5233091,4.875548598206278,6.057169816621637,up,24.235656657182737,2023-09-12,-1.2049302727619882,4.852239543859649
HON5233092,5.082637897305172,6.001872170661112,up,18.08577144248896,2023-09-12,-0.9490185849794672,5.052853585681644
HON5497060,5.332809640093786,6.075663301802843,up,13.929873965949257,2023-09-12,-0.7151210381313868,5.360542263671456
HON5497118,5.06211228717647,6.025375752348704,up,19.02888380434405,2023-09-12,-0.9611719743166676,5.064203778032036
HON5497120,4.8148590232558135,6.035265598665897,up,25.346673070083853,2023-09-12,-1.2125409221953092,4.822724676470588
HON5587551,5.01141066822015,6.048976550244731,up,20.704068189907147,2023-09-12,-1.0473579277957503,5.001618622448981
HON5587552,5.108931541896735,6.083064743888973,up,19.06725885840668,2023-09-12,-0.9728905583714305,5.110174185517542
HP5425749,5.985942230769231,5.994999523872791,up,0.1513093971572874,2023-09-12,0.011200476127208425,6.0062
HPP4546282,10.470428,6.0385754695034155,down,-42.32732922184828,2023-09-12,4.596316863829916,10.634892333333331
HPP4800361,10.383072666666664,6.024958671228533,down,-41.97325912423996,2023-09-12,4.402161089334849,10.427119760563382
HPP4889300,10.233213611940297,6.016504015392345,down,-41.206113313493425,2023-09-12,4.224210812193862,10.240714827586206
HPP5473538,10.699670481355936,6.037599602516288,down,-43.57209772920819,2023-09-12,4.596113828476453,10.63371343099274
HPQ.AI,6.254029416382252,5.916276935028964,down,-5.400557926199626,2023-09-12,0.3225083154058179,6.238785250434782
HPQ3674704,7.107032,6.016846965910203,down,-15.3395261775914,2023-09-12,0.49854703408979706,6.515394
HPQ4431601,5.697079213283122,6.125883934668065,up,7.526746694782749,2023-09-12,-0.40316617809821764,5.722717756569847
HPQ4431606,5.812623487804878,5.95063612376691,up,2.3743604974860033,2023-09-12,-0.020877733482153715,5.929758390284756
HPQ4431607,6.294674165789474,5.853211348599791,down,-7.013275120560836,2023-09-12,0.42706727748716666,6.280278626086957
HPQ4974184,5.942145250148986,6.233554622839874,up,4.904110559794567,2023-09-12,-0.11895265412074352,6.11460196871913
HPQ4999777,5.774590596856287,6.101754821591782,up,5.665583027021943,2023-09-12,-0.2870718720552219,5.81468294953656
HPQ4999882,5.4865284742857146,6.04399876970833,up,10.160710876383305,2023-09-12,-0.4955305344142129,5.548468235294117
HPQ4999883,5.823884318118949,6.01244070621897,up,3.237639654232062,2023-09-12,-0.1011333062189701,5.9113074
HPQ5015352,6.028876281329923,6.0868597102352355,up,0.9617617977146742,2023-09-12,0.03527588154068706,6.122135591775923
HPQ5015353,5.7795848,6.056704674610621,up,4.794805928111311,2023-09-12,-0.3860556489695952,5.670649025641025
HPQ5343666,5.913292629940121,6.006618235306985,up,1.5782341786087006,2023-09-12,-0.10726764439789438,5.899350590909091
HPQ5343667,5.425416285714285,6.0539238998108145,up,11.584504874795662,2023-09-12,-0.5219538659125087,5.531970033898306
HPQ5389285,5.526463278250303,6.026320973337499,up,9.04480261461996,2023-09-12,-0.49263197333749886,5.533689
HPQ5389716,5.9581223678804855,5.994064644915462,up,0.6032483862489483,2023-09-12,-0.033719210416148115,5.960345434499314
HPQ5425716,5.6181435475266115,6.080408230085584,up,8.228068198123637,2023-09-12,-0.49443850819444357,5.58596972189114
HPQ5425717,6.042772454301074,6.006715039290138,down,-0.5967031736446016,2023-09-12,0.024925145999818987,6.031640185289957
HPQ5552920,5.882879256373013,6.149688794858018,up,4.5353563596595405,2023-09-12,-0.28367056145093805,5.86601823340708
HPQ5552921,6.042977573689416,6.07859075258095,up,0.5893316408551762,2023-09-12,-0.2579102970060365,5.820680455574913
HPQ5598904,5.579306956420686,6.059618898902361,up,8.60881013060109,2023-09-12,-0.4320092559240516,5.627609642978309
HR4881171,6.031995232142857,6.015634272376014,down,-0.2712362847977796,2023-09-12,-0.002589272376013696,6.013045
HR5045760,5.936662944068091,6.161384195124578,up,3.785312610361815,2023-09-12,-0.1983381951245784,5.963045999999999
HRB4294524,5.967335544827587,6.071620046867112,up,1.7475890413086934,2023-09-12,-0.04098235150287444,6.030637695364238
HRB5025936,6.165900998925887,6.012473230739994,down,-2.488326818945356,2023-09-12,0.12946471285332084,6.141937943593315
HRB5208154,6.050635000000001,6.030873667203794,down,-0.32659932050448437,2023-09-12,0.016898168412644132,6.047771835616438
HRL4998173,5.015555219895289,6.014672842703943,up,19.92037928015302,2023-09-12,-0.9886166414655531,5.02605620123839
HRL5193037,5.0560912804171485,6.036868990037843,up,19.397943099234872,2023-09-12,-0.9451059900378436,5.091762999999999
HRL5193038,5.780772391718798,6.095725847673842,up,5.4482936641170765,2023-09-12,-0.36286838404197663,5.732857463631865
HST4242546,6.170813,6.065626071684858,down,-1.7045878446671756,2023-09-12,0.19490148387069706,6.260527555555555
HST4298832,6.297976695629553,6.101282345206846,down,-3.123135570812808,2023-09-12,0.22493361881969332,6.326215964026539
HST4465759,6.589613823204421,6.081009852406522,down,-7.718266721593301,2023-09-12,-0.09093470425837413,5.990075148148148
HST4884036,6.425981,6.073734989172558,down,-5.481591228287823,2023-09-12,0.33719401082744227,6.410929
HST5029258,6.2546437978155955,6.116658704454833,down,-2.20612232800456,2023-09-12,0.16003132165627676,6.27669002611111
HST5298760,6.318973,5.994316622022748,down,-5.137802898940245,2023-09-12,0.28294787797725096,6.277264499999999
HSY.GE,4.697547,6.042194258342894,up,28.62445566468827,2023-09-12,-1.020678258342893,5.021516000000001
HSY4280129,5.1566352857142865,6.064259104463223,up,17.601086143582368,2023-09-12,-0.9068237711298899,5.157435333333333
HSY4390226,4.793534244236761,6.079450307938025,up,26.826053558443096,2023-09-12,-1.2568740352107524,4.8225762727272725
HSY4390232,5.468019,5.835674061838637,up,6.723734168418899,2023-09-12,-0.29558654964351483,5.5400875121951225
HSY4904876,4.91793,6.016370209083096,up,22.335417728253468,2023-09-12,-1.0735774739701585,4.9427927351129375
HSY4995133,4.962515383561644,6.01217305153132,up,21.151726228329142,2023-09-12,-1.0001770031132962,5.011996048418024
HSY4995134,5.374316800000001,6.066645722252992,up,12.88217550280979,2023-09-12,-0.7639844964465405,5.302661225806451
HSY5581214,4.728214570093458,6.0395963829352945,up,27.73524325940046,2023-09-12,-1.2739161222673916,4.765680260667903
HSY5581293,4.9363924535928145,5.981156083854809,up,21.164517207330068,2023-09-12,-1.0908580838548083,4.8902980000000005
HTGC5258269,7.51459892079208,6.053692959265663,down,-19.440903991352734,2023-09-12,1.4445656932767097,7.498258652542373
HTGC5341823,7.524639874770281,6.090718101135021,down,-19.056350835381817,2023-09-12,1.4469962570913522,7.537714358226373
HUB4526164,5.337196397003746,6.05685436018483,up,13.48382014919094,2023-09-12,-0.6802316139161739,5.376622746268656
HUBS5198517,35.124055,6.080741787594641,down,-82.68781384269374,2023-09-12,27.962844212405358,34.043586
HUM.GE,,no data prior to target date,N/A,N/A,,N/A,6.420859898673101
HUM3940738,5.8925355,5.870644393390248,down,-0.37150572295664985,2023-09-12,0.021799606609750555,5.8924439999999985
HUM4164864,5.801951,6.0746310092925935,up,4.699798555565078,2023-09-12,-0.21232944679259358,5.8623015625
HUM4466655,5.347483073580478,6.106434006580817,up,14.192675742163186,2023-09-12,-0.7644218073938251,5.342012199186992
HUM4969904,5.610417665226782,6.074131085117563,up,8.265221014914173,2023-09-12,-0.4889843976175632,5.5851466875
HUM4969905,5.597399945592824,6.041532184631469,up,7.9346168463151905,2023-09-12,-0.4215328212981353,5.619999363333334
HUM5231758,5.3677828628828825,6.079350949001424,up,13.256275529304451,2023-09-12,-0.7113314820146295,5.368019466986794
HUM5231759,5.580971,5.992387933916869,up,7.371780536341601,2023-09-12,-0.39644893391686864,5.595939
HUM5383848,5.396985340335533,6.102395855990276,up,13.070454543997093,2023-09-12,-0.6856586209782858,5.41673723501199
HUM5500538,5.4450637834586475,6.040120623380633,up,10.928372257634269,2023-09-12,-0.5602474233806332,5.4798732
HUM5500539,5.62111807569721,5.991551007354363,up,6.590022245907121,2023-09-12,-0.3473495570232359,5.644201450331127
HUM5548723,5.888504430167599,5.7624829789162195,down,-2.1401266271577257,2023-09-12,0.11751202108377967,5.879994999999999
HUM5548833,5.715377799648508,6.074492982752646,up,6.283314868987724,2023-09-12,-0.3265835663825385,5.747909416370107
HUMG4863484,,no data prior to target date,N/A,N/A,,N/A,4.670245
HUN4804232,6.226253262589928,6.026593260701636,down,-3.2067439833830265,2023-09-12,0.24146562127457383,6.26805888197621
HVRP.GE,,no data prior to target date,N/A,N/A,,N/A,4.999171666666666
HVRP4001552,,no data prior to target date,N/A,N/A,,N/A,5.251543000000001
HVRP4413328,,no data prior to target date,N/A,N/A,,N/A,5.092224076923076
HVRP5396064,4.9435275,5.7712970038047064,up,16.744510955076237,2023-09-12,-0.7059423371380404,5.065354666666666
HWUV4945094,5.471583,6.075275184377513,up,11.03322721006906,2023-09-12,-0.6664621165809033,5.4088130677966095
HWUV5013048,5.667026999999999,6.064120098960187,up,7.007079707934823,2023-09-12,0.18581090103981346,6.249931
HXL4455919,6.432341999999999,6.052151089207658,down,-5.910614062379472,2023-09-12,0.32138721638488477,6.373538305592543
HYMLF4904723,5.832265513157895,6.053011444169872,up,3.7849088062599767,2023-09-12,-0.14572144416987243,5.90729
HYMLF4947547,6.002166999999999,6.071833306269755,up,1.1606859034371424,2023-09-12,-0.05669763960308938,6.015135666666666
HYMLF4973643,5.93602,6.075420767451364,up,2.3483877657313146,2023-09-12,-0.2829461674513647,5.792474599999999
HYMLF5045936,6.873415,6.089615018653625,down,-11.403355993292635,2023-09-12,52.7463133146797,58.83592833333333
HYMLF5045937,5.858781999999999,6.065451028881543,up,3.527508428911403,2023-09-12,-0.12645002888154355,5.939000999999999
HYMLF5045938,5.80517719047619,6.045258844790782,up,4.135647309929885,2023-09-12,-0.1413481052949832,5.903910739495799
HYMLF5106985,5.617068666666667,6.085971767166296,up,8.347825677870679,2023-09-12,0.3949395661670376,6.480911333333333
HYMLF5106987,5.824805,6.062743524656782,up,4.0849182875097565,2023-09-12,-0.22059252465678192,5.842151
HYMLF5106989,5.988927208333333,6.041850270116237,up,0.8836818338560503,2023-09-12,-0.006268070116236757,6.0355822
HYMLF5202232,6.082036285714286,6.0792622575599875,down,-0.04561018750930177,2023-09-12,0.097749742440012,6.1770119999999995
HYMLF5258868,6.1601897300275485,6.082567547456013,down,-1.260061556110357,2023-09-12,-6.370956722800969e-05,6.082503837888785
HYMLF5258869,5.829069,6.054001755343744,up,3.8588109926944565,2023-09-12,-0.2081655996259828,5.845836155717762
HYMLF5563929,5.810149,6.060528088401356,up,4.309340232089679,2023-09-12,-0.2494667169727851,5.811061371428571
HYMLF5563933,5.752744333333333,6.037486973419374,up,4.949683552528941,2023-09-12,-0.1473809990603998,5.890105974358974
HYMLF5563935,6.103251900120336,6.037614276446222,down,-1.075453295198576,2023-09-12,-0.008106476446220867,6.029507800000001
HYMLF5606290,5.853066,6.069141749704751,up,3.6916677465238004,2023-09-12,-0.11345549970475055,5.95568625
HYMLF5606294,5.957205999999999,6.036092848324191,up,1.3242256239618377,2023-09-12,-0.11258850811800514,5.923504340206186
HYMLF5606296,6.065933214285716,6.012803153517652,down,-0.8758761247640946,2023-09-12,0.1918002961099452,6.204603449627597
IACL4647030,6.301379952468007,6.047912842539428,down,-4.022406390989111,2023-09-12,0.2624058688007791,6.310318711340207
IART5128459,5.800175535459306,6.078463864427606,up,4.797929429324819,2023-09-12,1.1740513577946157,7.252515222222222
IBDSF3666295,5.802598333333333,6.074537852172514,up,4.686512889872286,2023-09-12,-0.41977813788679974,5.6547597142857144
IBDSF3668585,5.914043,5.990459896110006,up,1.29212614974233,2023-09-12,-0.07343589611000567,5.9170240000000005
IBDSF3704042,6.151052333333333,5.97690840195284,down,-2.8311242035250697,2023-09-12,0.06331559804716047,6.040224
IBM.GW,5.36186036463683,6.094984454342874,up,13.67294259546984,2023-09-12,-0.7477641693265866,5.347220285016287
IBM.HA,4.773000779005525,6.050964894447804,up,26.774856628214273,2023-09-12,-1.0879629034487044,4.9630019909991
IBM.HB,4.951076999999999,6.040136441800493,up,21.996414957806028,2023-09-12,-0.9007685229347615,5.139367918865731
IBM.JB,5.157144173913044,6.014051071214266,up,16.61591897383458,2023-09-12,-0.8533484348506306,5.160702636363635
IBM.LD,5.719714365561522,6.178045444724985,up,8.01318125120164,2023-09-12,-0.47603734937046127,5.702008095354524
IBM3862755,5.6419288672316386,5.883909449002689,up,4.288969029306194,2023-09-12,-0.24003501011380024,5.643874438888889
IBM4096360,5.776609427264409,6.23660925062206,up,7.963145667881677,2023-09-12,-0.4020631268596828,5.834546123762377
IBM4336427,5.404546064331588,6.268337226459163,up,15.98267739502384,2023-09-12,-0.7575034610606126,5.510833765398551
IBM4448403,5.276692777777778,6.070996844171336,up,15.053066377839611,2023-09-12,-0.7668206474500252,5.30417619672131
IBM4832193,5.7381345775364,6.1054188343238645,up,6.400760592567941,2023-09-12,-0.34687096518536986,5.758547869138495
IBM4832194,5.308101,6.060806921533116,up,14.180324027992613,2023-09-12,-0.6859934770886715,5.374813444444444
IBM4832195,5.2438535964912285,6.041130534138179,up,15.20402740039167,2023-09-12,-0.7682635234429913,5.272867010695188
IBM4832196,5.641051,5.913199955609339,up,4.824437070491631,2023-09-12,-0.2879009556093388,5.625299
IBM4832197,5.667999800369686,5.806868105486573,up,2.4500407552560146,2023-09-12,-0.15959259359529376,5.647275511891279
IBM4983323,5.237264056953642,6.068768848922736,up,15.876701707737736,2023-09-12,-0.7427398349951595,5.3260290139275765
IBM4983324,5.256111000000001,6.014288151697898,up,14.42467922952726,2023-09-12,-0.7603718291172532,5.253916322580645
IBM4983325,5.653657072929542,5.906442463201089,up,4.471183642918789,2023-09-12,-0.27618346320108866,5.630259000000001
IBM5354860,5.259858,6.050912893189163,up,15.03947241901136,2023-09-12,-0.7590248931891628,5.291888
IBM5354862,5.66165123977386,5.7871002732673995,up,2.215767594659362,2023-09-12,-0.1394256732673993,5.6476746
IBM5449455,5.394462,6.069282766197354,up,12.509510053038728,2023-09-12,-0.6124486752882632,5.456834090909091
IBM5449456,5.228818050209204,6.04977487426619,up,15.700619454986384,2023-09-12,-0.8646583117661901,5.1851165625
IBM5449457,5.2430330000000005,5.991901573785463,up,14.283117687519084,2023-09-12,-0.7636765737854629,5.228225
IBM5449458,5.6881708571428575,5.76915706745829,up,1.4237654309159036,2023-09-12,-0.1091320674582903,5.660025
IBM5534362,5.334568947368421,6.067648173868957,up,13.742051770877733,2023-09-12,-0.6924946548816155,5.375153518987341
IBM5534363,5.1716627917261055,6.051693053915251,up,17.016389073105533,2023-09-12,-0.8978052205819171,5.153887833333334
IBM5534364,5.275696,5.988311839645572,up,13.507522792169455,2023-09-12,-0.7501702514102773,5.238141588235295
IBM5534365,5.638454993410214,5.762721197978385,up,2.203905231369293,2023-09-12,-0.09171319797838517,5.671008
ICE4313185,5.508822378026073,6.070604540963137,up,10.197863071024669,2023-09-12,-0.5301192142109157,5.540485326752221
ICE4530443,5.24727725,6.044753802227132,up,15.197911492615187,2023-09-12,-0.7973429575404829,5.247410844686649
ICE4664032,5.168836,6.033184677998763,up,16.722308039929366,2023-09-12,-0.8248709292302907,5.2083137487684725
ICE4664034,5.562323,5.809948593158986,up,4.451837715267275,2023-09-12,-0.2234924877168094,5.586456105442177
ICE4989451,5.386987,6.013878786537779,up,11.63715053587058,2023-09-12,-0.614919255262393,5.398959531275386
ICE4989455,5.501032627906976,5.7898885755707115,up,5.250940454313198,2023-09-12,-0.3038686320753108,5.486019943495401
ICE5031638,5.372289518628913,5.996105808997185,up,11.61173998916349,2023-09-12,-0.6146790106778566,5.381426798319328
ICE5031639,5.560715,5.901096051231356,up,6.121174187696292,2023-09-12,-0.33611003123135674,5.564986019999999
ICE5414185,5.360341557299843,5.990267038158256,up,11.751592209652497,2023-09-12,-0.6252820989158066,5.36498493924245
ICE5414186,5.341987733870968,6.033560737759042,up,12.945986369514534,2023-09-12,-0.6770985233922513,5.356462214366791
ICE5414187,5.355404702717048,6.265931590112785,up,17.002018296278976,2023-09-12,-0.922268044634202,5.3436635454785835
ICE5414189,5.691786465909091,6.087628211265808,up,6.954613419312331,2023-09-12,-0.3826549747388617,5.704973236526946
ICE5414190,5.560819051020408,5.769957935044256,up,3.760936691250029,2023-09-12,-0.23589990985533937,5.534058025188917
ICE5414191,5.698034,5.794696001395802,up,1.696409698429352,2023-09-12,-0.1159861869868486,5.678709814408953
IDA.GU,6.3071012500000005,5.9325278451693535,down,-5.938915358789381,2023-09-12,0.0287584881639793,5.961286333333333
IDA4218886,6.2766123333333335,5.8494170899126825,down,-6.80614351713163,2023-09-12,0.4189864100873182,6.268403500000001
IDA4342545,6.123876285321605,5.858390937443982,down,-4.3352500198929205,2023-09-12,0.24285963398458943,6.101250571428571
IDA4610448,5.716941,5.8155162928568815,up,1.7242664015053026,2023-09-12,-0.15165329285688145,5.663863
IDA5554198,5.776999,5.776708398166151,down,-0.005030325154099946,2023-09-12,-0.052699398166150324,5.724009000000001
IDA5647764,5.827601078396297,5.800521729691613,down,-0.46467402865084767,2023-09-12,0.030590841736958474,5.831112571428571
IDCC4840841,3.359438,6.082277076210353,up,81.0504339181242,2023-09-12,1.4769740534748035,7.559251129685157
IDOR3918144,,no data prior to target date,N/A,N/A,,N/A,6.625125312252965
IDOR4495046,5.64752,6.060702765055085,up,7.316180643097944,2023-09-12,-0.3361457650550852,5.724557
IDOR4495047,,no data prior to target date,N/A,N/A,,N/A,6.622425
IDOR4857967,,no data prior to target date,N/A,N/A,,N/A,5.865485
IDOR4905987,6.597916000000001,5.798211682712376,down,-12.120559238517508,2023-09-12,0.8488663172876239,6.647078
IEP4586999,8.443547255854293,6.0783208647657485,down,-28.012236082987823,2023-09-12,2.390598314721432,8.46891917948718
IEP4892946,9.30855926592684,6.0744248262336535,down,-34.743662765638184,2023-09-12,3.0095104525168948,9.083935278750548
IEP4966297,8.30520943991616,6.151479133355094,down,-25.93228168587651,2023-09-12,1.892800560039328,8.044279693394422
IEP5214809,9.256566486338798,6.0508362747829425,down,-34.631957932641626,2023-09-12,3.045764673935005,9.096600948717947
IEX5186761,5.572604853658536,6.006079435067614,up,7.778670707730016,2023-09-12,-0.39423332395650235,5.611846111111111
IFF4714704,6.09966745066045,6.048839386944574,down,-0.8332923741665927,2023-09-12,0.05177707138875842,6.100616458333333
IFF4714705,6.855458239578674,6.034904026084978,down,-11.96935616581228,2023-09-12,0.8274460404609716,6.862350066545949
IGL.GD,5.6120135,6.04316582943353,up,7.682667360538783,2023-09-12,-0.38510286740821353,5.6580629620253164
IHRT4830026,12.46709661141095,6.0833412817052315,down,-51.204827624924,2023-09-12,6.524479732079228,12.60782101378446
IHRT4830027,20.24594675948681,6.081338404494857,down,-69.96268696772466,2023-09-12,14.216452135338674,20.29779053983353
ILMN5508411,5.925521990877994,6.075876268816842,up,2.5374013997468907,2023-09-12,-0.14936164659462037,5.926514622222221
ILMN5508412,5.976334153477217,6.0459809852557065,up,1.1653771357139828,2023-09-12,-0.07524198525570558,5.970739000000001
IMAX5393512,3.735668780082987,6.096423054143634,up,63.19495686146467,2023-09-12,-2.1334809249923428,3.9629421291512914
INFO4817953,10.54520124590164,6.084684087078396,down,-42.299023554024735,2023-09-12,2.2407621629216026,8.325446249999999
ING4085870,6.5074975,5.935931907101641,down,-8.783185746876727,2023-09-12,0.5942257017591199,6.530157608860761
ING4371108,5.820588999999999,6.062308922697406,up,4.152842997459659,2023-09-12,-0.06230180505034788,6.000007117647058
ING4475508,5.804128055248619,6.061993903904443,up,4.44280081695713,2023-09-12,-0.33544707057110834,5.726546833333335
ING4817400,6.03807128274174,6.153750584832264,up,1.915832004520442,2023-09-12,-0.02850463409334658,6.125245950738917
ING4817401,5.739051686820652,6.193553368719629,up,7.919456152358927,2023-09-12,-0.4439883687196291,5.749565
INSM5182680,0.5025347751196172,6.0400774918385,up,1101.9222929200857,2023-09-12,-5.945430811307074,0.0946466805314256
INTC.AC,5.776260758408531,6.052735333297655,up,4.786393593583147,2023-09-12,-0.3025617044059983,5.750173628891656
INTC3940209,5.141132333333332,5.991905564866824,up,16.548362819166716,2023-09-12,-0.7985274510347464,5.193378113832077
INTC4270895,5.287387,5.852072030488657,up,10.679850566804678,2023-09-12,-0.5370027317734536,5.315069298715203
INTC4270896,5.4049243735970665,6.171513576702863,up,14.183162429627465,2023-09-12,-0.703321372434571,5.468192204268292
INTC4363556,5.039722907918969,6.0801748609006,up,20.645022990187783,2023-09-12,-1.0253187236456984,5.054856137254902
INTC4363557,5.652871300448431,5.852503397208463,up,3.5315167487396333,2023-09-12,-0.22735939720846243,5.625144000000001
INTC4495096,5.210291294059406,6.056716374775743,up,16.24525449625823,2023-09-12,-0.8251677309801222,5.2315486437956205
INTC4495100,5.660337085953879,6.0927816091342475,up,7.63990759938095,2023-09-12,-0.3012679315560334,5.791513677578214
INTC4633368,5.72312658937198,5.824864486975461,up,1.7776628913365424,2023-09-12,-0.07447469207943147,5.750389794896029
INTC4914060,5.715140356525034,5.960622840286695,up,4.29530105033013,2023-09-12,-0.25605297229485124,5.704569867991844
INTC4914062,5.067449809871245,6.036023585590201,up,19.113633327600073,2023-09-12,-0.9476919635429573,5.088331622047244
INTC4969548,5.535254975247525,5.909096045126428,up,6.753818415784646,2023-09-12,-0.3647855451264279,5.5443105
INTC4969549,5.774034635245903,5.797387557513527,up,0.40444721486554674,2023-09-12,-0.05112893082687009,5.746258626686657
INTC4969551,5.487678299317943,6.096584626118866,up,11.09588233108715,2023-09-12,-0.5664380739182517,5.530146552200614
INTC4969553,5.2170587987519506,6.022833439565549,up,15.444998262361148,2023-09-12,-0.7792244258981231,5.243609013667426
INTC5238070,5.643816106699751,5.78147471752354,up,2.4391051767327245,2023-09-12,-0.12789005085687322,5.653584666666667
INTC5238071,5.7066846571428576,5.671995096558694,down,-0.6078758976237381,2023-09-12,0.035044785794246636,5.707039882352941
INTC5238072,4.984632,6.0380422947248835,up,21.13316077746327,2023-09-12,-1.0569002947248833,4.981142
INTC5238073,5.123110200984413,6.01068220250225,up,17.324866471685283,2023-09-12,-0.8648586475022517,5.145823554999998
INTC5238076,5.640524,5.8950159467594645,up,4.511849373559343,2023-09-12,-0.24659453967981815,5.648421407079646
INTC5456463,5.157374816229118,6.070112310828368,up,17.697714963959324,2023-09-12,-0.8898304667749715,5.180281844053397
INTC5456464,5.066120611578947,6.037234039474839,up,19.168778289177506,2023-09-12,-0.974809009624094,5.062425029850745
INTC5456465,5.13811176814418,6.004447029703969,up,16.86096567480272,2023-09-12,-0.8757055320038782,5.128741497700091
INTC5456466,5.752123970433373,5.78235051323432,up,0.5254848983838896,2023-09-12,-0.0636311408047705,5.7187193724295495
INTC5456467,5.8752760275562,5.687193697585584,down,-3.2012509555035975,2023-09-12,0.17200855982555918,5.859202257411143
INTC5538517,5.87432823826653,6.415054795973122,up,9.204908812963364,2023-09-12,-0.5346201098712209,5.880434686101901
INTC5538518,5.984214580014015,5.9535658521644566,down,-0.5121595731529877,2023-09-12,0.03240767743680717,5.985973529601264
INTC5538519,5.24600366202572,6.118468907749694,up,16.631045304819235,2023-09-12,-0.8469163412455734,5.271552566504121
INTC5538520,5.156548067208671,6.074432365263471,up,17.800363461979053,2023-09-12,-0.871036336853388,5.203396028410083
INTC5538521,5.212868687542239,6.045883336492537,up,15.97996609699844,2023-09-12,-0.8108149992436964,5.2350683372488405
INTC5538522,5.359503315878715,6.043451299874977,up,12.761406117054069,2023-09-12,-0.6949686112741142,5.348482688600863
INTC5538523,5.770213283513975,5.885059611923059,up,1.9903307341725192,2023-09-12,-0.12317815889275519,5.761881453030304
INTU5008436,5.47843499122807,6.098005169277864,up,11.309254906589818,2023-09-12,-0.45518216927786437,5.642823
INTU5008437,5.120909159803921,6.107114967347513,up,19.25841245700507,2023-09-12,-0.9476146340141796,5.159500333333334
INTU5008438,5.190504993135011,6.035870305687176,up,16.28676426802882,2023-09-12,-0.8168266390205101,5.219043666666666
INTU5651456,,no data prior to target date,N/A,N/A,,N/A,5.282833999999999
INTU5651458,,no data prior to target date,N/A,N/A,,N/A,5.274991
INVH5233642,5.883139538461538,6.005156021676783,up,2.07400287580384,2023-09-12,-0.10052727167678377,5.90462875
INVH5294408,5.810456476923076,6.035645423592083,up,3.875580990295192,2023-09-12,-0.21572977494343437,5.8199156486486485
INVH5294409,5.980693,5.979967318571178,down,-0.012133734816716065,2023-09-12,-0.037586852435719464,5.942380466135458
INVH5388068,5.965682089974293,5.9992081645454185,up,0.561982252246866,2023-09-12,-0.014379991317072793,5.984828173228346
INVH5626944,5.958397499999999,6.018370720137042,up,1.00653271516449,2023-09-12,-0.03833372013704217,5.980037
INVH5626945,6.091175730263157,5.996574407880924,down,-1.553088050180844,2023-09-12,0.11099321302546006,6.1075676209063845
IONS5104819,2.98585,6.133921145428534,up,105.43299715084595,2023-09-12,-0.47757394542853504,5.656347199999999
IP.IO,6.447941999999999,5.928664135712381,down,-8.05338919437579,2023-09-12,0.4276875309542838,6.356351666666665
IP.IT,6.052899,5.890844319573444,down,-2.6773068644719884,2023-09-12,0.09917168042655611,5.990016
IP4132174,6.118947,5.861414936337214,down,-4.208764410980949,2023-09-12,0.211289063662786,6.072704
IP4247256,5.510097,5.962065888830919,up,8.202557755896475,2023-09-12,-0.44007688883091944,5.521989
IP4526174,5.794536001838236,5.887167928561135,up,1.5986081835286385,2023-09-12,-0.04818592856113568,5.838982
IPG4700943,5.6668774,6.037593590196796,up,6.541807136974517,2023-09-12,-0.20657659019679464,5.831017000000001
IPG4700944,6.252246,5.813122972956047,down,-7.023444487692155,2023-09-12,0.4068640270439525,6.219987
IPG4971898,5.739409,6.023429938458386,up,4.948609490252142,2023-09-12,-0.23390249401394136,5.7895274444444444
IPG5138420,6.294915,5.898250340142139,down,-6.3013505322607255,2023-09-12,0.40180165985786065,6.300052
IPG5599642,6.016291,5.987445995462259,down,-0.4794482936038237,2023-09-12,0.01829282631991891,6.005738821782178
IQ4973517,,no data prior to target date,N/A,N/A,,N/A,17.199551555555555
IR.HB,,no data prior to target date,N/A,N/A,,N/A,5.59411
IR4136134,5.86928,5.922812211058557,up,0.912074582547723,2023-09-12,-0.05957438725914699,5.86323782379941
IR4177501,5.769966984470159,6.136697198192315,up,6.355845964269964,2023-09-12,-0.38034800507433797,5.756349193117977
IR4599478,5.31757493634908,6.066926554524927,up,14.091980407338356,2023-09-12,-0.7453817509177121,5.321544803607215
IR4810264,5.337027473504274,6.035806410817652,up,13.093036166339274,2023-09-12,-0.692840620863314,5.342965789954338
IR4810287,5.579430208333334,6.066550868880638,up,8.730652456585073,2023-09-12,-0.5908988688806378,5.475652
IR5632040,5.773937845473997,6.043309326528371,up,4.665299285573816,2023-09-12,-0.23718418395467555,5.806125142573696
IR5632041,5.515738361217144,6.0906233776858185,up,10.422630277586554,2023-09-12,-0.5557610247446423,5.534862352941176
IRWD5031493,5.718639,6.088379410141408,up,6.46553157388337,2023-09-12,-0.6689959101414082,5.4193834999999995
IRWD5031499,4.423881,6.07494921618426,up,37.32171403761223,2023-09-12,-2.164422070350927,3.910527145833333
ISNP4137003,8.25556729945915,6.184057611825504,down,-25.092275460819724,2023-09-12,2.130022832933702,8.314080444759206
ITUB4938323,6.156900389830509,6.082695457481278,down,-1.2052319779575549,2023-09-12,-1.572020457481278,4.510675
ITW3891943,5.133001666666666,5.887928419949149,up,14.707315569073772,2023-09-12,-0.709176480736394,5.178751939212755
ITW4099086,5.698466889655173,6.092909023036507,up,6.921899188313119,2023-09-12,-1.6361112495887786,4.456797773447728
ITW4421828,4.9780678221296855,6.078095619220577,up,22.097485136718866,2023-09-12,-1.093039006277964,4.985056612942613
IVZ4068658,6.309780705263158,6.101371902216536,down,-3.302948434844702,2023-09-12,0.7894133705107373,6.890785272727273
IVZ4298846,5.586761000000001,6.069407654772074,up,8.639114055032476,2023-09-12,-0.4901107892103802,5.579296865561694
JAZZ4671051,5.6661110361067495,6.120394769690539,up,8.017557910335855,2023-09-12,-0.4614492493068445,5.6589455203836945
JAZZ5206504,0.242705,6.067641239764771,up,2400.0066911537756,2023-09-12,-5.758604239764771,0.309037
JBHT4103932,6.102125,6.171696590970118,up,1.1401207115573346,2023-09-12,0.6362108090298824,6.8079074
JBHT4804019,5.416108541666667,6.075658897298265,up,12.17756901579077,2023-09-12,-0.6099740003910474,5.465684896907217
JBL4934570,5.805909,6.024253210095435,up,3.760723946851998,2023-09-12,-0.20359008653121524,5.82066312356422
JBL5163011,5.829933204081633,6.067737498745856,up,4.079022629242692,2023-09-12,-0.19364824026282257,5.874089258483034
JBL5401445,5.758719,6.054590228499808,up,5.137795896966105,2023-09-12,-0.44543312323664885,5.609157105263159
JBL5570102,5.758812306878307,6.045562160774626,up,4.97932279462948,2023-09-12,-0.29357608264962654,5.751986078124999
JBLU5030444,7.629369,6.033102926098726,down,-20.922648700059906,2023-09-12,1.5770786495274844,7.610181575626211
JBLU5412834,10.4282066,6.0949346991946465,down,-41.55337602158124,2023-09-12,4.490470535986998,10.585405235181645
JBSA5639811,6.046404403125,6.055358820095399,up,0.1480949068800429,2023-09-12,0.09082729118824417,6.146186111283643
JBSA5639941,6.584738801708229,6.224608610739448,down,-5.469164409002149,2023-09-12,0.42753545092275047,6.652144061662199
JBSA5640374,5.809383333333333,6.058729513884159,up,4.292128204384733,2023-09-12,0.037813420146412646,6.0965429340305715
JBSA5640375,6.526894004014093,6.544890004812283,up,0.27572074538244984,2023-09-12,-0.03939760481228216,6.5054924000000005
JBSA5640996,6.995288427729635,5.929031099293153,down,-15.24250700242452,2023-09-12,1.085025965071054,7.0140570643642075
JBSA5640997,6.542194195501406,6.032025281439849,down,-7.798131617865497,2023-09-12,0.46088776791080033,6.4929130493506495
JBSA5640998,6.8053295,5.780601592951234,down,-15.057726551649942,2023-09-12,1.0819274070487666,6.862529
JBSA5640999,6.3003648663729805,6.191353782987315,down,-1.7302344498727604,2023-09-12,0.11440620991209283,6.305759992899408
JBSA5641001,7.613101999999999,6.033351526645059,down,-20.750417810702395,2023-09-12,0.8805811596294513,6.91393268627451
JBSAY5544569,6.724667195881663,6.043843089517861,down,-10.124279559600415,2023-09-12,0.6798538293013277,6.723696918819189
JBSAY5544571,6.66775185340314,6.013011958919142,down,-9.819500018583128,2023-09-12,0.6061258045077302,6.619137763426872
JBSAY5567648,6.694909798319327,6.0944394652011615,down,-8.969057854504719,2023-09-12,0.6160012071104362,6.710440672311598
JBT5423388,3.996368,6.094002505036026,up,52.48852220406194,2023-09-12,-2.054194505036026,4.039808
JCOM4912932,4.377632545454546,6.245283239158887,up,42.66348704035451,2023-09-12,-1.9082249732799035,4.337058265878984
JD4356568,5.7035482910052915,6.087621707950535,up,6.733938196875472,2023-09-12,-0.38134737461720114,5.706274333333334
JEC5540933,6.279651996423098,6.001005340965084,down,-4.437294544613809,2023-09-12,0.2897285555866418,6.290733896551726
JEC5635403,6.147029298102242,6.164029847095429,up,0.27656528330578983,2023-09-12,-0.06324074830814119,6.1007890987872875
JHUV5504098,4.9283365588235295,6.000593716523671,up,21.756979153146673,2023-09-12,-1.0913041450951004,4.9092895714285705
JNJ.GH,4.751201583700439,6.107123922719375,up,28.538514208081356,2023-09-12,-1.3892683227193752,4.7178556
JNJ.GJ,4.321557285714285,6.05304568034224,up,40.066306661066676,2023-09-12,-1.7331046803422394,4.319941000000001
JNJ.GM,4.542358312499999,5.990757735877997,up,31.886507486478656,2023-09-12,-1.4274039898825732,4.563353745995424
JNJ.GP,5.03475543174603,5.947431373138997,up,18.12751292025431,2023-09-12,-0.883851424470099,5.063579948668898
JNJ.GR,5.07812448404993,5.946274870262758,up,17.09588626548313,2023-09-12,-0.8715075441758016,5.074767326086956
JNJ.GT,4.9720477945619335,5.9118100213913785,up,18.900908954601945,2023-09-12,-0.8957753257392049,5.0160346956521735
JNJ.GX,5.0147773452380955,5.901246687677189,up,17.67714260097435,2023-09-12,-0.7248582759124833,5.176388411764706
JNJ4077466,4.943430880228137,6.105974943713447,up,23.516947877941384,2023-09-12,-0.25417294371344745,5.851801999999999
JNJ4077468,4.646416740740741,5.991062814097952,up,28.939420383175634,2023-09-12,-1.330029945540221,4.661032868557731
JNJ4077469,4.916569179372198,5.87357269284249,up,19.464864187927343,2023-09-12,-0.8663214113610085,5.007251281481482
JNJ4340188,5.081624032786885,5.846129501458047,up,15.044510647354778,2023-09-12,-0.7716465238030121,5.074482977655035
JNJ4340192,4.962929188365651,5.965078911902931,up,20.19270647436538,2023-09-12,-0.9627127834404412,5.00236612846249
JNJ4340193,5.016882257918553,6.0717584134423,up,21.026528056518572,2023-09-12,-1.0029584982207194,5.068799915221581
JNJ4462073,4.75305867709637,6.0625103343075235,up,27.549663199426217,2023-09-12,-1.3120839549971786,4.750426379310345
JNJ4462074,4.978043867942584,5.957513566736035,up,19.67579484586309,2023-09-12,-0.9293899792630329,5.028123587473002
JNJ4563812,5.089545432506887,6.083959343336697,up,19.53836396622959,2023-09-12,-0.9477666967263874,5.13619264661031
JNJ4563813,4.66046098441627,6.069561848798695,up,30.235224993712006,2023-09-12,-1.3672026158441497,4.702359232954545
JNJ4563814,5.015487842105263,5.936735034070452,up,18.36804755524027,2023-09-12,-0.8557816750278979,5.080953359042554
JNJ4563815,4.967150500000001,5.824250075852416,up,17.25535749022332,2023-09-12,-0.8631383283776692,4.961111747474747
JNJ5033705,5.082635517571886,6.0786210740781765,up,19.59584851329455,2023-09-12,-0.9367694466271956,5.141851627450981
JNJ5033706,4.660074160455487,6.058124439002342,up,30.000601501376245,2023-09-12,-1.3669843317600021,4.69114010724234
JNJ5033707,4.6697106627418,6.0323703536333895,up,29.180816314034956,2023-09-12,-1.3217518744856127,4.710618479147777
JNJ5033708,5.021960291005291,5.907933890336187,up,17.641987351388288,2023-09-12,-0.8876526595669549,5.020281230769232
JNJ5033709,4.8506945671641795,5.795448932118151,up,19.476682192057606,2023-09-12,-0.9374859321181512,4.857963
JNJ5033710,4.8110836,5.687463590634807,up,18.215854545425216,2023-09-12,-0.848155590634807,4.839308
JNPR.AA,6.555304919354841,5.913457251601117,down,-9.791270972897673,2023-09-12,0.6077452051890084,6.5212024567901254
JNPR4874156,5.654376035598705,6.032720924808518,up,6.69118726501097,2023-09-12,-0.40434542480851743,5.628375500000001
JNPR5090686,5.7957357539202,6.108305125669114,up,5.393092180531077,2023-09-12,-0.21142312566911414,5.896882
JNPR5090687,6.035290272727273,6.020554467740501,down,-0.2441606670247607,2023-09-12,-0.02145270178305303,5.999101765957448
JNS4274273,6.024085898305084,6.0783958874062325,up,0.9015473885661051,2023-09-12,0.005063476230133368,6.083459363636366
JPM.ADX,5.57394340471597,6.02233046690115,up,8.044341853306426,2023-09-12,-0.4545870235230307,5.567743443378119
JPM.AZM,5.59728683727175,5.928649542486703,up,5.920059393927122,2023-09-12,-0.32533707805155654,5.603312464435146
JPM.HNO,5.591790557017545,5.9173306075758845,up,5.821749710382053,2023-09-12,-0.3006835967287067,5.616647010847178
JPM.KRR,5.546428655614166,5.955302320024193,up,7.3718367222872185,2023-09-12,-0.3399110467343345,5.615391273289858
JPM.OHA,5.477678188405797,6.096383721392314,up,11.295032524840295,2023-09-12,-0.6163291938332591,5.480054527559055
JPM.OHB,5.4450128215940685,6.123378161090408,up,12.458470929692748,2023-09-12,-0.5980027285974092,5.525375432492999
JPM.OHC,5.17182675,6.059350227499559,up,17.160734889264397,2023-09-12,-0.860799651741984,5.198550575757575
JPM4040688,5.825909556603774,5.877334524540567,up,0.8826942374775064,2023-09-12,-0.027341524540566375,5.849993
JPM4091129,5.47084768261377,6.112819067250172,up,11.73440428028315,2023-09-12,-0.2808429317337966,5.831976135516375
JPM4091130,5.5012566863543775,5.9103912774041545,up,7.43711145245444,2023-09-12,-0.34496001575976454,5.56543126164439
JPM4124160,5.674768819570754,6.182741582428187,up,8.95142655160808,2023-09-12,-0.4022127500916213,5.780528832336565
JPM4161049,5.81390808362731,6.221548711354585,up,7.011473553825905,2023-09-12,-0.26720406908898386,5.9543446422656015
JPM4191255,5.530085554707378,6.116489160690278,up,10.603879455060772,2023-09-12,-0.5309385400400011,5.5855506206502765
JPM4203227,5.65180455177373,6.362534963042269,up,12.575282898724577,2023-09-12,-0.6357684620394615,5.726766501002808
JPM4250091,5.719706000000001,5.855604686894656,up,2.375973291191103,2023-09-12,-0.10507929583851894,5.750525391056137
JPM4268816,5.572508501698458,6.120380358434576,up,9.831691716022167,2023-09-12,-0.5046642225234876,5.6157161359110885
JPM4292068,5.293489685483871,6.127640956627431,up,15.758059818856749,2023-09-12,-0.803524976356857,5.324115980270574
JPM4346207,5.605071995143272,6.092707386849179,up,8.69989524003326,2023-09-12,-0.4417179599030945,5.650989426946085
JPM4369644,5.41193696107102,6.126266468657967,up,13.199146862301614,2023-09-12,-0.6813005859485202,5.444965882709447
JPM4383678,5.447508327086383,6.102302403094184,up,12.020065628022996,2023-09-12,-0.6335082875345845,5.468794115559599
JPM4397899,,no data prior to target date,N/A,N/A,,N/A,6.008812428571428
JPM4425813,5.321660711189516,6.084479314549361,up,14.33422092761222,2023-09-12,-0.7350769053352701,5.349402409214091
JPM4693311,5.585759308641975,6.022229200408516,up,7.813975999489621,2023-09-12,-0.43557009696024007,5.586659103448276
JPM5047213,,no data prior to target date,N/A,N/A,,N/A,5.939994
JPM5117912,5.7072667500000005,6.057518679740121,up,6.1369468973939325,2023-09-12,-0.312031558528,5.745487121212121
JPM5149935,8.112581333333333,6.093959834953166,down,-24.882604135948267,2023-09-12,-0.24867150161983353,5.8452883333333325
JPM5169869,5.473075999999999,6.078756598683043,up,11.066548293556387,2023-09-12,-0.2645033663598104,5.8142532323232325
JPM5205079,5.609474,6.012891402949806,up,7.1917153542347485,2023-09-12,-0.36144185577999455,5.651449547169811
JPM5237881,5.748296333333334,6.011013494768995,up,4.570348259748045,2023-09-12,-0.23801789476899415,5.772995600000001
JPM5301123,5.792246,6.085975043258667,up,5.071073349762211,2023-09-12,-0.33515820992533385,5.750816833333333
JPM5359347,6.269125263157895,6.062596865727364,down,-3.29437343745942,2023-09-12,-0.38606486572736376,5.676532
JPM5384502,,no data prior to target date,N/A,N/A,,N/A,6.783275249999999
JPM5408623,,no data prior to target date,N/A,N/A,,N/A,7.165052666666666
JPM5429736,,no data prior to target date,N/A,N/A,,N/A,5.855909551037345
JPM5463609,6.8757372000000005,6.09677492577482,down,-11.3291455383894,2023-09-12,-0.1680794257748195,5.928695500000001
JPM5465665,6.0285122,6.09097525278917,up,1.0361271689749674,2023-09-12,-0.46182168136059865,5.629153571428572
JPM5466380,,no data prior to target date,N/A,N/A,,N/A,6.744807333333333
JPM5475675,5.959259,6.056119850429813,up,1.6253841363466883,2023-09-12,-0.40656885042981283,5.649551
JPM5480187,,no data prior to target date,N/A,N/A,,N/A,9.031073
JPM5503847,8.1422,6.098485476493294,down,-25.10027417045401,2023-09-12,-0.24948347649329428,5.849002
JPM5528458,6.224121,6.095791748595643,down,-2.0618052156177042,2023-09-12,0.9643917871186432,7.060183535714287
JPM5528624,5.978174591397849,6.052233863367497,up,1.238827518958941,2023-09-12,-0.33213169413672716,5.72010216923077
JPM5534745,5.995499333333334,6.051934136085018,up,0.941286115035024,2023-09-12,-0.26668346941835175,5.785250666666666
JPM5573769,,no data prior to target date,N/A,N/A,,N/A,6.506015037037037
JPM5596317,,no data prior to target date,N/A,N/A,,N/A,5.924708666666667
JPM5607001,5.350347999999999,6.049856759650007,up,13.074079660799779,2023-09-12,-0.7033523645882793,5.346504395061728
JPM5619893,5.2889596806282695,6.051696441376993,up,14.421300346500644,2023-09-12,-0.7516884413769933,5.300008
JPM5627168,5.262612000000001,6.047952247830735,up,14.923012523642901,2023-09-12,-0.7888066114670984,5.259145636363637
JPM5627169,5.862208485714285,6.000762403311433,up,2.3635105768549995,2023-09-12,-0.22443006555052225,5.776332337760911
JPM5627170,,no data prior to target date,N/A,N/A,,N/A,6.114729333333334
JPM5630068,5.998863892033223,6.0113831675991936,up,0.20869410927286422,2023-09-12,-0.07756096779799915,5.933822199801194
JPM5636192,5.273718312500001,6.047238320171898,up,14.667450209436971,2023-09-12,-0.8698138201718972,5.177424500000001
JPM5636197,6.017679222817993,6.008704831237478,down,-0.14913376483222318,2023-09-12,0.034767799393153,6.043472630630631
JPM5640385,5.290308461538462,6.047613084615494,up,14.314942665116396,2023-09-12,-0.7647155846154945,5.2828975
JPM5644969,5.836658170896785,6.0814652738896475,up,4.194302558500682,2023-09-12,-0.29923357274022155,5.782231701149426
JPM5644972,5.902675162518002,6.100178918340508,up,3.346004148706257,2023-09-12,-0.23987275167384237,5.860306166666666
JPM5644973,6.020135409140667,6.086728198682425,up,1.1061676360409947,2023-09-12,-0.8140671420786507,5.272661056603774
JPM5645454,5.627574585284973,6.251534108864611,up,11.087538941041721,2023-09-12,-0.6550154421979446,5.596518666666666
JPM5647977,6.048934299340659,6.014039957660556,down,-0.576867592757733,2023-09-12,0.007013090061787075,6.021053047722343
JWN.GB,7.853522344262296,6.054421166169049,down,-22.908207288767088,2023-09-12,1.7102552851791364,7.764676451348185
JWN.GC,9.492827705882355,5.947028102837128,down,-37.35240660533664,2023-09-12,3.0034082971628733,8.950436400000001
JWN4127790,9.117249836540864,6.052843954037173,down,-33.611077215652394,2023-09-12,3.108589477335374,9.161433431372547
JWN4463953,7.755834689750692,6.067076606644069,down,-21.77403401001198,2023-09-12,1.869902900564992,7.936979507209061
JWN4908178,8.692502038779402,6.046453329645344,down,-30.44058773100518,2023-09-12,2.6632357368960102,8.709689066541355
JWN5234071,8.865401408196618,6.102819510727286,down,-31.161385370719398,2023-09-12,2.8256911094344526,8.928510620161738
JWN5246603,5.938272835051546,6.09713735879115,up,2.67526481440668,2023-09-12,0.7261039771342013,6.823241335925351
K.GG,5.554829800000001,6.018325483723942,up,8.34401233542638,2023-09-12,-0.41865475746049796,5.599670726263444
K4340163,5.411480972972973,6.077007287985362,up,12.298413656747273,2023-09-12,-0.6175229176149912,5.459484370370371
K4340165,5.725814000000001,5.85252549850569,up,2.212986633964872,2023-09-12,-0.09949283183902313,5.753032666666667
K4424485,5.720661460269866,6.111331840703159,up,6.829112037943659,2023-09-12,-0.16994063731332876,5.941391203389831
K4630789,5.359062907284767,6.055291941705817,up,12.991618991347172,2023-09-12,-0.726188941705816,5.329103000000001
K4993568,5.470505424892704,6.079375290636701,up,11.130047746108191,2023-09-12,-0.5626143633010612,5.51676092733564
K5547181,5.573196712598426,6.024875263735043,up,8.104478891182518,2023-09-12,-0.4493954152364088,5.5754798484986345
KAMN4637887,7.964366999999997,6.0970370617880025,down,-23.44605589134698,2023-09-12,7.422759938211998,13.519797
KB4979681,,no data prior to target date,N/A,N/A,,N/A,5.789662333333334
KBH4795681,6.316434051470588,6.0614889258029745,down,-4.0362192273385205,2023-09-12,0.2825976298081221,6.344086555611097
KBH4900994,6.758860137157107,6.051521742224718,down,-10.465350378294819,2023-09-12,0.6659672949230862,6.717489037147804
KBH5193310,6.619205464701318,6.051909195951081,down,-8.570458671746872,2023-09-12,0.5561678930846892,6.6080770890357705
KBH5426920,7.134155597871814,6.048807597239463,down,-15.213405227047758,2023-09-12,1.1149680641916015,7.163775661431065
KBR4946891,429.3159243333334,6.106513380292724,down,-98.57761777884777,2023-09-12,434.3241048101555,440.43061819044823
KDP4306979,5.615827150943397,6.081589708171593,up,8.293748092833535,2023-09-12,-0.45577206631112865,5.625817641860464
KDP4306980,5.724721602387512,5.860199828339387,up,2.3665469757581463,2023-09-12,-0.10644049500605313,5.753759333333334
KDP4401475,5.413521076704546,6.071322975203045,up,12.15109148330743,2023-09-12,-0.5762419225714659,5.495081052631579
KDP4433679,5.621895257257567,6.172656205115917,up,9.79671307727314,2023-09-12,-0.302731189083854,5.869925016032063
KDP4433680,5.382143747363133,6.116680760012236,up,13.647666192657404,2023-09-12,-0.6953153991099805,5.421365360902255
KDP4843951,5.310491570418385,6.059984236984682,up,14.113432939829485,2023-09-12,-0.7370450280294571,5.3229392089552245
KDP4974643,5.428545397046465,6.075372893124364,up,11.915300486016408,2023-09-12,-0.6448352954681136,5.43053759765625
KDP4974647,5.687975,5.807542816624136,up,2.102115719990617,2023-09-12,-0.14877918129841294,5.658763635325723
KDP5141413,5.4321961666666665,6.01927760121374,up,10.807441714817923,2023-09-12,-0.550808548582161,5.468469052631579
KDP5141468,6.059065159827213,6.113266155253192,up,0.894543861078471,2023-09-12,-0.08058740062356318,6.032678754629629
KDP5394673,5.358010483362522,6.075810046659669,up,13.396755484634253,2023-09-12,-0.7085233762476841,5.367286670411985
KDP5394675,5.447220107438016,6.007757864728904,up,10.290345281357187,2023-09-12,-0.5513305368722943,5.45642732785661
KDP5394680,5.695638583333333,5.78480667198166,up,1.5655503301991787,2023-09-12,-0.08832769823165965,5.696478973750001
KEY4253316,7.39126,6.084422910208543,down,-17.680843182237627,2023-09-12,1.171882089791457,7.256305
KEY4625160,6.90366463243563,6.0706266617363225,down,-12.06660541975675,2023-09-12,0.7438057522764163,6.814432414012739
KEY4749643,6.909951260447562,6.100587953621224,down,-11.71301035738297,2023-09-12,0.7890592210737024,6.889647174694926
KEY4880707,6.884202668444443,6.042191195557358,down,-12.231067466195713,2023-09-12,0.8831627215042541,6.925353917061612
KEY4946900,6.789761003676471,6.066909901870348,down,-10.646193605558704,2023-09-12,0.7351786534441853,6.802088555314533
KEY5457478,7.294318010437548,6.77078546432507,down,-7.177265172197698,2023-09-12,0.5288024867723502,7.29958795109742
KEY5457480,7.451575,6.007875010688965,down,-19.37442741046068,2023-09-12,1.6641243226443683,7.671999333333333
KEY5530643,7.084482353240482,6.206921314803155,down,-12.387087647073125,2023-09-12,0.7373852756223771,6.944306590425532
KEY5530646,6.981357510440835,6.119221903741039,down,-12.349111263969021,2023-09-12,0.8167234225628581,6.935945326303897
KEYS4317108,5.987213204081631,6.0940981076295575,up,1.785219598912231,2023-09-12,-0.10514496558410347,5.988953142045454
KEYS4478985,5.50573125,6.065227485827982,up,10.162069494910094,2023-09-12,-0.46891938480309037,5.596308101024892
KEYS4895323,5.526461500000001,6.0354797186972045,up,9.21056301029517,2023-09-12,-0.45384538536387087,5.581634333333334
KIM4058257,7.857199684210526,6.10095626879561,down,-22.352027261623295,2023-09-12,2.1169567312043895,8.217913
KIM4225331,6.424679129963899,5.871510103468001,down,-8.610064647680012,2023-09-12,0.4465388965319992,6.318049
KIM4390159,6.008963306976746,6.072706232702537,up,1.060797386660398,2023-09-12,-0.05297163270253691,6.0197346000000005
KIM4392696,5.793902,6.0786420235359495,up,4.914477730827159,2023-09-12,-0.2289380235359495,5.849704
KIM4422289,6.2385703952802345,6.10481600117027,down,-2.1439911010887394,2023-09-12,0.12828199882973035,6.233098
KIM4475773,5.881244999999999,6.064773203479765,up,3.1205672179915362,2023-09-12,-0.3243085368130991,5.740464666666666
KIM4526762,6.220847570881226,5.839765930100587,down,-6.12587973645939,2023-09-12,0.4112746956304081,6.251040625730995
KIM4526763,6.100540134474327,6.095771065095353,down,-0.07817454313633634,2023-09-12,0.010113541646220803,6.105884606741574
KIM5258221,5.742174388888889,6.012718612428579,up,4.711529208572857,2023-09-12,-0.1267216124285797,5.885997
KIM5362693,5.903409926302414,6.01310443163119,up,1.858154976499867,2023-09-12,-0.12249639279623814,5.8906080388349515
KIM5461336,5.873211970880211,6.007780753398044,up,2.291229793595631,2023-09-12,-0.08513972423643956,5.922641029161604
KKPN3700356,6.132751385542168,6.027346117510843,down,-1.7187272303230021,2023-09-12,0.052159446125521036,6.079505563636364
KMB.AA,5.218196666666668,5.9150953826571016,up,13.355163871882297,2023-09-12,-0.6366402397999584,5.278455142857143
KMB4216969,5.400964,6.088348657556488,up,12.727073492000468,2023-09-12,-0.7411546575564882,5.347194
KMB4275583,5.225186081081081,6.098836851722776,up,16.71999345257649,2023-09-12,-0.9656748517227767,5.133162
KMB4336675,5.018969500000001,6.080609531527845,up,21.152549971221063,2023-09-12,-1.0578235315278457,5.022785999999999
KMB4756839,4.8141565,6.050751234427023,up,25.686633461687887,2023-09-12,-1.2288379487127372,4.8219132857142855
KMB4824926,4.813592250000002,6.043397328152908,up,25.548592699203088,2023-09-12,-1.173321328152908,4.870076
KMB4970493,4.979616385441528,6.036512913282514,up,21.224456786087835,2023-09-12,-1.0328436919710384,5.003669221311475
KMB5042722,4.950363005098325,6.067895894993621,up,22.574766511958032,2023-09-12,-1.088036629933379,4.979859265060242
KMB5292535,4.845752208791208,6.014402904459761,up,24.117013114050188,2023-09-12,-1.126479057685568,4.887923846774193
KMB5541147,4.96454978313253,5.999889646127706,up,20.854657687446874,2023-09-12,-1.0498496461277051,4.95004
KMI.GV,6.98178532,5.9691115994757435,down,-14.504509578994856,2023-09-12,0.717960218706077,6.6870718181818205
KMI3670102,6.75183376923077,5.952959162524408,down,-11.831964974418751,2023-09-12,0.35379750414225697,6.306756666666665
KMI3671066,6.364213272217026,5.9625255273887525,down,-6.311663793258493,2023-09-12,0.4221621072194912,6.384687634608244
KMI3674658,6.108110961762801,6.051639701377503,down,-0.9245290522521857,2023-09-12,0.04466059862249594,6.096300299999999
KMI3674661,6.0936722545156,6.025672864989766,down,-1.1159016547935363,2023-09-12,0.0650858016769007,6.090758666666667
KMI3674667,5.431317,6.0705822436990635,up,11.769985874495331,2023-09-12,-0.31653888655620666,5.754043357142857
KMI3676265,6.59093,5.929044127425755,down,-10.042374483938467,2023-09-12,0.5979462059075784,6.526990333333333
KMI3682915,6.690134333333333,5.919916117470222,down,-11.512746642851834,2023-09-12,0.7867773950297785,6.7066935125
KMI3689521,6.520216606557377,5.914844809458467,down,-9.284535064219927,2023-09-12,0.6789581905415334,6.593803
KMI3692468,6.086848544761905,6.030504626630824,down,-0.9256665040494201,2023-09-12,0.030738813534237686,6.061243440165062
KMI3692474,6.202906,6.013008644602749,down,-3.061425651094028,2023-09-12,0.2226541988456736,6.235662843448423
KMI3702669,6.276067330409356,6.000378449926328,down,-4.392701129053163,2023-09-12,0.28526695398246726,6.285645403908795
KMI3703603,5.76228,6.05027231125022,up,4.997888184021261,2023-09-12,-0.24263799571623856,5.807634315533981
KMI3703604,6.2273973333333315,6.0085776285696495,down,-3.5138227585448547,2023-09-12,0.3994126567773941,6.407990285347044
KMI3704059,6.399068833333333,6.010354670563376,down,-6.074542607591738,2023-09-12,0.41935882943662506,6.429713500000001
KMI3887870,6.533011482394367,5.903316019365802,down,-9.638670691541176,2023-09-12,0.6450477271633543,6.548363746529156
KMI3925883,6.504703134404057,5.911352121355399,down,-9.121876906424255,2023-09-12,0.6125948786446012,6.523947
KMI3971997,6.475780909090909,5.889717437709321,down,-9.050081829650114,2023-09-12,0.6201303404510332,6.5098477781603545
KMI4035394,5.890849282872928,6.122229746297617,up,3.9277946576804412,2023-09-12,0.004801626309157925,6.127031372606775
KMI4099297,6.612873,5.877534511294046,down,-11.119803581680058,2023-09-12,0.7484674887059537,6.626002
KMI4122287,5.937890784255465,6.635125978543835,up,11.742135711507427,2023-09-12,-0.4951056828044855,6.140020295739349
KMI4162459,5.87110331858407,6.101246925871594,up,3.919937953723966,2023-09-12,-0.07393506607010458,6.02731185980149
KMI4162461,6.61646822956811,7.553880186206246,up,14.167860014032385,2023-09-12,-0.9338551862062463,6.620025
KMI4188475,5.75056485198556,6.1011721450961245,up,6.096919209414818,2023-09-12,-0.30270588823827094,5.7984662568578536
KMI4188480,6.456569271880817,5.880858256739663,down,-8.916670617141042,2023-09-12,0.5475400937856465,6.42839835052531
KMI4215868,6.497290500000001,5.857393772654918,down,-9.8486704164618,2023-09-12,0.6225196172260352,6.479913389880953
KMI4602493,5.616807082408874,6.063583269819151,up,7.95427332388758,2023-09-12,-0.41553043697031367,5.648052832848838
KMI4602494,6.42961,5.832353438064194,down,-9.28915691520646,2023-09-12,0.6129018250937017,6.445255263157896
KMI5021854,5.701387934256055,6.0282301315328874,up,5.732677745238892,2023-09-12,-0.31628605115345554,5.711944080379432
KMI5021855,6.166338606217618,5.815831611760344,down,-5.684199601102869,2023-09-12,0.35285038823965653,6.168682
KMI5128065,6.186862366925063,5.80116262474758,down,-6.234173629583757,2023-09-12,0.4056902447197146,6.206852869467294
KMI5289820,5.487179201559455,6.08553558918433,up,10.90462632339076,2023-09-12,-0.5336645891843297,5.551871
KMI5451254,6.397594503703703,5.8015452579843885,down,-9.31677125479349,2023-09-12,0.5934342489129651,6.394979506897354
KMI5451255,5.9215040000000005,6.002644404977144,up,1.3702668270956806,2023-09-12,-0.07884097640571586,5.9238034285714285
KMI5532987,5.950198720548181,6.127086745246987,up,2.9728086910433342,2023-09-12,-0.15670459216903065,5.970382153077956
KMPR4214563,6.49088890909091,6.0930363750827246,down,-6.129399833834274,2023-09-12,0.27917609158394274,6.372212466666667
KMPR5362627,6.919095,6.146518392793272,down,-11.165862113567284,2023-09-12,0.7373626072067268,6.883880999999999
KMT4641178,5.680191999999999,6.054005096786963,up,6.5809940365917985,2023-09-12,-0.2669840967869632,5.787021
KO3669974,5.269514142857142,5.963259868230204,up,13.165269255675845,2023-09-12,-0.668028201563537,5.295231666666667
KO3669980,4.953860441176471,6.056738927493695,up,22.26301082586223,2023-09-12,-0.9994820703508376,5.057256857142858
KO4499433,4.830781970370371,6.069655892584533,up,25.64541164997309,2023-09-12,-1.2905143731040143,4.779141519480519
KO4880708,5.2780971312217195,6.09883811264816,up,15.54994084082844,2023-09-12,-0.5589905205128165,5.539847592135343
KO4880709,4.756655649513212,6.048330113168779,up,27.155097169746867,2023-09-12,-1.2556347016461453,4.792695411522634
KO4969566,4.586856,5.9225776129689445,up,29.12063541931433,2023-09-12,-0.9165031129689449,5.0060744999999995
KO4969568,4.849608430446197,6.080700289704989,up,25.385386818653387,2023-09-12,-1.2831284274578465,4.797571862247143
KO4969570,4.86425815892054,6.075274093056114,up,24.896210163407908,2023-09-12,-1.1946000312004452,4.880674061855669
KO4982889,5.099612255813954,5.9295990341463085,up,16.275487952757693,2023-09-12,-0.81492516860009,5.1146738655462185
KO4982890,5.013156990616623,5.811980432143235,up,15.934538715260866,2023-09-12,-0.8154534321432347,4.996527
KO4982990,4.759168345882354,6.069573057282798,up,27.53432146467797,2023-09-12,-1.321921456887801,4.747651600394997
KO4982991,4.90868492791411,6.039654519855362,up,23.040174884922685,2023-09-12,-1.1265399355180126,4.913114584337349
KO5045787,4.70353771875,6.067777714341085,up,29.00455098197113,2023-09-12,-1.3374331891270028,4.7303445252140826
KO5045788,4.925448015302066,6.0517295140278105,up,22.8665797553174,2023-09-12,-1.117545610436129,4.9341839035916815
KO5141472,4.876410445774121,6.031464409546555,up,23.686561593136595,2023-09-12,-1.172477640315785,4.8589867692307696
KO5141473,4.9920244,5.80404432123018,up,16.266345197154493,2023-09-12,-0.8157557981915744,4.988288523038606
KO5176954,4.772401266920474,6.041107257360526,up,26.584227089913597,2023-09-12,-1.2691286993400483,4.771978558020478
KO5177107,5.1059073999999995,5.910294849109551,up,15.754054785826153,2023-09-12,-0.8392022663757386,5.0710925827338125
KOCH3684180,5.741221736842106,6.084099294684025,up,5.9722054565778695,2023-09-12,-0.38201129468402506,5.702088
KOCH3684198,5.520183074611398,6.0927359502253005,up,10.371990708916986,2023-09-12,-0.6445247684071189,5.4482111818181815
KPME4489710,4.819132499999999,6.221542182302277,up,29.100874115876195,2023-09-12,-1.3956651823022774,4.825876999999999
KPME4489711,5.433014,5.843615277337083,up,7.557522902335294,2023-09-12,-0.42727661067041645,5.416338666666666
KPME4903203,5.375048,5.815769641186845,up,8.199399171632434,2023-09-12,-0.45786464118684567,5.357905
KPME5199902,5.458055333333333,5.912752984853831,up,8.330762950378617,2023-09-12,-0.4408709848538308,5.471882
KPME5199904,5.3814525,5.7989916058132875,up,7.75885517549932,2023-09-12,-0.4349208785405603,5.364070727272727
KR.GI,5.443192074074074,6.0510216811440865,up,11.166785937338227,2023-09-12,-0.6513643363165009,5.3996573448275855
KR.GK,5.22496,6.042519999232441,up,15.64720111220834,2023-09-12,-0.7348499992324413,5.30767
KR.GN,5.680683894736841,6.028523230226322,up,6.123194705689477,2023-09-12,-0.36654752520540246,5.66197570502092
KR.TB,6.044987225806451,5.924756712724899,down,-1.9889291505576674,2023-09-12,0.13092768727510062,6.0556844
KR3842776,6.059566857142857,5.90113487053465,down,-2.6145760966636145,2023-09-12,0.23274054110481224,6.133875411639462
KR4030994,6.117071999999999,5.887297522691525,down,-3.756282046516282,2023-09-12,0.2699474773084747,6.157245
KR4091964,5.744634363636364,6.1057723017434276,up,6.286526091078535,2023-09-12,-0.09871199857600654,6.007060303167421
KR4326476,5.524979177407676,6.097299786316808,up,10.358783092783794,2023-09-12,-0.47955368997362946,5.617746096343178
KR4408810,5.459624187287174,6.083881945557837,up,11.434079285608298,2023-09-12,-0.5928973794099788,5.4909845661478585
KR4445752,5.914109000000001,5.856917510411766,down,-0.9670347568540651,2023-09-12,0.050302788113881114,5.9072202985256475
KR4519632,5.335048632616488,6.068348192822829,up,13.744946123325338,2023-09-12,-0.718553279148268,5.349794913674561
KR4519633,5.931493,5.836517447115308,down,-1.6012082098839469,2023-09-12,0.16251955288469233,5.999037
KR4785909,5.39000444370861,6.066636031261608,up,12.553451386163239,2023-09-12,-0.6622030622236421,5.404432969037966
KR4933101,5.752392,5.817728681053455,up,1.1358176051537308,2023-09-12,-0.06223068105345497,5.755498
KR4978844,5.605218129441624,6.036753879732949,up,7.698821710874484,2023-09-12,-0.4166980403390097,5.620055839393939
KR5106837,5.614937,6.032215168383467,up,7.431573468829066,2023-09-12,-0.3860328054205038,5.646182362962963
KRC4150503,7.004495000000001,6.042839113654077,down,-13.729125173847992,2023-09-12,1.1169043646067918,7.159743478260869
KRC4287835,6.321138333333333,6.08639548046036,down,-3.7136167648016922,2023-09-12,0.4763515130036913,6.562746993464051
KRC4571039,6.248818971428571,6.095396097445506,down,-2.4552299352015106,2023-09-12,0.2717305692211607,6.367126666666667
KRC5265481,6.909024,5.996742530101899,down,-13.20420177868974,2023-09-12,0.989180469898101,6.985923
KRG4404861,7.238455268421053,6.087786657788049,down,-15.896604564968214,2023-09-12,1.1693540564976646,7.257140714285714
KRGC3701409,,no data prior to target date,N/A,N/A,,N/A,5.403096
KSS.GG,11.453508074074074,6.009438886956677,down,-47.53189286556213,2023-09-12,5.221905765217234,11.231344652173911
KSS4048497,5.585285813953489,6.107621724647512,up,9.351999666500364,2023-09-12,-0.9637893913141786,5.143832333333333
KSS4268838,9.861543101253616,5.93393307437483,down,-39.827540036604425,2023-09-12,4.057693100282708,9.991626174657538
KSS4268840,8.206450189509306,6.118620660821398,down,-25.441323355095474,2023-09-12,1.8242780692852465,7.942898730106645
KSS4981437,7.536932999999999,6.093629162861602,down,-19.14975013229383,2023-09-12,3.3282218371383996,9.421851000000002
KSS5159081,10.107912949545597,6.095322587698689,down,-39.69751601419652,2023-09-12,4.105170331493229,10.200492919191918
KTBK3667631,,no data prior to target date,N/A,N/A,,N/A,6.417514
KW5121856,9.318079727272728,6.049657206813809,down,-35.07613817568763,2023-09-12,3.29834602574433,9.348003232558138
KW5237352,9.520085347334412,6.048515317766795,down,-36.46574482170628,2023-09-12,3.4800125659541363,9.528527883720932
KYND5465420,6.495443681757656,6.079396251322387,down,-6.405219578821561,2023-09-12,0.42599493711182035,6.505391188434207
KYND5465421,6.559091,6.0527967782434855,down,-7.718969316884216,2023-09-12,0.5204074666544747,6.57320424489796
KYND5465422,7.2896660970735185,5.914747006713187,down,-18.861208072511054,2023-09-12,1.38732476058241,7.302071767295597
KYND5466240,6.787461976763908,6.052133406931937,down,-10.833630779064165,2023-09-12,0.7408460564826971,6.792979463414634
L3668884,6.511738582417583,6.110094462144214,down,-6.168001297807821,2023-09-12,0.44530965550284485,6.5554041176470585
L3707251,5.728724660056657,5.988156683582471,up,4.528617430938771,2023-09-12,-0.2518189816657488,5.736337701916722
L4002614,5.774290999999999,5.889875986284137,up,2.00171737593651,2023-09-12,-0.1305769862841366,5.759299
L4100896,5.926999880547582,6.178470078918397,up,4.242790677221719,2023-09-12,-0.2554670789183975,5.923003
L4186430,6.188770036187114,6.134004690834859,down,-0.8849148543576482,2023-09-12,0.1369374714292917,6.27094216226415
L4337418,5.781829028571429,6.084469333775214,up,5.2343350816542795,2023-09-12,-0.42990257067248905,5.654566763102725
L4345458,5.473894,6.082140493254645,up,11.111769669903097,2023-09-12,-0.5604601889068181,5.521680304347827
L4363104,5.932353000000001,6.080426066079426,up,2.4960258784233624,2023-09-12,-0.09544881607942468,5.984977250000001
L4442479,5.977790058823531,6.068362478094139,up,1.5151488824355532,2023-09-12,-0.009457662627115226,6.058904815467024
L4528378,5.453827,6.067050311315548,up,11.243908384251043,2023-09-12,-0.5449733113155473,5.522077
L4829643,5.53596,6.047224935659404,up,9.23534374633133,2023-09-12,-0.574379810659404,5.472845125
L4984904,5.384547,6.036027270934893,up,12.09907297558908,2023-09-12,-0.641062270934893,5.394965
L5025786,6.0116338558951945,6.034787120772296,up,0.38514096886317406,2023-09-12,-0.03477312077229566,6.000014
L5029297,5.694959333333333,6.041178755872589,up,6.079401138350341,2023-09-12,-0.3111857558725877,5.729993000000001
L5359356,6.042091975283901,6.018247183870023,down,-0.3946446282416541,2023-09-12,0.017969779492045035,6.036216963362068
L5589365,5.969190708333333,6.002441199805567,up,0.5570351676955915,2023-09-12,-0.055238085254482705,5.947203114551084
LAMR5049829,6.619281337423313,6.054341577870133,down,-8.534759753437134,2023-09-12,0.518943900802852,6.573285478672985
LAMR5049830,6.53367627095077,6.053430709778733,down,-7.350311543705429,2023-09-12,0.5064413095025984,6.559872019281332
LAMR5049831,6.294361309455587,6.066909700252773,down,-3.613577264163862,2023-09-12,0.2859864664138918,6.352896166666665
LAZ4211690,6.102153276595744,6.096936344456442,down,-0.08549329888697985,2023-09-12,0.07962711008901202,6.176563454545454
LAZ4422287,5.971557451612904,6.073557221909016,up,1.7080932591306077,2023-09-12,0.05246755586876173,6.126024777777777
LAZ4688156,5.86867025,6.054910005959796,up,3.1734574959258564,2023-09-12,-0.18752450595979653,5.867385499999999
LAZ4806227,5.853866427553446,6.053952211451948,up,3.418010751948873,2023-09-12,-0.17496538626857383,5.878986825183374
LCIN5305873,4.012758,6.082916672515587,up,51.589422350303394,2023-09-12,-2.455832172515587,3.6270845
LEA4531184,5.737040260223047,6.08102800430272,up,5.995909536571721,2023-09-12,-0.30871252056288156,5.772315483739838
LEA4828053,6.5107412,5.823352634171402,down,-10.557762084424391,2023-09-12,0.6350872749195062,6.458439909090909
LEA4954976,6.007476,6.0368636502782715,up,0.4891846472340788,2023-09-12,-0.049845457507186275,5.987018192771085
LEA5296973,6.052243926229509,6.020132388594159,down,-0.5305724294452753,2023-09-12,0.13590461140584154,6.156037
LEA5296974,6.284947564268619,5.832664226665802,down,-7.19629452716762,2023-09-12,0.48732129480659037,6.319985521472392
LEG4181819,6.043811255813954,6.103742092128721,up,0.9916066829041973,2023-09-12,-0.07828336632227284,6.025458725806448
LEG4565902,5.698206545454545,6.06581026135094,up,6.4512178167643235,2023-09-12,-0.2967602613509399,5.76905
LEG4805629,5.736175333333333,6.0498026886567295,up,5.467534325544155,2023-09-12,-0.25464273174063035,5.795159956916099
LEG5303785,5.85794448948949,5.80243771720035,down,-0.9475469149414372,2023-09-12,0.14209178279965062,5.944529500000001
LEN4236131,5.923946609929079,6.096851612409182,up,2.9187468062304722,2023-09-12,-0.11605461240918213,5.980797
LEN4307013,5.991296190114069,6.112913687330556,up,2.029902935147189,2023-09-12,-0.25717309821235457,5.855740589118201
LEN4486594,5.7570759980579265,6.5703368431658875,up,14.126282949578986,2023-09-12,-0.39305384316588743,6.177283
LEN4565997,5.606887054292103,6.88362616419512,up,22.770908305093585,2023-09-12,-1.2861483237547597,5.5974778404403605
LEN4633905,5.466112210526315,6.0818692126075256,up,11.26499014958789,2023-09-12,-0.7790246126075262,5.302844599999999
LEN4633910,5.526076,6.071104464666848,up,9.86284779049091,2023-09-12,-0.5796358508963548,5.491468613770493
LH4066141,6.356831103448275,6.113951165085811,down,-3.820770670322101,2023-09-12,0.28568739305372404,6.399638558139535
LH4204170,5.902471303571428,6.0988402268520385,up,3.326893316055482,2023-09-12,-0.2471796304180316,5.851660596434007
LH4204171,6.028563,5.879983659670009,down,-2.4645896597579147,2023-09-12,0.15878729054336382,6.038770950213372
LH4531787,5.202256094405594,6.076734917183568,up,16.80960734936468,2023-09-12,-0.9017088172456429,5.175026099937925
LH4531791,6.099073134328359,6.101202711535185,up,0.034916407131440244,2023-09-12,-0.11984941812201111,5.981353293413174
LH4914050,5.911971791714614,6.102920872550322,up,3.2298713113502164,2023-09-12,-0.1611900756753215,5.941730796875
LH4914052,5.443063090909091,6.042363434193961,up,11.01035084979651,2023-09-12,-0.6202132034247292,5.4221502307692315
LH5184369,5.636725,6.081411468737205,up,7.889092846239697,2023-09-12,-0.47662646873720504,5.604785
LH5184371,5.486379599999999,6.025395555468872,up,9.82462014602258,2023-09-12,-0.48832255546887193,5.537073
LHX4126069,6.801392999999999,6.103800133272128,down,-10.256617530083487,2023-09-12,0.6063038667278713,6.710103999999999
LHX4236729,5.543135,6.094158339848757,up,9.940644415998472,2023-09-12,-0.3864977244641432,5.707660615384614
LHX4637036,5.481986546191248,6.069084157922075,up,10.709577755872607,2023-09-12,-0.5722233835631005,5.496860774358974
LHX4912205,5.510696499999999,6.043415229673464,up,9.666994538230602,2023-09-12,-0.49669437134013084,5.546720858333333
LHX4974464,5.548792625,6.1047034594501515,up,10.018590926348622,2023-09-12,-0.6193754594501515,5.485328
LHX4974551,5.516467095890412,6.081393712438977,up,10.240732097711916,2023-09-12,-0.5491893675484674,5.53220434489051
LHX4974552,5.436682475409836,6.062288474557525,up,11.507127774655054,2023-09-12,-0.5932290138432386,5.469059460714287
LHX5625701,5.451503356531283,6.100279480057541,up,11.900866258276778,2023-09-12,-0.5849942609971386,5.515285219060402
LHX5625702,5.565660519167629,6.127364070256353,up,10.092307088336911,2023-09-12,-0.5383004342556772,5.589063636000676
LHX5625974,5.65901462687005,5.79608684891341,up,2.4221923971094763,2023-09-12,-0.1357637245225609,5.660323124390849
LII4419399,6.456556404624277,6.116319942628343,down,-5.269627347362005,2023-09-12,1.0402783907049908,7.156598333333334
LII5018884,5.787705706666665,6.093446675326576,up,5.282593555296682,2023-09-12,-0.23862491342181347,5.854821761904763
LII5018885,5.399023,6.074542084297245,up,12.511876394993044,2023-09-12,-0.5686090842972451,5.505933
LITEV4611720,0.190675,6.112526497005801,up,3105.73042979195,2023-09-12,-4.983601139862944,1.128925357142857
LITEV5098093,5.3214315,6.165472682393195,up,15.861167852920676,2023-09-12,-0.7335809807167539,5.431891701676441
LITEV5559200,6.774224,6.060966850185677,down,-10.528986786004172,2023-09-12,0.7893554235962252,6.850322273781902
LLY.GE,4.89089,6.093716760015964,up,24.593208189429,2023-09-12,-1.0830890292467314,5.010627730769232
LLY.GV,4.632544973333332,6.079784665647353,up,31.240704637405052,2023-09-12,-1.3683359651265192,4.711448700520834
LLY4104766,6.052160185089973,5.893692592227132,down,-2.6183641545582383,2023-09-12,0.23040812720860426,6.124100719435736
LLY4104773,6.045690247978437,6.1114611781241805,up,1.0878977825193035,2023-09-12,-0.4039731206529167,5.707488057471264
LLY4217063,5.304795,6.093951028987959,up,14.876277575061032,2023-09-12,-0.8518330289879597,5.242118
LLY4597076,5.2519746666666665,6.0634720166219225,up,15.451280736475805,2023-09-12,-0.7965840166219227,5.266888
LLY4773885,5.221679285714285,6.049989404804924,up,15.862906811545635,2023-09-12,-0.7956464048049234,5.254343
LLY4800389,4.855574714978775,6.069804215891666,up,25.006916218736404,2023-09-12,-1.186916061104557,4.882888154787109
LLY4841184,6.985521451612904,6.060161588455102,down,-13.246825875026738,2023-09-12,0.9378486103684267,6.998010198823529
LLY5089144,5.529967789605851,6.139525251582388,up,11.022803118713698,2023-09-12,-0.5951549547501616,5.544370296832226
LLY5237191,5.290767782881002,6.085912490730303,up,15.02890961160874,2023-09-12,-0.7540234907303027,5.331889
LLY5541150,5.53584385902031,6.118885667813299,up,10.532121635673644,2023-09-12,-0.541730232950913,5.5771554348623855
LLY5546986,4.921950213005805,6.073657493118595,up,23.39940938592813,2023-09-12,-1.1605294900502132,4.9131280030683815
LLY5547404,5.129932106075216,5.78862775479668,up,12.840241061697316,2023-09-12,-0.6552434133962279,5.133384341400452
LLY5547405,5.219853723934427,5.687694891624844,up,8.96272563242989,2023-09-12,-0.4858790055488944,5.201815886075949
LLY5547406,5.042908809505558,6.1004987566686175,up,20.97182374524739,2023-09-12,-0.9810869358130034,5.119411820855614
LLY5600583,5.276113284866469,6.068670331950254,up,15.021607844491985,2023-09-12,-0.7459506334822885,5.322719698467965
LLY5600584,5.370551999999999,6.005979005925535,up,11.831688919975743,2023-09-12,-0.5955144976311919,5.410464508294343
LM5257495,8.731582,6.104035258250394,down,-30.09244764293121,2023-09-12,3.6095974957496066,9.713632754
LMCA4191218,47.388449,6.112692450970949,down,-87.10088095313914,2023-09-12,74.20882854902905,80.321521
LMCA5642651,2.2426367897727273,6.148340233313368,up,174.15675428817215,2023-09-12,-4.133172943565323,2.015167289748045
LMT.GN,5.021791333333335,6.0852335341928905,up,21.17655096102272,2023-09-12,-1.2971709341928905,4.7880626
LMT.GQ,5.167041,6.044915902212339,up,16.989896194211326,2023-09-12,-0.8904229022123404,5.154492999999999
LMT.GY,,no data prior to target date,N/A,N/A,,N/A,5.405481000000001
LMT.HH,5.306023555555556,5.969155559699074,up,12.497720698001814,2023-09-12,-0.6208458271409354,5.348309732558139
LMT4002344,5.2930965019011404,5.964009791797157,up,12.675251427119113,2023-09-12,-0.671625962009923,5.292383829787234
LMT4212512,5.107112649006623,5.9870658674384165,up,17.22995514114911,2023-09-12,-0.8498841980237426,5.137181669414674
LMT4212515,5.375200962474645,5.884186239142803,up,9.469139483741834,2023-09-12,-0.498174239142803,5.386012
LMT4311608,5.113115219538969,5.992160614182221,up,17.19197312988602,2023-09-12,-0.8101969091648087,5.181963705017412
LMT4311615,5.2813137007299265,5.874933040541446,up,11.239993938051361,2023-09-12,-0.5279210405414458,5.347012
LMT4311617,5.148312914147909,6.122640740143384,up,18.925186604682807,2023-09-12,-0.9501663776224678,5.172474362520917
LMT4549067,5.276052000000001,5.789818476146659,up,9.737706833569087,2023-09-12,-0.5188194761466587,5.270999000000001
LMT4988808,4.999959508474577,6.038762452182224,up,20.77622712637873,2023-09-12,-1.0323358271822238,5.0064266250000005
LMT4988881,5.157217103448276,5.814213619303115,up,12.739361222849254,2023-09-12,-0.6152106193031148,5.199003
LMT5402219,5.324957161290323,5.797687813250315,up,8.87764234793284,2023-09-12,-0.47545679663723917,5.322231016613076
LMT5402220,5.342817509252913,5.720036002356467,up,7.060291549360835,2023-09-12,-0.3659632356898008,5.3540727666666665
LMT5402229,5.066746511250654,6.02678382174883,up,18.947806217785406,2023-09-12,-0.9434008089118588,5.083383012836971
LMT5492501,5.094420743139068,6.027683309811417,up,18.319306820686617,2023-09-12,-0.898467179226512,5.129216130584905
LMT5492502,5.027131665382641,6.089365014695079,up,21.130008522097967,2023-09-12,-1.046413554844972,5.042951459850107
LMT5492511,5.33362,5.771705960541954,up,8.213670275384345,2023-09-12,-0.38312713941519316,5.388578821126761
LMT5492512,5.457235319573901,5.76854227704663,up,5.704481101559598,2023-09-12,-0.29555127704662976,5.472991
LMT5492513,5.157384052547772,6.098113948739554,up,18.240446835194625,2023-09-12,-0.904766107994984,5.19334784074457
LMT5592047,5.007086015030531,6.074050045703387,up,21.309081319353968,2023-09-12,-1.0748844567066227,4.999165588996764
LMT5592156,5.109750828541,6.008095738266042,up,17.58099249590118,2023-09-12,-0.8942521667861572,5.113843571479885
LMT5592253,5.377545,5.762003136261443,up,7.149324389873882,2023-09-12,-0.3942804506486546,5.367722685612788
LNAGF3926293,5.421429,5.900159688356144,up,8.830341379664738,2023-09-12,-0.42552868835614444,5.474631
LNAGF4207581,5.549141373177842,6.100927674705387,up,9.943633878110264,2023-09-12,-0.525557778011172,5.575369896694215
LNAGF4291228,5.035643,6.0887189721878645,up,20.912443002569166,2023-09-12,-0.9518892029570951,5.136829769230769
LNAGF5025293,4.782351803418804,6.040468844526679,up,26.307496663220675,2023-09-12,-1.1846878322817815,4.855781012244898
LNC.GP,6.3752768571428575,5.965162753480615,down,-6.432883039467545,2023-09-12,0.418865950628974,6.384028704109589
LNC.GT,6.645036666666665,5.935671843203103,down,-10.675107739012661,2023-09-12,0.6812126064863371,6.61688444968944
LNC4219314,6.170334896236012,6.109249918891203,down,-0.9899783135283539,2023-09-12,0.068799969997686,6.178049888888889
LNC4433668,5.877271875,6.080689937131165,up,3.4610966866521755,2023-09-12,-0.14876253053775912,5.931927406593406
LNC4597119,5.937696328767123,6.068168197656935,up,2.197348292429484,2023-09-12,-0.058927489828930035,6.009240707828005
LNC4597122,6.699217666666667,5.841650260159153,down,-12.801008254658095,2023-09-12,0.8736234362694191,6.715273696428572
LNC4871523,6.220993579634072,6.118423326740995,down,-1.648776060931259,2023-09-12,0.09356708010311099,6.211990406844106
LNC4986192,6.282581063221628,6.07241858653308,down,-3.3451614006040367,2023-09-12,0.2090527815712333,6.281471368104313
LNC5368576,6.431341443682664,6.048703004373334,down,-5.949589874211779,2023-09-12,0.30712339562666546,6.3558264
LNDN5508026,5.267585179763186,6.106618752744066,up,15.928239304116968,2023-09-12,-0.8127731295641007,5.2938456231799655
LNDN5508027,5.13298,6.0941195570656985,up,18.72478671387184,2023-09-12,-0.9332644621874451,5.1608550948782534
LNT.HE,6.019022,5.938292050789579,down,-1.341246953581833,2023-09-12,0.03210528254375422,5.970397333333334
LNT4185305,5.767169291390729,6.111845064431374,up,5.976515611483416,2023-09-12,-0.41719185231016187,5.694653212121212
LNT4403303,6.036943666666667,5.862680025217231,down,-2.8866203011242657,2023-09-12,0.21767697478276915,6.080357
LNT4847639,5.225105,6.055397082608371,up,15.890438232501946,2023-09-12,-0.8331059816694033,5.222291100938968
LNT4993552,5.680023,6.040290555895775,up,6.342712976616029,2023-09-12,-0.4090445558957754,5.631246
LNT5459634,5.375925,6.0152646706969115,up,11.892644906633034,2023-09-12,-0.663736464865007,5.3515282058319045
LNT5562215,5.511074236641221,6.0379388574030335,up,9.560107487917188,2023-09-12,-0.5829585835176836,5.45498027388535
LOPE5315680,8.772979666666668,6.10415952092323,down,-30.42090882626504,2023-09-12,3.074714590187882,9.178874111111112
LOPE5315682,7.1460204,6.059498304848673,down,-15.204575894456266,2023-09-12,1.4168250701513259,7.476323374999999
LOW.GC,5.0400474,6.056414842777818,up,20.16583103519659,2023-09-12,-1.0023848427778184,5.05403
LOW.GY,5.206557,6.072530058086857,up,16.632355279829962,2023-09-12,-0.8137059304272816,5.258824127659575
LOW.HB,5.601409545454546,5.982335425671855,up,6.800536135166629,2023-09-12,-0.3940507590051885,5.588284666666667
LOW.HG,6.273147,5.9591302434405895,down,-5.005729286423708,2023-09-12,0.2736406353472889,6.232770878787878
LOW4161059,5.639167395833333,6.108263370422011,up,8.318532536120209,2023-09-12,-0.4000633439834429,5.708200026438568
LOW4287845,5.544703806691449,6.096870226397003,up,9.958447537615807,2023-09-12,-0.4721937888030183,5.624676437593985
LOW4353015,5.822998363636364,5.863825043595238,up,0.7011281372467801,2023-09-12,-0.005985401916078104,5.85783964167916
LOW4353018,5.366214448884758,6.099474797888266,up,13.664387735303782,2023-09-12,-0.6846655935214532,5.414809204366813
LOW4486452,5.323459249656437,6.0879140254328625,up,14.360113225733098,2023-09-12,-0.7297401950020657,5.358173830430797
LOW4486453,5.855623264554163,5.8588795485921406,up,0.05560952081205033,2023-09-12,0.02481845140785932,5.883698
LOW4817954,5.317464377076413,6.060913077519043,up,13.98126339402737,2023-09-12,-0.7188824092459498,5.342030668273093
LOW4817956,5.873935,5.830325659468048,down,-0.7424212309457284,2023-09-12,0.12014984053195121,5.9504755
LOW4970506,5.5303998,6.10621305431244,up,10.411783508173144,2023-09-12,-0.5392246318525471,5.566988422459893
LOW4970507,5.315487594843463,6.045800865027977,up,13.73934671379892,2023-09-12,-0.706316437384193,5.339484427643784
LOW4970508,5.871508999999999,5.9311177663104,up,1.0152205559150416,2023-09-12,-0.12926301631039916,5.801854750000001
LOW4970509,5.908942999999999,5.8189400446627415,down,-1.5231650624698436,2023-09-12,0.04288073185241004,5.8618207765151515
LOW5059265,5.21708035895676,6.073439184795484,up,16.414522432427468,2023-09-12,-0.8258102806858956,5.247628904109589
LOW5059266,5.36663838271605,6.037733883545991,up,12.504951013492743,2023-09-12,-0.6404378323832001,5.397296051162791
LOW5059267,5.805011,5.817514303215377,up,0.21538810547261597,2023-09-12,-0.01142370199798659,5.806090601217391
LOW5159086,5.407444387288387,6.050996224589541,up,11.901219711366632,2023-09-12,-0.6274968498441256,5.423499374745416
LOW5159087,5.87129,5.808108171484517,down,-1.0761149341198106,2023-09-12,0.05406749868171268,5.86217567016623
LOW5258171,5.248860139058413,6.073584529671028,up,15.712447441218375,2023-09-12,-0.7952823296710285,5.2783022
LOW5258172,5.694174640587101,6.0047356060287,up,5.454011951582481,2023-09-12,-0.29358982204489337,5.711145783983807
LOW5384540,5.340761724118738,6.107324538124513,up,14.353061484544385,2023-09-12,-0.7585445044048091,5.348780033719704
LOW5384541,5.447690070743179,6.110183528428256,up,12.160997580295513,2023-09-12,-0.6655727500949249,5.444610778333331
LOW5384542,5.874613991054273,5.97403504599189,up,1.6923844713714424,2023-09-12,-0.12332550555611999,5.85070954043577
LOW5384543,6.042654379157428,5.689553469556983,down,-5.843473537364231,2023-09-12,0.33133037885377625,6.020883848410759
LOW5472118,5.456173140975821,6.120740855112228,up,12.180106770173916,2023-09-12,-0.6539155639536913,5.466825291158536
LOW5472119,5.4740822208642514,6.035199933588874,up,10.250443637582652,2023-09-12,-0.5555567570702147,5.4796431765186595
LOW5472120,5.9201903216921785,5.8979509856186105,down,-0.3756523838782817,2023-09-12,0.04587103525042924,5.94382202086904
LOW5472121,6.13267421464108,5.695239554052597,down,-7.132853389540184,2023-09-12,0.42809530477093194,6.123334858823529
LOW5563995,5.434054172151899,6.0975298489579,up,12.209588932810796,2023-09-12,-0.6093042255469365,5.488225623410964
LOW5563996,5.474894847519261,6.0980098999296555,up,11.3813154364551,2023-09-12,-0.5962871647641936,5.501722735165462
LOW5563997,5.897242910958904,5.787032636709483,down,-1.8688440668539537,2023-09-12,0.14406776182127867,5.931100398530762
LOW5563998,6.128017,5.674802073651186,down,-7.395784416864602,2023-09-12,0.4439759107846113,6.1187779844357975
LPI4936036,7.535966122844827,6.11275854031054,down,-18.88553583355317,2023-09-12,1.013088995363299,7.125847535673839
LPI4936037,9.51452132346723,6.074064211700701,down,-36.160065176171955,2023-09-12,3.289084725362235,9.363148937062936
LRCX4180384,5.668926245614035,6.106673962027967,up,7.721880607506783,2023-09-12,-0.4363959785568925,5.670277983471075
LRCX4180394,5.58264,5.993247735206258,up,7.355081739217615,2023-09-12,-0.3826598031847901,5.610587932021468
LRCX4219917,5.438044263157895,6.105929185757758,up,12.281711775034717,2023-09-12,-0.5871065877185426,5.518822598039216
LRCX4803602,5.172127,6.089860459743549,up,17.743830724642866,2023-09-12,-0.8498354597435487,5.240025
LRCX4803606,5.491233,5.8315436145634205,up,6.1973442861270005,2023-09-12,-0.3970617698145622,5.434481844748858
LRCX4803609,4.970105658573596,6.074332429528133,up,22.217370148856087,2023-09-12,-1.1068800560713425,4.967452373456791
LRCX4808737,5.077257514608679,6.172587340739904,up,21.5732572748114,2023-09-12,-1.1043611205465629,5.068226220193341
LRCX4808738,5.585114,5.834034186341095,up,4.456850591430999,2023-09-12,-0.25257986289096124,5.581454323450134
LRCX4983304,5.088014333333334,6.044534760677045,up,18.799483741176143,2023-09-12,-0.9246062825818075,5.119928478095238
LRCX4983308,5.334823257547751,5.826666936639685,up,9.219493418007234,2023-09-12,-0.49003860330635174,5.3366283333333335
LRCX5433551,5.09901387535954,6.03039357126283,up,18.265878828141396,2023-09-12,-0.9129017999591156,5.1174917713037145
LRCX5433552,5.497522702312776,5.8450425486103486,up,6.321389926254839,2023-09-12,-0.35120156702655425,5.493840981583794
LRCX5433553,5.610159142857143,5.683120433158818,up,1.300520866588408,2023-09-12,-0.09988864201957703,5.583231791139241
LTD.GE,8.182311575757575,6.017371587210712,down,-26.45878207524037,2023-09-12,2.2188174127892877,8.236189
LTD4343119,7.940448707859614,6.140161754973391,down,-22.672357937458408,2023-09-12,1.8096049303003987,7.94976668527379
LTD4373523,7.909827579049467,5.9975565548792575,down,-24.175887591218633,2023-09-12,1.9390171725360492,7.936573727415307
LTD4585150,6.485477650562542,6.10273753134734,down,-5.901494690711083,2023-09-12,0.47756646865266017,6.580304
LTD4761077,6.777264621722846,6.082238080672489,down,-10.255266392028153,2023-09-12,0.6316270993036728,6.713865179976162
LTD4843277,7.337075578358209,6.056674456540922,down,-17.45110988898656,2023-09-12,1.2157746853275908,7.272449141868512
LTHM5213058,40.815026,6.09759419987617,down,-85.06041819040819,2023-09-12,32.94070980012383,39.038304
LUK3667688,6.165396632341724,6.0018224626211385,down,-2.653100513639743,2023-09-12,0.17768755473662345,6.179510017357762
LUK3670933,5.941016539682539,6.08173759516852,up,2.3686359825132,2023-09-12,-0.20473346690765037,5.87700412826087
LUK3956115,6.5524336764705895,5.909746970508627,down,-9.808366443598091,2023-09-12,0.5401457013909026,6.44989267189953
LUK4061266,7.237703438990183,6.149225334502669,down,-15.038998401395961,2023-09-12,0.3798304876943863,6.529055822197055
LUK4062606,6.74370475,5.893235025743528,down,-12.611313154782941,2023-09-12,0.9898039742564722,6.883039
LUK4443366,5.9266984289977644,6.14840532761343,up,3.740816261730351,2023-09-12,-0.18551399412014824,5.962891333493282
LUK4588290,6.108872567436209,6.051764022352356,down,-0.9348459057449384,2023-09-12,0.05799271465070266,6.1097567370030585
LUK4798205,,no data prior to target date,N/A,N/A,,N/A,7.24748263888889
LUK4865003,7.310561599999999,5.963361593884855,down,-18.42813288263851,2023-09-12,1.6616084061151453,7.62497
LUK4877352,7.234318333333333,5.995769989781038,down,-17.120456779534802,2023-09-12,1.379892343552295,7.375662333333333
LUK4877354,7.208214,5.939790378814779,down,-17.596919586255638,2023-09-12,1.497651301185222,7.437441680000001
LUK4943737,7.248443999999999,5.991338153305576,down,-17.343113179800014,2023-09-12,1.2116509236175013,7.202989076923077
LUK4958504,7.470494333333334,5.934526160710062,down,-20.560462321345778,2023-09-12,1.5405318392899376,7.475058
LUK4999449,8.49602,5.987315666819216,down,-29.527994674927605,2023-09-12,1.5141573331807852,7.501473000000001
LUK5023627,8.118934,5.929618192070386,down,-26.96555739866359,2023-09-12,1.7318188079296153,7.661437000000001
LUK5045670,,no data prior to target date,N/A,N/A,,N/A,7.709868142857143
LUK5055757,6.036214,6.038545418048365,up,0.03862384680802694,2023-09-12,0.06400373925500613,6.102549157303371
LUK5120797,7.601358636363637,5.925283394393621,down,-22.04967982897097,2023-09-12,1.9212453198920922,7.846528714285713
LUK5210219,,no data prior to target date,N/A,N/A,,N/A,7.638008
LUK5275434,6.088460715288612,6.035722377500811,down,-0.8662014958127401,2023-09-12,0.07226435406870824,6.107986731569519
LUK5429638,6.945417,6.0772597732152045,down,-12.49971350582399,2023-09-12,0.7010962267847951,6.778356
LUK5619977,6.089565693683213,6.141799317341057,up,0.8577561403439068,2023-09-12,-0.057165936638819304,6.084633380702238
LUK5624938,6.4592435,6.087250520099271,down,-5.759079680162686,2023-09-12,-0.07238752009927119,6.014863
LUK5635413,5.9926441314554,6.099024787411095,up,1.7751872732990004,2023-09-12,-0.09848753286564182,6.000537254545454
LUV.GG,6.075123833333334,6.083084048832405,up,0.13102968297360815,2023-09-12,0.10518190519058468,6.18826595402299
LUV4422286,5.461193333333334,6.085629453822874,up,11.434059964114198,2023-09-12,-0.5476625481624975,5.537966905660377
LUV4565970,5.490535,6.073579938269676,up,10.619091550635327,2023-09-12,-0.49021533620545554,5.58336460206422
LUV4947535,5.644721737704917,6.049376696172851,up,7.168731733310589,2023-09-12,-0.3687149573193489,5.680661738853502
LUV4982569,0.1430956005338078,6.164142940508829,up,4207.709613373115,2023-09-12,-5.971600524216843,0.1925424162919862
LUV4982971,5.8424843474088295,6.110028056756973,up,4.579279865196397,2023-09-12,-0.20446038283604384,5.905567673920929
LUV4997739,5.664897893436295,6.084844562811055,up,7.4131374876383385,2023-09-12,-0.4213373117867105,5.6635072510243445
LVS4663043,7.002068701771653,6.1044682100644,down,-12.8190757608554,2023-09-12,0.9375140399356008,7.041982250000001
LVS4865814,6.3982396884859645,6.551427340087159,up,2.394215582089948,2023-09-12,-0.11710020680451017,6.434327133282649
LVS4866239,6.736761289126916,6.39966326587881,down,-5.003858809606028,2023-09-12,0.36613609008096404,6.765799355959774
LVS4866241,6.185148915714648,6.175010697932004,down,-0.16391226663735878,2023-09-12,0.04492560573191273,6.219936303663917
LVS4916116,6.339917135416668,6.10419436839307,down,-3.718073312138101,2023-09-12,0.32709621990158055,6.431290588294651
LVS5124615,7.109546999999999,6.097144843342721,down,-14.24003746873434,2023-09-12,1.144348156657279,7.241493
LVS5127959,6.937462850389609,6.0654653652774995,down,-12.569400426600316,2023-09-12,0.9504206347225006,7.015886
LVS5256227,6.694607999999999,6.037944969793635,down,-9.808834665246476,2023-09-12,0.7066351566731184,6.7445801264667535
LVS5443107,6.704519,6.105538906937417,down,-8.93397562245082,2023-09-12,0.6612500448185248,6.766788951755942
LVS5443110,6.706644,6.059762285747489,down,-9.645386190954984,2023-09-12,0.6924717142525108,6.752234
LWIV4860752,6.487198,6.101962919843807,down,-5.938389427241059,2023-09-12,0.2541946801561936,6.3561576
LXP5031119,6.5850275,6.046021014627184,down,-8.185333855823918,2023-09-12,0.5358254853728148,6.581846499999999
LYB4891419,6.326172,5.827669175811134,down,-7.880007438761795,2023-09-12,0.5047958241888661,6.332465
LYB4977234,6.280872,6.054291257776526,down,-3.607472692063668,2023-09-12,0.22603774222347361,6.280329
LYB4977235,6.3350806,5.855131357781336,down,-7.576055815590794,2023-09-12,0.4600974604004824,6.315228818181819
LYB5058418,5.589019,6.041626328682959,up,8.098153337516987,2023-09-12,-0.441560328682959,5.600066
LYB5589417,5.869151977485928,6.05970407598303,up,3.2466717377239407,2023-09-12,-0.18155008346432666,5.878153992518703
LYFT5199673,6.577928818181818,6.102065969835047,down,-7.234235296548911,2023-09-12,1.107530280164954,7.209596250000001
LYG3965324,,no data prior to target date,N/A,N/A,,N/A,6.445498250000001
LYG3995702,6.240845666666667,6.071320552568234,down,-2.716380489969384,2023-09-12,-0.3948345525682333,5.676486000000001
LYG4180010,6.306094333333333,6.124744443122144,down,-2.8757877796498104,2023-09-12,0.3978526948088881,6.522597137931032
LYG4345606,6.222955008264463,6.200562093361263,down,-0.3598437538670975,2023-09-12,0.06883663184079314,6.269398725202056
LYG4424448,6.511626000000001,5.873768024388704,down,-9.795678922765173,2023-09-12,0.6114349756112958,6.485202999999999
LYG4629226,6.072592234042553,6.105200605183995,up,0.5369761361324786,2023-09-12,-0.020173605183995136,6.085027
LYG4665757,5.97918836101083,6.090618509590344,up,1.863633353752987,2023-09-12,-0.11383134620041258,5.976787163389932
LYG4806216,6.0225315,6.126782148075967,up,1.7310104243699949,2023-09-12,-0.089402952218685,6.037379195857282
LYV5133128,1.273719,6.105504427950872,up,379.3446928208554,2023-09-12,-5.274086600678144,0.8314178272727273
M.AA,9.076418375,5.9157627302345634,down,-34.82271876615027,2023-09-12,2.9875527243108913,8.903315454545455
M.AE,8.507254,6.059438846720382,down,-28.773269885671898,2023-09-12,2.4826591740195285,8.54209802073991
M.AI,9.334130733812948,5.985173175963684,down,-35.87862280220314,2023-09-12,3.3616138240363167,9.346787
M.AJ,7.951612666666666,6.074202503403473,down,-23.610432775898868,2023-09-12,1.8710694965965269,7.945272
M.AZ,8.640331000000003,6.0672184883818465,down,-29.780253923352657,2023-09-12,2.7213102516181555,8.788528740000002
M.BE,8.874842666666668,6.028016159997189,down,-32.07748704506024,2023-09-12,2.8938805066694764,8.921896666666665
M3930952,8.655541937823832,5.920829327892389,down,-31.59493223620151,2023-09-12,2.9110958866998855,8.831925214592275
M4184487,8.729947115537849,6.023342710576352,down,-31.003674697458276,2023-09-12,2.6967492869666456,8.720091997542998
MA4112741,5.664161144127456,6.175781549993007,up,9.03258916628801,2023-09-12,-0.8478956076061754,5.327885942386832
MA4427390,5.016694170212766,6.098490255347798,up,21.563923341357512,2023-09-12,-1.0340930465124565,5.0643972088353415
MA4427393,5.236702,5.862026239623398,up,11.941184348916504,2023-09-12,-0.655235399543237,5.206790840080161
MA4602132,4.875513351687388,6.0749058199301595,up,24.600331938946862,2023-09-12,-1.2868706770730176,4.788035142857142
MA4840058,4.946114069528576,6.100085416842392,up,23.330868053024957,2023-09-12,-1.1434378799803877,4.956647536862004
MA4840307,5.189757545542636,5.844650929461136,up,12.61895913578801,2023-09-12,-0.6663029294611365,5.178348
MA4918588,5.247254309859155,6.106486692439344,up,16.374894980137764,2023-09-12,-0.7906481772878298,5.315838515151515
MA4970636,4.914898316035727,6.108552344038649,up,24.286444016723873,2023-09-12,-1.1510012354456371,4.9575511085930115
MA4970637,4.969133679858935,6.062900501148146,up,22.01121748288852,2023-09-12,-1.079502312912851,4.983398188235295
MA4970638,5.184928696296296,5.835536274026387,up,12.548052554605679,2023-09-12,-0.6433870237903143,5.192149250236072
MA5142474,4.8771505850340136,6.038691345435151,up,23.81597082455137,2023-09-12,-1.0978738400139658,4.940817505421185
MA5552137,4.881745541847283,6.088520793095427,up,24.720158822360336,2023-09-12,-1.1916705613493965,4.89685023174603
MA5552138,4.979883037032481,6.242716141279485,up,25.3586900506709,2023-09-12,-1.243274530043375,4.99944161123611
MAA4134364,5.826218130681817,6.119649221570401,up,5.036390404666239,2023-09-12,-0.28560119964057673,5.834048021929824
MAA4307700,5.486878445561137,6.277953626408185,up,14.417581666804091,2023-09-12,-0.7953172597415188,5.482636366666666
MAA4491901,5.313908289017341,6.082536455653792,up,14.464460521929468,2023-09-12,-0.7093699556537922,5.3731665
MAA4630719,5.4358925000000005,6.0692858795698355,up,11.652058600677533,2023-09-12,-0.5772358795698356,5.49205
MAA4803986,5.352485857142858,6.060842445802074,up,13.234160865907182,2023-09-12,-0.7091137085872843,5.35172873721479
MAIN4823883,6.120072468571427,6.120328365126862,up,0.0041812667537609455,2023-09-12,0.47357600266637956,6.593904367793241
MAIN5111025,7.569075398872886,6.197823253273949,down,-18.116507939703315,2023-09-12,1.3410577159817132,7.538880969255662
MAR4287841,5.586364900723887,6.110372433148294,up,9.380116439520544,2023-09-12,-0.4288416500732053,5.681530783075089
MAR4371991,5.614757208510639,6.102300513696846,up,8.683248216809922,2023-09-12,-0.4499990212099929,5.652301492486853
MAR4437597,5.803603896226416,6.10824314635323,up,5.2491392516449125,2023-09-12,-0.32253569567037665,5.785707450682853
MAR4437598,6.174633721518986,5.999526426839426,down,-2.8359138788961626,2023-09-12,0.28755244816057424,6.287078875000001
MAR4618546,5.646560955555556,6.072571484649806,up,7.544601615875685,2023-09-12,-0.4089352029596638,5.663636281690142
MAR4768057,5.5555358,6.067332443565696,up,9.212372343378568,2023-09-12,-0.43064632281097737,5.636686120754718
MAR4806629,6.059518235294116,6.1187770937157016,up,0.9779466967592826,2023-09-12,0.03931841894252486,6.158095512658226
MAR4976787,5.75396912164458,6.153955387776882,up,6.951484404524898,2023-09-12,-0.3599200085503629,5.794035379226519
MAR4995631,5.704034804347826,6.04949374136307,up,6.05639602254745,2023-09-12,-0.2321702704423778,5.817323470920692
MAR5014740,7.817489835630964,6.1006542768768215,down,-21.96146838501867,2023-09-12,1.6982148407702375,7.798869117647059
MAR5029913,5.808828589444303,6.109099615857697,up,5.169218230316533,2023-09-12,-0.2930327277825988,5.816066888075098
MAR5143254,5.766768403153153,6.05778475325033,up,5.04643727218272,2023-09-12,-0.27128643389170115,5.786498319358629
MAR5255554,5.773354582120582,6.01526717682617,up,4.190156541826888,2023-09-12,-0.22605170066304492,5.789215476163125
MAR5472091,5.388351201051247,6.081530257076657,up,12.864400076412489,2023-09-12,-0.6165777453883443,5.464952511688312
MAR5559723,5.641866583269714,6.111694592844858,up,8.327527825070574,2023-09-12,-0.42889372003783954,5.682800872807018
MARA5513953,11.702153542509484,6.403787206451005,down,-45.27684854596655,2023-09-12,5.355445793548995,11.759233
MARUF4463963,6.809452301886792,6.117934523743937,down,-10.155262824166439,2023-09-12,0.8554790390467604,6.9734135627906975
MARUF4702879,7.700734,6.127099754358454,down,-20.43486043851853,2023-09-12,5.809006694621136,11.93610644897959
MARUF4845256,6.204944768018018,6.094893955142043,down,-1.7735985893574364,2023-09-12,0.16056444144239812,6.255458396584441
MAS.GE,5.608547703030303,6.080278467405384,up,8.410925418717648,2023-09-12,-0.44382896740538413,5.6364494999999994
MAS.GI,6.051997172022685,6.038031336920384,down,-0.23076407184825634,2023-09-12,0.050737294658564025,6.088768631578948
MAS4506864,5.544918999999999,6.0770916698493505,up,9.59748320668618,2023-09-12,-0.5547806698493503,5.522311
MAS5043608,5.840905909604519,6.060195145007849,up,3.7543702774383054,2023-09-12,-0.2871602626549068,5.773034882352942
MAS5134198,5.41809430212766,6.1395127075104385,up,13.314984294376,2023-09-12,-0.7056218238470722,5.433890883663366
MAS5134199,5.620638666666667,6.040979857264055,up,7.478530742248772,2023-09-12,-0.3720180036055192,5.668961853658536
MAS5134200,,no data prior to target date,N/A,N/A,,N/A,6.123906
MAT.AA,6.998702081377152,5.989381810435731,down,-14.421535010428885,2023-09-12,0.9713091895642698,6.960691000000001
MAT.HG,6.935193000000001,5.924604838542009,down,-14.571882303174434,2023-09-12,1.0123952586802147,6.937000097222223
MBI.GC,10.854836845410627,6.084155942285273,down,-43.94981675972749,2023-09-12,4.63516260130447,10.719318543589743
MBI.GD,9.47841885576923,6.100773948209442,down,-35.63510917755989,2023-09-12,3.0833593017905585,9.18413325
MBI.GE,10.479153184584176,6.07537476828693,down,-42.02418209493893,2023-09-12,4.547000140803978,10.622374909090908
MCD.GG,5.3035014,6.082926385972907,up,14.696422743904744,2023-09-12,-0.9915937017623806,5.091332684210526
MCD.HF,5.535856525000001,5.975843414557974,up,7.947946041791125,2023-09-12,-0.37613604110465637,5.599707373453318
MCD.HK,5.677677692307692,5.956739017050686,up,4.915061049010856,2023-09-12,-0.31770801705068674,5.639030999999999
MCD.HM,5.599664035294118,5.943496448916114,up,6.140232904239524,2023-09-12,-0.25245494891611475,5.691041499999999
MCD4132474,5.712682825451263,6.208624715307499,up,8.681418258453023,2023-09-12,-0.5312335252427038,5.677391190064795
MCD4248394,5.353152428571429,6.107409600774847,up,14.089962545764903,2023-09-12,-0.6853402021899422,5.422069398584905
MCD4317447,5.259292837949187,6.14629247691867,up,16.86537841302939,2023-09-12,-0.8384643548732358,5.307828122045434
MCD4317448,5.356312828571428,5.989638201675961,up,11.823905611454835,2023-09-12,-0.6183243881166387,5.371313813559322
MCD4317449,5.625806311950675,5.959858532652383,up,5.937854987863598,2023-09-12,-0.2976703622301571,5.662188170422226
MCD4464033,5.174881763845813,6.098088698913693,up,17.840155141666088,2023-09-12,-0.9167302986701147,5.181358400243578
MCD4610937,5.040371469577874,6.092505039401346,up,20.874127555356303,2023-09-12,-1.0308031046645043,5.061701934736842
MCD4666684,5.471017,5.848571993286904,up,6.9010020127318965,2023-09-12,-0.3220718353921672,5.526500157894737
MCD4869993,5.531371888913976,5.882496250867026,up,6.347871179241748,2023-09-12,-0.3408828973927065,5.54161335347432
MCD4869994,5.038225368826551,6.0857800290006345,up,20.792135791616413,2023-09-12,-1.0321234173255078,5.053656611675127
MCD4961699,5.181361600000001,6.056165421723942,up,16.883666674102447,2023-09-12,-0.8639466091124008,5.192218812611541
MCD4961702,5.3358124337748345,6.105836356862664,up,14.431240465157694,2023-09-12,-0.7711613521158291,5.334675004746835
MCD4971143,5.172780075131233,6.082348571689597,up,17.58374574885223,2023-09-12,-0.9355489620694932,5.146799609620103
MCD4971144,5.545589064218883,5.905480298163514,up,6.489684500186149,2023-09-12,-0.3352995369110685,5.570180761252446
MCD4971146,5.329749263888889,6.11090508970062,up,14.656521106993974,2023-09-12,-0.6918139550585423,5.419091134642078
MCD4971147,5.149079965188561,6.162949801950681,up,19.690310572308086,2023-09-12,-0.9915760089733601,5.171373792977321
MCD5472108,5.131184238793806,6.0786539820142105,up,18.464933222571776,2023-09-12,-0.9397073475086506,5.13894663450556
MCD5472110,5.573702179287108,5.862400546501199,up,5.179651835129386,2023-09-12,-0.29071414882340463,5.571686397677794
MCD5632697,5.070104523601398,6.075969282327188,up,19.839132586783506,2023-09-12,-1.0025393412745567,5.073429941052631
MCD5632698,5.253871556975368,6.315581983195695,up,20.208153448493313,2023-09-12,-1.060136086835735,5.25544589635996
MCD5632699,5.563159123996922,6.04317128873711,up,8.628409758578275,2023-09-12,-0.45648676621458684,5.586684522522523
MCHH5015838,5.945533000000001,5.822779903219554,down,-2.0646272887636328,2023-09-12,0.11211109678044728,5.934891000000001
MCHP4610421,20.704393,6.086861269527937,down,-70.60111219136955,2023-09-12,14.625481978838078,20.712343248366015
MCHP5090202,4.177874876400996,6.129759784869748,up,46.71956356314315,2023-09-12,-3.306108915304531,2.823650869565217
MCHP5196527,5.900040239189189,6.107074487214137,up,3.5090311189708077,2023-09-12,-0.33954142829433387,5.7675330589198035
MCHP5332350,6.0536502290338,6.260449044343684,up,3.416101153615709,2023-09-12,-0.10804388260184883,6.152405161741835
MCHP5431997,6.09058835587026,6.138680179465525,up,0.7896088322717314,2023-09-12,0.09951870732692836,6.238198886792453
MCO4142490,5.690005917761763,5.9702865905595415,up,4.925841499089876,2023-09-12,-0.24524755838795897,5.7250390321715825
MCO4775913,5.217489558171745,6.093001083408543,up,16.78032156030966,2023-09-12,-0.823035179688631,5.269965903719912
MCO4775914,5.700012,5.841789826913876,up,2.487325060260861,2023-09-12,-0.16340410885220358,5.678385718061673
MCO4969559,5.6182677742413025,6.115707897889777,up,8.853976770725378,2023-09-12,-0.4660149673040941,5.649692930585683
MCO4987215,5.633955,5.82595599023486,up,3.407925520080647,2023-09-12,-0.21338829777837987,5.61256769245648
MCO5025901,5.814391,5.712920572525629,down,-1.7451600257769133,2023-09-12,0.09320342747437049,5.806124
MCO5238038,5.208404858168762,6.039506575830839,up,15.95693384623497,2023-09-12,-0.8118042372728453,5.227702338557994
MCO5302942,5.478012,5.713298430119438,up,4.295106146526115,2023-09-12,-0.1623184301194378,5.55098
MCO5366987,5.567554194436943,5.868076986557048,up,5.397752435358143,2023-09-12,-0.2890529865570475,5.579024
MCO5456371,5.293056,6.026422820572868,up,13.85526283063825,2023-09-12,-0.714427367084495,5.311995453488373
MDB5114091,25.688158,6.2110653281131825,down,-75.82128960701199,2023-09-12,17.888619350387803,24.099684678500985
MDC3952117,7.378712223602486,5.927485125388615,down,-19.667755757865063,2023-09-12,1.4568032382477485,7.384288363636363
MDC4933149,6.737229000000001,6.054604173142925,down,-10.132130388577792,2023-09-12,0.6609440399718292,6.715548213114754
MDC5107554,6.692163124408704,6.0669576229483795,down,-9.342352985688244,2023-09-12,0.6125296848840431,6.679487307832423
MDC5233646,7.253445760000001,5.707421788360626,down,-21.3143383544013,2023-09-12,1.578197659891602,7.285619448252228
MDLZ3692794,5.479635666666667,6.034782820337825,up,10.131096069911916,2023-09-12,-0.49951382033782377,5.535269000000001
MDLZ4797239,5.096585666666667,6.099378823380329,up,19.675783402842743,2023-09-12,-0.9304068233803289,5.168972
MDLZ4974630,5.372976285714286,6.0526813347139,up,12.650438283281071,2023-09-12,-0.6657454886825755,5.386935846031324
MDLZ4983155,5.712803612429378,6.112494275845277,up,6.996401251152578,2023-09-12,-0.3538967034314844,5.758597572413793
MDLZ5041192,5.31278715210356,6.046358412051011,up,13.807653853721552,2023-09-12,-0.6713174120510104,5.375041
MDLZ5041193,5.391414800000001,5.824552752497588,up,8.033845819052686,2023-09-12,-0.47451875249758846,5.350034
MDLZ5055622,5.10707,6.024804139895986,up,17.969875875912912,2023-09-12,-0.8182751258936527,5.206529014002333
MDLZ5373567,5.837230467767929,6.148106647351303,up,5.325747909046461,2023-09-12,-0.1240065149983618,6.024100132352941
MDLZ5373673,5.26257948854962,6.0874979720943445,up,15.6751738446819,2023-09-12,-0.7523829720943445,5.335115
MDLZ5373676,5.291691276595745,6.033814261209677,up,14.02430614000889,2023-09-12,-0.7207154842580037,5.313098776951673
MDT4284341,5.17858885628292,6.012030433202478,up,16.09399008203529,2023-09-12,-0.8256387355411121,5.1863916976613655
MDT4284342,5.241629595698925,5.905754444274325,up,12.670198007130343,2023-09-12,-0.6637195402819298,5.242034903992395
MDT5559704,5.118548772388059,6.0267054693826525,up,17.742464463631418,2023-09-12,-0.8912811458532417,5.135424323529411
MDT5559728,5.038669212034384,6.0773097449028715,up,20.6133899480401,2023-09-12,-0.983635986000361,5.0936737589025105
MELI4882278,21.267039,6.071433459410883,down,-71.45143966957092,2023-09-12,15.113158540589115,21.184592
MELI5108194,6.123822999999999,6.10131103424812,down,-0.36761293969272274,2023-09-12,0.09707786936633678,6.198388903614457
MELI5108195,6.459948451019996,6.099435790799791,down,-5.580735867378047,2023-09-12,0.34038463302488164,6.439820423824672
MEOH4184000,7.304961498360655,5.89348593496101,down,-19.322149250429334,2023-09-12,1.3058897050389904,7.19937564
MEOH4184376,6.142004258389265,6.12285130485995,down,-0.3118355625226655,2023-09-12,4.732875611294326,10.855726916154277
MEOH4882364,7.246007480328962,6.0814933341777095,down,-16.071114324855547,2023-09-12,1.0915190858509938,7.173012420028703
MEOH5047989,7.056003673024524,6.0889310884342205,down,-13.705670084717687,2023-09-12,0.9488374313026213,7.037768519736842
MERC4666936,8.163697202090594,6.114797067106746,down,-25.09769880317409,2023-09-12,1.9437142662265874,8.058511333333334
MERC5219084,10.31467012780597,6.131153900942567,down,-40.558895001262414,2023-09-12,4.2831615971796575,10.414315498122225
MERCY4778258,5.293635999999999,6.073273027291156,up,14.727817086236325,2023-09-12,-0.6805543606244893,5.392718666666667
MET.GL,5.384943499999999,6.023125833303556,up,11.851235454997008,2023-09-12,-0.4954556739087641,5.527670159394792
MET.GZ,5.636297207558139,6.063800455329878,up,7.5848244340001845,2023-09-12,-0.4645073945822151,5.599293060747663
MET.HL,5.604213806784663,6.006332997987146,up,7.175300676709783,2023-09-12,-0.38407397946862787,5.622259018518518
MET.JE,5.895970500000001,5.932133662934914,up,0.6133538648966056,2023-09-12,-0.1392866629349152,5.792846999999999
MET3887852,5.7547087,5.9230387511283125,up,2.925083786227309,2023-09-12,-0.18683987953298153,5.736198871595331
MET4069072,5.750005,5.900752444937831,up,2.6216924148384466,2023-09-12,-0.1403869582121695,5.760365486725662
MET4115766,5.781308098549713,6.2484398329788595,up,8.080035287279184,2023-09-12,-0.4252913281205597,5.8231485048583
MET4170794,5.797591492481202,5.89728377518925,up,1.7195465192285007,2023-09-12,-0.07250206090353739,5.824781714285713
MET4218547,5.546372000000001,6.141368390482795,up,10.727668293486166,2023-09-12,-0.5258074543805593,5.615560936102236
MET4218548,5.638601846846847,5.889852568395195,up,4.455904643965054,2023-09-12,-0.2340740299336579,5.655778538461537
MET4310084,5.263451957446808,6.108067411014451,up,16.046797052505987,2023-09-12,-0.7659441231546245,5.342123287859827
MET4310085,5.733131784718637,5.981037817641826,up,4.324094443179723,2023-09-12,-0.29031481764182665,5.690722999999999
MET4969015,5.200706262978724,6.080322608792263,up,16.913401783044264,2023-09-12,-0.8730553014817923,5.20726730731047
MET4973957,5.579012,6.054417593439884,up,8.521322295773592,2023-09-12,-0.48648884343988374,5.56792875
MET5106406,,no data prior to target date,N/A,N/A,,N/A,5.47506
MET5442846,5.764574999999999,5.848777689977064,up,1.460692071437446,2023-09-12,-0.10477254524022239,5.744005144736842
MET5522108,5.725213508833922,5.788635334990869,up,1.1077635106374337,2023-09-12,-0.04857039866858237,5.740064936322287
MET5615830,5.578412985080059,6.0786677326821765,up,8.967689357888919,2023-09-12,-0.4451898111464043,5.633477921535772
METM4206222,5.443133953125,5.911473312182219,up,8.604222550656445,2023-09-12,-0.47184014295144916,5.43963316923077
MFA4840892,8.002474446808511,6.121352468540934,down,-23.506753951807905,2023-09-12,1.6801586862707802,7.801511154811714
MFC4341035,5.568117461422087,6.107645024207914,up,9.68958658871453,2023-09-12,-0.5864822242079137,5.5211628
MFC5379265,5.371953999999999,6.0981165113248155,up,13.517660637541141,2023-09-12,-0.7221835113248156,5.375933
MFG4401396,5.853143,6.098342829405207,up,4.189199365284722,2023-09-12,-0.23750582940520726,5.860837
MFG4606442,5.622629,6.09171552377409,up,8.342832574834473,2023-09-12,-0.45264025864440605,5.639075265129684
MGA4134815,5.69919634182145,6.175772424180041,up,8.362162904643466,2023-09-12,0.005089575819958725,6.180861999999999
MGA4290120,5.662012483568075,6.117232162821392,up,8.039891833061587,2023-09-12,-0.4627169077878346,5.654515255033558
MGA4999451,5.41089441025641,6.054636059940941,up,11.89713937984654,2023-09-12,-0.642111059940941,5.412525
MGA5552728,5.480037,6.022139752614833,up,9.892319205414719,2023-09-12,-0.5262361137259441,5.495903638888889
MGA5552927,5.642531812030075,6.10761161402184,up,8.242395745119211,2023-09-12,-0.41994861402184114,5.687662999999999
MGLL5552139,5.971843574311023,6.1117515994965945,up,2.3427945398203502,2023-09-12,0.1766981771061813,6.288449776602776
MGLL5568267,6.971319743465721,7.691106114585055,up,10.324965682344374,2023-09-12,-0.7045663289291522,6.986539785655903
MGLL5580036,6.937150723615085,6.182480968184721,down,-10.878670299916608,2023-09-12,0.7656948874521756,6.948175855636896
MGLL5580517,5.991459017082499,6.265085076936606,up,4.566935350370601,2023-09-12,-0.21728798625650647,6.0477970906801
MGLL5581296,6.314532659846486,6.496772046080714,up,2.8860312560115746,2023-09-12,-0.14251152498922615,6.354260521091488
MGLL5581298,5.94186187761194,6.143625574720211,up,3.3956308858084894,2023-09-12,-0.18573975141194055,5.9578858233082705
MGLL5582793,6.125371734288143,6.19723803797329,up,1.1732562006459049,2023-09-12,-0.012776037973289966,6.184462
MGM4394710,6.986174295503212,6.100633804133118,down,-12.675614061620108,2023-09-12,0.9443530140486986,7.044986818181816
MGM4645568,6.501435233660684,6.158549657377825,down,-5.273998185932787,2023-09-12,0.5130605130327099,6.671610170410535
MGM4814596,6.937413214854111,6.107494307768326,down,-11.962944708393545,2023-09-12,0.5514832520323383,6.658977559800665
MGM4979799,6.3606213333333335,6.110731105854788,down,-3.9287078161527362,2023-09-12,0.3214814823805048,6.432212588235293
MGM5059888,6.943739107201119,6.095710332954576,down,-12.212854791261964,2023-09-12,0.8702618122067163,6.965972145161293
MGPE4452916,7.244645,6.100648912402025,down,-15.790919880794373,2023-09-12,1.0591149447408315,7.159763857142856
MHK4985614,5.606908,6.054175928138036,up,7.977086981595487,2023-09-12,-0.3901634281380346,5.664012500000001
MHO4995674,7.016104085995086,6.082081328743119,down,-13.312555597862058,2023-09-12,0.9627906077648198,7.044871936507938
MIDD5253819,7.211699,6.115454837338472,down,-15.20091399629308,2023-09-12,0.6513150467194988,6.766769884057971
MIT.GC,5.300248,5.145247195953778,down,-2.9244066324108204,2023-09-12,0.15754440404622194,5.3027916
MKC4308076,5.622704941747572,6.133813094008278,up,9.09007599644469,2023-09-12,-0.39879076067494434,5.735022333333333
MKC4529787,5.905180652173913,6.125159196511993,up,3.7251789114546137,2023-09-12,-0.25136346791610364,5.87379572859589
MKC4529788,5.325370109090909,6.088582007178029,up,14.331621698635475,2023-09-12,-0.7160146333462531,5.372567373831776
MKC4529789,,no data prior to target date,N/A,N/A,,N/A,5.844666
MKC4976295,5.560547416961132,6.057231590073716,up,8.932289141129642,2023-09-12,-0.49230159007371643,5.5649299999999995
MKC5128037,5.4719575,6.102433325683332,up,11.521943028309924,2023-09-12,-0.5945690660518412,5.507864259631491
MKC5128038,5.563708852498496,6.0555954066901,up,8.84098300669907,2023-09-12,-0.48672266984799517,5.5688727368421045
MKC5566709,5.432639749999999,6.022300822439658,up,10.854043330218229,2023-09-12,-0.43965726203387856,5.58264356040578
MKL4834913,6.059675,6.065019819896896,up,0.08820307849670618,2023-09-12,-0.02700181989689643,6.038017999999999
MKL4884038,5.509260768976897,6.082595543144144,up,10.406745990237805,2023-09-12,-0.5419897431441445,5.5406058
MKL4884039,6.104045999999999,5.82983311450262,down,-4.492313549035833,2023-09-12,0.3407033400428352,6.170536454545455
MLM.GA,5.352304,6.107878154906681,up,14.116801939999682,2023-09-12,-0.29799115490668093,5.809887
MLM4194843,5.688183241758241,6.123052662940985,up,7.645137343506603,2023-09-12,-0.36503766294098483,5.758015
MLM4574404,5.287334307692308,6.082685526498139,up,15.042574812201872,2023-09-12,-0.6744391346062466,5.408246391891892
MLM4962838,5.609022,6.057284705324462,up,7.991815780441967,2023-09-12,-0.47306779468616433,5.584216910638298
MLM5207440,5.659246,5.818219147608244,up,2.809087069341807,2023-09-12,-0.15673943332252982,5.661479714285714
MLM5207441,5.5917571307271965,6.068867632655163,up,8.532389565101143,2023-09-12,-0.43966913289864973,5.629198499756513
MMC4054681,7.730025153846155,6.130183656629027,down,-20.696459136631784,2023-09-12,-1.8983353232956937,4.231848333333334
MMC4130383,6.002077708771929,6.126994060399307,up,2.081218499467521,2023-09-12,-0.2154733937326414,5.911520666666665
MMC4161050,5.558289727941177,6.118207052878442,up,10.07355413883151,2023-09-12,-0.510846052878442,5.607361
MMC4287843,5.348372610687022,6.105272129916184,up,14.151959377638324,2023-09-12,-0.7431562688740003,5.3621158610421835
MMC4786488,5.771516466666666,6.137080485370159,up,6.333933565204296,2023-09-12,-0.3906769799647538,5.7464035054054055
MMC4786489,5.621958,6.020814760962456,up,7.094623634016049,2023-09-12,-0.37995148590063366,5.640863275061823
MMC4786492,5.605042704968945,5.846061319142161,up,4.3000317189296435,2023-09-12,-0.21944091629702722,5.626620402845134
MMC4786493,5.245427271077284,6.078384546770344,up,15.87968401136542,2023-09-12,-0.783380602813228,5.295003943957116
MMC4984101,5.3290115698769,6.057849107835307,up,13.676786556033754,2023-09-12,-0.736451047851741,5.321398059983566
MMC5314899,5.283687315789473,6.038562702267068,up,14.286904984361357,2023-09-12,-0.6761738555005818,5.362388846766486
MMC5314900,5.41898517866005,5.869799653880824,up,8.319167895053125,2023-09-12,-0.417985653880824,5.451814
MMC5494059,5.3683995307692305,6.028932742070567,up,12.30409934125543,2023-09-12,-0.5989191256093873,5.43001361646118
MMC5494060,5.696705333333333,5.803716365424344,up,1.8784723068762794,2023-09-12,-0.08587016442559214,5.717846200998752
MMC5552133,5.661956802955665,5.806506966700013,up,2.5530071806427443,2023-09-12,-0.16255111227672092,5.643955854423292
MMC5647796,5.416390186069683,6.3717428969043635,up,17.638181113534525,2023-09-12,-0.9467683797221618,5.424974517182202
MMC5647797,5.640579664849193,6.229539060971827,up,10.441469336793416,2023-09-12,-0.5702645120965713,5.659274548875255
MMM.GB,5.2083040229885045,6.08424141154265,up,16.81809250550501,2023-09-12,-0.8218247410881032,5.262416670454547
MMM.GP,5.484621786818181,6.028629572696922,up,9.91878395673914,2023-09-12,-0.5513821529620175,5.477247419734905
MMM4131137,5.728740666666667,5.898363702123127,up,2.960913145247289,2023-09-12,-0.16248536878979447,5.735878333333333
MMM4275877,5.439434,6.117801496302497,up,12.471288305042336,2023-09-12,-0.6163771182632809,5.501424378039216
MMM4404424,5.348893712565162,6.159440726255966,up,15.153544961769128,2023-09-12,-0.7527508216916505,5.406689904564315
MMM4544487,5.252949509127789,6.118357292515197,up,16.474702105619567,2023-09-12,-0.849520123096859,5.2688371694183385
MMM4544488,5.755629490831783,5.902807698088423,up,2.557117470662101,2023-09-12,-0.14875039261089462,5.754057305477528
MMM4687682,5.910464278067882,6.143636338113671,up,3.945071809519723,2023-09-12,-0.2462325060315944,5.897403832082077
MMM4687684,5.605515396782842,5.854865971147549,up,4.448307723992992,2023-09-12,-0.24314810818458632,5.611717862962963
MMM4797922,5.349736765733643,6.16402305286546,up,15.221053348783768,2023-09-12,-0.7207424044860016,5.443280648379458
MMM4874222,5.358474826530612,6.0695172963397015,up,13.269493518726849,2023-09-12,-0.6914102074508133,5.378107088888888
MMM4874223,5.8395979388379216,6.120925544528626,up,4.817585194002054,2023-09-12,-0.21655929290340836,5.904366251625218
MMM4874225,5.777301418604652,5.842606200899313,up,1.1303682734011455,2023-09-12,-0.10105147676138238,5.741554724137931
MMM4971224,5.898863174248264,6.149896322576989,up,4.255619106824188,2023-09-12,-0.30887945341811207,5.841016869158877
MMM4971225,5.175168874068818,6.089093104930227,up,17.659795324570034,2023-09-12,-0.9135325058016868,5.1755605991285405
MMM4971226,5.5385800869565225,5.834463028717316,up,5.342216544951736,2023-09-12,-0.2788872806363685,5.555575748080948
MMP4217432,6.143631073170733,6.119340157319057,down,-0.3953837000036432,2023-09-12,0.012278676567984093,6.131618833887041
MMP4217433,6.9837929999999995,5.890551459768736,down,-15.653979724646238,2023-09-12,0.8481457902312624,6.738697249999999
MMP4337719,5.717056301681503,6.126633273778122,up,7.164123466409693,2023-09-12,-0.32782897966047475,5.798804294117647
MMP4400991,6.554650500000001,5.911859666610291,down,-9.80663779693074,2023-09-12,0.627385333389709,6.539245
MMP4870456,6.340048322707809,5.999211430969908,down,-5.375935235653403,2023-09-12,0.37632609964233765,6.375537530612245
MMP4984906,5.696133893074119,6.061093537961077,up,6.407146526711902,2023-09-12,-0.34431842357127707,5.7167751143898
MO.GP,5.504804,6.094918426234139,up,10.719989780456112,2023-09-12,-0.2543028595674732,5.840615566666666
MO.HA,6.594238666666667,5.962436286607057,down,-9.581126980637189,2023-09-12,0.6396220467262754,6.602058333333332
MO.HH,6.358511666666667,5.959545909032429,down,-6.274514832232557,2023-09-12,0.8129130909675704,6.772459
MO3886389,6.633486740740742,5.923912320438954,down,-10.696854430171845,2023-09-12,0.7445226169424499,6.668434937381404
MO4065516,6.001314547038327,6.134183644627167,up,2.2139998919805164,2023-09-12,-0.7679394318612083,5.366244212765959
MO4065695,6.103427455655003,5.923946459774095,down,-2.940659116290698,2023-09-12,0.21268211828969807,6.136628578063793
MO4403913,5.375565042160738,6.106852477847467,up,13.603917540783478,2023-09-12,-0.6908018203132213,5.416050657534246
MO4403915,6.600996745454545,5.891772127421352,down,-10.74420493422551,2023-09-12,0.6840903777869816,6.575862505208334
MO4797925,6.153707,5.734797116331487,down,-6.807439542839995,2023-09-12,0.5089370601391012,6.243734176470588
MO4797927,6.002971512506253,6.172178088228562,up,2.8187136215754722,2023-09-12,-0.3763194199358795,5.7958586682926825
MO4797928,5.501432662380952,6.128546536911816,up,11.399101161759145,2023-09-12,-0.5820283438314569,5.5465181930803595
MO4797929,5.612597415879017,6.074398206320506,up,8.22793363256332,2023-09-12,-0.4792327025891625,5.5951655037313435
MO4797930,6.276917391328517,5.989413714211,down,-4.580332338206323,2023-09-12,0.3115991580951434,6.301012872306144
MO4797931,6.607712925439905,5.865787238235703,down,-11.228176762155702,2023-09-12,0.7714784182206422,6.6372656564563455
MO4984040,5.757263122119816,6.11637212808489,up,6.237495114394761,2023-09-12,-0.4059487409881166,5.710423387096774
MO4984041,5.783724043010753,6.058914995995513,up,4.758023566447828,2023-09-12,-0.22828832358172146,5.830626672413792
MO4984042,6.631194276717559,5.836382762207875,down,-11.985948252191996,2023-09-12,0.8290565235803742,6.665439285788249
MO5123990,5.938026584240871,6.0470302467986885,up,1.8356883555743317,2023-09-12,-0.09474243420118533,5.952287812597503
MO5123991,6.578338750104939,5.977240906521203,down,-9.137532535461885,2023-09-12,0.5900784064251434,6.5673193129463465
MO5123992,6.521495369173401,5.8700795201498925,down,-9.988749698461802,2023-09-12,0.6537328505760165,6.523812370725909
MO5123993,6.321398238795986,5.721281989881473,down,-9.49340994262078,2023-09-12,0.5410184950970676,6.262300484978541
MOHP5033064,5.434042,5.829707305732522,up,7.281233853778129,2023-09-12,-0.3796103057325215,5.450097
MOS.GD,6.413635805555557,5.931685874225257,down,-7.51445741451096,2023-09-12,0.4846587448223616,6.416344619047619
MOS4069204,6.1852407512274965,6.144472623319972,down,-0.6591194999068357,2023-09-12,-0.38396861718500297,5.760504006134969
MOS4069205,5.904779116883116,6.048290752258591,up,2.4304319015954796,2023-09-12,-0.14502601103052193,5.903264741228069
MOS4563792,5.4358250430038515,6.094734936664986,up,12.12161702130537,2023-09-12,-0.6490163502572193,5.445718586407767
MPLX4211289,5.988553181818182,6.119342154787419,up,2.1839828252060016,2023-09-12,-0.0268862177244813,6.092455937062938
MPLX4411851,5.944463638927099,6.143620275323829,up,3.3502877381999694,2023-09-12,-0.28673427532382956,5.856885999999999
MPLX4411862,5.939923011844333,6.123599825730635,up,3.092242332435068,2023-09-12,-0.12219180743541624,6.001408018295219
MPLX4453959,6.470647,5.869893311257969,down,-9.284290871407922,2023-09-12,0.6411690192827777,6.511062330540747
MPLX4595695,5.694897068463611,6.092881186505549,up,6.988433912982164,2023-09-12,-0.3680524287590705,5.7248287577464785
MPLX4595815,6.262970000000001,5.970561787739966,down,-4.668842613968057,2023-09-12,0.31179116724502975,6.2823529549849955
MPLX4595816,6.428014098901099,5.8673469922766675,down,-8.722244506593107,2023-09-12,0.5661166952233323,6.4334636875
MPLX4766118,5.739526373443984,6.073647168533017,up,5.821400118221692,2023-09-12,-0.326562122661457,5.74708504587156
MPLX4766119,6.519494166666668,5.8519025775894375,down,-10.239929233935662,2023-09-12,0.6779753940014723,6.52987797159091
MPLX4979661,6.4817,5.8619900660396365,down,-9.560916641627406,2023-09-12,0.6460209339603633,6.508011
MPLX4979663,5.715286935064936,6.087274783146441,up,6.508646937728576,2023-09-12,-0.34847737138173507,5.738797411764706
MPLX5029275,5.824698050241546,6.111464930963493,up,4.92329178694602,2023-09-12,-0.2535658563093177,5.857899074654175
MPLX5029276,5.822089676470588,6.05626508444862,up,4.022188269006393,2023-09-12,-0.22119319907118484,5.8350718853774355
MPLX5377632,6.432830911623439,5.819361120765297,down,-9.536544629980364,2023-09-12,0.6484560047020889,6.467817125467386
MPLX5459651,5.978792696113074,6.0343613584269535,up,0.9294294874951191,2023-09-12,-0.052526829580799905,5.981834528846154
MPLX5535819,5.9786531951640765,6.033721952796604,up,0.9210896808175948,2023-09-12,-0.040316074690094794,5.993405878106509
MPLX5536098,6.441437612582783,5.80948873815854,down,-9.810680665287931,2023-09-12,0.6671407975557457,6.476629535714285
MPW4383381,11.547600772778402,6.106153293130234,down,-47.121887799199804,2023-09-12,5.5047225568697655,11.61087585
MPW4539953,11.815764053720192,6.126592463995441,down,-48.14899454541424,2023-09-12,5.817501289833264,11.944093753828705
MPW5083277,10.435391688385268,6.069173740251713,down,-41.840479768413616,2023-09-12,4.563424967645526,10.63259870789724
MQBK4937012,5.625602795918367,6.120118326954509,up,8.790445201622404,2023-09-12,-0.48172332695450937,5.638395
MRK.GA,4.959286624999999,6.111428748030063,up,23.232013193632746,2023-09-12,-1.287673185530064,4.823755562499999
MRK.GB,4.980197083743842,6.087147360056184,up,22.22703755892723,2023-09-12,-0.7885583600561841,5.298589
MRK.GC,4.9301403035253655,6.11440201523215,up,24.020852121793805,2023-09-12,-1.1927790152321496,4.921623
MRK3671638,5.407268000000002,5.982353423363137,up,10.635415580717195,2023-09-12,-0.5538084233631384,5.428544999999999
MRK3675698,5.709851931415931,5.979553814059074,up,4.723447926192759,2023-09-12,-0.30643496405907555,5.673118849999998
MRK3704509,5.104724129186602,6.024122813202509,up,18.010741829498357,2023-09-12,-0.8761045508795622,5.148018262322947
MRK4007517,5.230549000000001,5.913406998653724,up,13.055187871363474,2023-09-12,-0.6742659986537252,5.239140999999999
MRK4209883,5.262973,5.896709173959173,up,12.041410319968831,2023-09-12,-0.6303551083854027,5.26635406557377
MRK4209893,5.3562885242290745,6.1310852930149995,up,14.465179858798601,2023-09-12,-0.7764361820989443,5.354649110916055
MRK4806277,5.006681330311821,6.088186435343637,up,21.601237100593714,2023-09-12,-1.059696140503343,5.028490294840294
MRK4806278,5.706645451027233,6.152303533841011,up,7.809458054443466,2023-09-12,-0.5144125813572105,5.637890952483801
MRK4806293,5.187652226415095,5.960932433274625,up,14.906168977982977,2023-09-12,-0.790896808274625,5.170035625
MRK4806294,5.228505,5.9266335936067644,up,13.352355857109522,2023-09-12,-0.7102055830507128,5.216428010556052
MRK5002692,5.186797468261719,6.003311657127891,up,15.742164483237772,2023-09-12,-0.7763316571278915,5.226979999999999
MRK5002698,5.035636283643892,6.109696896303395,up,21.329193614481827,2023-09-12,-1.0628124025533952,5.0468844937499995
MRK5002722,5.00600991025641,6.059326367162249,up,21.041038187874598,2023-09-12,-1.0349062979498376,5.024420069212411
MRK5318796,4.878611354368933,6.106404017406058,up,25.166847159030265,2023-09-12,-1.2098319891451892,4.896572028260869
MRK5319143,4.923783506032648,6.083631489606715,up,23.5560312948978,2023-09-12,-1.1427559181781435,4.940875571428571
MRK5319145,4.9989365453036845,6.058980665322865,up,21.205392595252142,2023-09-12,-1.0694766683623786,4.989503996960487
MRK5319196,5.200755047570228,5.844972849833341,up,12.387005278475653,2023-09-12,-0.6561568349634523,5.1888160148698885
MRK5319197,5.246418,5.713316319657839,up,8.899373242045113,2023-09-12,-0.43953631965783835,5.27378
MRK5584755,5.301197363145633,5.9000073052441495,up,11.295748886119455,2023-09-12,-0.5707981953337642,5.329209109910385
MRK5584756,5.437429,5.6898546343627885,up,4.642371134644492,2023-09-12,-0.2746602573338697,5.415194377028919
MRK5584922,4.741090002,6.08791211581978,up,28.40743612231852,2023-09-12,-1.3049498267667428,4.782962289053037
MRK5584923,5.002774553777208,6.08610663646183,up,21.654625269225495,2023-09-12,-1.071299804190069,5.014806832271761
MRK5584924,5.038624917721518,6.0377622839909275,up,19.829564267729275,2023-09-12,-0.9892578364491129,5.048504447541815
MRK5584925,5.2604982499999995,5.906216574290623,up,12.274851042686372,2023-09-12,-0.6269928376938854,5.279223736596737
MRO.AK,6.367362339046823,5.979026840796366,down,-6.098844035764256,2023-09-12,0.36801115920363436,6.347038
MRO.GB,6.2469827872628745,6.056031928996131,down,-3.0566893613998456,2023-09-12,0.2011895553788703,6.257221484375001
MRO.GZ,6.627341439520957,5.995982339181615,down,-9.526581753798675,2023-09-12,0.6731250874850518,6.669107426666667
MRO4160592,5.9432958584371445,6.138535874871409,up,3.285046228299414,2023-09-12,-0.27395896259828856,5.864576912273121
MRO4160595,6.286171567097415,6.00047135345978,down,-4.544900033162069,2023-09-12,0.2889466465402206,6.289418
MRO4160629,6.498865,5.8038985389891105,down,-10.693658985236496,2023-09-12,0.6166260610108907,6.420524600000001
MRO4254466,6.903232142857142,5.89201471777465,down,-14.64846327279912,2023-09-12,0.8953779614706328,6.787392679245283
MRO4319056,6.508589348214286,5.887911878214622,down,-9.536282545924557,2023-09-12,0.6311287467853779,6.519040625
MRO4518742,5.871048194289819,6.15438719517425,up,4.826037727981972,2023-09-12,-0.22581163439520413,5.928575560779046
MRO4826526,5.467545778350516,6.099800819995076,up,11.563781398009679,2023-09-12,-0.6074064363971914,5.492394383597885
MRO4826533,5.518618,6.0847764292408275,up,10.25906176584115,2023-09-12,-0.4967082692408278,5.58806816
MRO4827497,6.387942,5.8596801566545,down,-8.26967188095164,2023-09-12,0.45509486186401826,6.314775018518518
MRO4979785,5.8895567509113,6.121637613369803,up,3.9405488778521827,2023-09-12,-0.2263605995169904,5.895277013852812
MRVL5260819,5.826224449011857,6.057345650599534,up,3.9669120819208383,2023-09-12,-0.1765345377418166,5.880811112857717
MRVL5260820,5.6657355,6.0852991834950725,up,7.405281864906546,2023-09-12,-0.32316300945080734,5.762136174044265
MRVL5261114,5.664872622358103,6.148477878817293,up,8.53691316112738,2023-09-12,-0.4517328978250239,5.6967449809922694
MRVL5305875,5.755331034056423,6.280736301561708,up,9.129019067648192,2023-09-12,-0.4842793287967009,5.796456972765007
MS.OQ,5.411862421195649,6.076602751403732,up,12.283023448722878,2023-09-12,-0.6817407481207391,5.394862003282993
MS.WA,5.539686671328671,6.12695623953634,up,10.601133295988639,2023-09-12,-0.5126338615936579,5.614322377942682
MS3879334,5.710766658939687,6.002031157947121,up,5.100269655589681,2023-09-12,-0.25724212044541606,5.744789037501705
MS3911432,6.733276,6.124523682715457,down,-9.040952981647308,2023-09-12,-0.3486844327154577,5.77583925
MS3923998,6.252707999999999,6.123155659725202,down,-2.0719397143573173,2023-09-12,-0.03036085972520386,6.092794799999998
MS3964734,,no data prior to target date,N/A,N/A,,N/A,5.948690625
MS4072743,5.791837441055235,6.2805915878046745,up,8.438671694839412,2023-09-12,-0.4771530562027664,5.803438531601908
MS4119530,5.875543694902479,6.306754127359238,up,7.339072856029805,2023-09-12,-0.38897213783744533,5.917781989521792
MS4161029,5.809301348922753,6.208783928603351,up,6.876602807920708,2023-09-12,-0.3678349857525127,5.840948942850838
MS4175944,5.747143449016101,6.207872960736934,up,8.016669773567395,2023-09-12,-0.4774457494969164,5.730427211240017
MS4204532,5.6533876768,5.93808750324359,up,5.035915502698005,2023-09-12,-0.2924731699102576,5.645614333333333
MS4235605,5.863508975082447,6.217563917787077,up,6.038277492355185,2023-09-12,-0.3357585284537432,5.8818053893333335
MS4270142,5.848643931170343,6.441371249006476,up,10.13444013367259,2023-09-12,-0.631206996905636,5.81016425210084
MS4329522,5.6818049326198965,6.137721154930706,up,8.024144223842349,2023-09-12,-0.39947746273088125,5.738243692199824
MS4385344,5.71712689906715,6.369883277854695,up,11.417559734314349,2023-09-12,-0.6495677578230667,5.720315520031629
MS4445845,5.5679606708031715,6.131012645519415,up,10.112355456616829,2023-09-12,-0.5102621163973389,5.620750529122076
MS4445846,5.632914540389971,5.910217689901325,up,4.922907094062809,2023-09-12,-0.2736021825699453,5.6366155073313795
MS5299744,5.946198300000001,6.139648635985363,up,3.253344846998502,2023-09-12,-0.4038026359853637,5.735846
MS5325572,5.530118250000001,6.117187420925866,up,10.615852037628038,2023-09-12,-0.4898327542592007,5.627354666666665
MS5403307,,no data prior to target date,N/A,N/A,,N/A,8.524700999999999
MS5404488,5.622906333333333,6.040240616762218,up,7.422038687624445,2023-09-12,-0.44480903781484926,5.595431578947369
MS5451931,6.740794183206109,6.109346975261648,down,-9.36754914602848,2023-09-12,0.6321250247383521,6.741472
MS5502188,5.665325666666666,6.090143161972294,up,7.498553839634421,2023-09-12,0.05604626659913503,6.146189428571429
MS5574516,5.4154485111309,6.201836754581427,up,14.521202479059426,2023-09-12,-0.7617701781108384,5.4400665764705884
MS5620730,5.537329042979943,6.194395913535674,up,11.866133752494632,2023-09-12,-0.568104405843366,5.626291507692308
MSFT.GC,4.8700407631271885,5.975123823769373,up,22.691454022503493,2023-09-12,-1.119245973919523,4.85587784984985
MSFT.GH,4.904235865750528,5.961655129912999,up,21.56134601003019,2023-09-12,-1.1045983299129984,4.8570568000000005
MSFT.GK,4.860752333333333,5.942846997799643,up,22.261876151263348,2023-09-12,-1.1005825154467024,4.842264482352941
MSFT3926369,4.9771716,5.926665851783144,up,19.07698444198999,2023-09-12,-0.9609997089260016,4.965666142857143
MSFT4077804,5.060539743589745,5.942667618857641,up,17.43149782363234,2023-09-12,-0.9676444938576401,4.975023125000001
MSFT4077805,5.005806974863387,6.1549227048462765,up,22.955654018486197,2023-09-12,-0.6771501938438327,5.477772511002444
MSFT4211185,5.140603885665529,6.154187727265129,up,19.71721346641702,2023-09-12,-1.0221749372651292,5.13201279
MSFT4211189,4.684554743397257,6.172982162509734,up,31.77308198202555,2023-09-12,-1.4968578190517894,4.6761243434579445
MSFT4211190,4.970191538461538,5.897793093307409,up,18.663295924667693,2023-09-12,-0.9296522361645518,4.968140857142857
MSFT4211192,4.926103666666666,5.785224343297452,up,17.44016640259065,2023-09-12,-0.8892293432974521,4.895995
MSFT4307004,4.713505744808742,6.021711357760234,up,27.754407945557176,2023-09-12,-1.313365410992172,4.708345946768062
MSFT4307006,4.967304388506677,6.05469732700508,up,21.891006740283665,2023-09-12,-1.1432487864645386,4.911448540540541
MSFT4307010,4.973729331904251,6.144817497089406,up,23.545474372180795,2023-09-12,-1.0677754011540657,5.07704209593534
MSFT4389877,4.864228195214791,6.166710118638562,up,26.7767438358483,2023-09-12,-1.2483758421513098,4.918334276487252
MSFT4389879,4.788366292682928,5.998361170255202,up,25.26947195792561,2023-09-12,-1.1843511395935877,4.814010030661614
MSFT4389880,4.93197264,5.88347976678822,up,19.292627843698263,2023-09-12,-0.8805259046790859,5.002953862109134
MSFT4389882,,no data prior to target date,N/A,N/A,,N/A,4.926145703703704
MSFT4451227,4.896071333333333,5.875331133060522,up,20.000929991771397,2023-09-12,-0.9523608068390388,4.922970326221483
MSFT4451228,4.780803352644837,6.005184648694082,up,25.610367248673665,2023-09-12,-1.220181083808586,4.785003564885496
MSFT4451229,4.720816494785926,6.231496484619047,up,32.00039636155409,2023-09-12,-1.4893423031556319,4.742154181463415
MSFT4451230,5.488059558160919,6.169879387502052,up,12.423695882222066,2023-09-12,-0.6217615112441646,5.548117876257887
MSFT4996721,4.949481009825328,5.853475047511245,up,18.264420772428025,2023-09-12,-0.8900492766062733,4.963425770904972
MSFT4997121,4.931853409501761,5.902051876172891,up,19.672086457434755,2023-09-12,-1.0507487447239878,4.851303131448903
MSFT5152696,4.960620455077731,5.733523264721759,up,15.580768910729281,2023-09-12,-0.7859852479150362,4.947538016806723
MSFT5152920,4.970794025975185,5.880682578446774,up,18.304692323136127,2023-09-12,-0.9214001031755084,4.959282475271266
MSI3702011,6.202984500000001,6.116331217704907,down,-1.3969611288742385,2023-09-12,0.1570390322950912,6.273370249999998
MSI3702012,6.759011572302985,5.329042393050829,down,-21.15648366562754,2023-09-12,1.2110639069491729,6.5401063000000015
MSI3702013,6.744281999999999,6.080218142939121,down,-9.846323998030893,2023-09-12,0.6248716570608783,6.7050898
MSI4154374,5.930391535630383,6.148781069999965,up,3.6825483285121474,2023-09-12,-0.13357079799996363,6.015210272000002
MSI4154376,6.299243986830926,5.942317301368652,down,-5.666182897637525,2023-09-12,0.348335762123412,6.290653063492064
MSI4602148,5.4949693584437105,6.128914977031649,up,11.536836281239708,2023-09-12,-0.6195039374337838,5.5094110395978655
MSI4832524,5.529662768817205,6.075519576543516,up,9.87143033033586,2023-09-12,-0.5503111872305375,5.525208389312978
MSI5028499,5.963672,6.0590258669506,up,1.5989119950024153,2023-09-12,-0.07883427841971002,5.98019158853089
MSI5182865,5.97492335483871,6.052780768017447,up,1.3030696555410293,2023-09-12,-0.0815437680174469,5.971237
MSI5415986,5.976728516091609,6.17063644060758,up,3.2443823405044645,2023-09-12,-0.20186718761953149,5.968769252988048
MSTR5327169,3.827718925888102,6.2665096525963735,up,63.71394488278489,2023-09-12,-1.760893770243432,4.5056158823529415
MT.AI,6.858842,5.961473254597623,down,-13.083385583198698,2023-09-12,0.863284600566832,6.824757855164455
MT.AM,6.9711258095238104,5.949068679126519,down,-14.66129228367931,2023-09-12,0.9665807738649352,6.915649452991454
MT4253276,5.869896,6.1197843045988085,up,4.257116388413163,2023-09-12,-0.13283423153944618,5.986950073059362
MT4806636,5.5674459999999995,6.112008369751607,up,9.781188174103674,2023-09-12,-0.5415563697516079,5.5704519999999995
MT4858474,5.851731,6.1294392283101935,up,4.745744948122077,2023-09-12,-0.05492456164352699,6.0745146666666665
MT4858475,5.328964134790531,6.156136985906987,up,15.522207134332133,2023-09-12,-0.7818939282146786,5.374243057692309
MT5505908,5.956112206010347,6.227716866058541,up,4.560099787477424,2023-09-12,-0.23062787988677869,5.997088986171763
MT5505909,6.601929704867718,6.126551139751872,down,-7.200600223982101,2023-09-12,0.49390616281568533,6.620457302567558
MTB4208932,6.6973215,6.145588019880973,down,-8.238121465708744,2023-09-12,0.6061675801190267,6.7517556
MTB5531038,6.616928421664167,6.23157623281735,down,-5.823732165292197,2023-09-12,0.4929830256226966,6.724559258440046
MTB5531039,6.537675256576873,6.178587941368639,down,-5.49258415439025,2023-09-12,0.2768014872027891,6.455389428571428
MTDR4770388,6.668077970654628,6.107883533536951,down,-8.401138072815321,2023-09-12,0.7886484744630495,6.896532008
MTG5026978,6.620257438873625,6.100201531249852,down,-7.8555239343117655,2023-09-12,0.433327087046675,6.533528618296527
MTH4277477,6.198386177635527,6.17579926638389,down,-0.36439987126219026,2023-09-12,0.05915954611611163,6.234958812500001
MTH4499296,6.378347236417033,6.105007992279858,down,-4.285424327113315,2023-09-12,0.22270872511144724,6.327716717391305
MTSI5395245,3.996692,6.156024831407357,up,54.0280019427906,2023-09-12,-1.9359569106152774,4.220067920792079
MTU4338442,5.657421125000001,6.120738005655268,up,8.18954202662908,2023-09-12,-0.3773966002121414,5.743341405443126
MTU4456712,5.409088994791667,6.1030478413878395,up,12.829495822020585,2023-09-12,-0.6533691696321133,5.449678671755726
MTU4520249,5.465459078431373,6.097375411884064,up,11.56199917306958,2023-09-12,-0.6273999833126354,5.469975428571429
MTU4605464,5.318303727069351,6.091976532813583,up,14.547360313521708,2023-09-12,-0.7371128625913608,5.3548636702222225
MTU4605975,5.943120211243611,6.142863881649423,up,3.3609226013622164,2023-09-12,-0.19151050907324763,5.951353372576175
MTU4685396,5.417757037780007,6.100359992225706,up,12.599364454434902,2023-09-12,-0.6729688126338687,5.4273911795918375
MTU4803873,5.483465186518324,6.086783143888628,up,11.002494533085105,2023-09-12,-0.5938170397219604,5.492966104166667
MTU4804046,5.891245846195949,6.256857756330063,up,6.206020249013941,2023-09-12,-0.3077581849014903,5.949099571428572
MTU4858387,5.607045,6.075288539211405,up,8.350985933078913,2023-09-12,-0.4062625392114052,5.669026
MTU4953625,5.743068,6.0690251286173496,up,5.675662008831334,2023-09-12,-0.3560261286173496,5.712999
MTU4953912,6.028605369236805,6.180629828656186,up,2.5217185419888635,2023-09-12,-0.15410771107232435,6.026522117583862
MTU5014794,5.694685,6.067596030289841,up,6.548404877352147,2023-09-12,-0.3704064302898402,5.697189600000001
MTU5014829,5.881025,6.122462524925018,up,4.105364709808538,2023-09-12,-0.21576752492501772,5.906695
MU4795144,5.78669445631068,6.125814344345917,up,5.860338585276613,2023-09-12,-0.3379153860125843,5.787898958333333
MU4795145,5.874319102777779,6.091580529634541,up,3.698495486124103,2023-09-12,-0.21309352150445893,5.878487008130082
MU4858016,5.990615664184157,6.0845585016648105,up,1.5681666584338905,2023-09-12,-0.0880947361580029,5.996463765506808
MU4858017,5.806489845922746,6.127798452957978,up,5.5336117957883175,2023-09-12,-0.34661243727170366,5.781186015686274
MU5283108,6.019045616698293,6.046795677850237,up,0.46103756175162913,2023-09-12,-0.007325677850237078,6.03947
MU5283109,6.306707880952381,5.948474736620022,down,-5.680192441040439,2023-09-12,0.3749561233799774,6.323430859999999
MU5283110,6.245729,5.824990709182465,down,-6.736416050352723,2023-09-12,0.4055497025822401,6.230540411764705
MU5495604,6.020255220955096,6.087159591335728,up,1.1113211637233187,2023-09-12,-0.046173829171246794,6.040985762164481
MU5537465,6.178902703592121,6.107082955655217,down,-1.1623382238265614,2023-09-12,0.06986388360068485,6.176946839255902
MU5568331,5.894082581967214,6.103906704114804,up,3.559911474425914,2023-09-12,-0.19661448143943705,5.907292222675367
MU5568332,6.297560565419321,6.1123346768173406,down,-2.9412323498574757,2023-09-12,0.15959639016019267,6.271931066977533
MUR.GA,6.854813089285715,6.089788149934021,down,-11.160405533849659,2023-09-12,0.6680341385275188,6.75782228846154
MUR3937501,7.434148333333333,5.938252952848177,down,-20.121946905173264,2023-09-12,1.5409320282838976,7.479184981132074
MUR4486931,6.4131231363636365,6.102385189538155,down,-4.845345087224943,2023-09-12,0.16496210212851192,6.267347291666667
MUR4528041,6.369498259803922,6.12015126011098,down,-3.914703945623147,2023-09-12,0.2645288700614348,6.3846801301724145
MUR4880676,6.639230030612246,6.073749890588461,down,-8.517254823472927,2023-09-12,0.59946083354947,6.673210724137931
MUR4912243,6.384840111111111,6.094839776985082,down,-4.542014037616398,2023-09-12,0.3156488896815848,6.410488666666667
MUR5142437,6.440754032352941,6.090189422973579,down,-5.442912547481541,2023-09-12,0.3978110132583037,6.488000436231883
MYL4072751,6.992624666666667,5.918833039630901,down,-15.356059823351496,2023-09-12,1.245832384611525,7.1646654242424255
MYL4072753,5.977466380952381,6.155748057456365,up,2.982562596622723,2023-09-12,0.7093856051942371,6.865133662650602
MYL4449905,7.298234281191806,5.921418417845475,down,-18.8650543446448,2023-09-12,1.3830483286333974,7.304466746478872
MYL4449906,6.318155919223232,6.354995556895249,up,0.5830757920983086,2023-09-12,-0.00219628053787968,6.352799276357369
MYL4780184,6.225755463718821,6.094284762228295,down,-2.1117228624973188,2023-09-12,0.13115342921773543,6.22543819144603
MYL4780185,7.297037915384616,5.866389853757701,down,-19.60587403020925,2023-09-12,1.4306471462422996,7.297037
NABZ4325687,5.406165,6.1928440278886105,up,14.551517163989832,2023-09-12,-0.7629560278886105,5.429888
NABZ4380452,5.306382714285715,6.1109880214428935,up,15.162971660356112,2023-09-12,-0.7110870214428937,5.399901
NABZ5504110,5.488397571428571,6.2450059467614425,up,13.785597079767205,2023-09-12,-0.7866438144459202,5.458362132315522
NABZ5522707,5.296846523809524,6.349508544667682,up,19.873372130500712,2023-09-12,-0.907123544667682,5.442385
NABZ5599662,5.464795,6.1503876502761425,up,12.545624314839676,2023-09-12,-0.692404650276143,5.457983
NBIX4629438,45.819246,6.134561435632416,down,-86.6113871982258,2023-09-12,48.72802067727313,54.86258211290554
NBN5173872,5.459528,6.0583400464199935,up,10.968201764328231,2023-09-12,-0.5853920464199938,5.472948
NBR4684755,7.36161916298021,6.130792776249445,down,-16.7195063950101,2023-09-12,1.0826624243631127,7.213455200612557
NCLH5506530,6.622208487850467,6.106190964493817,down,-7.792227084112035,2023-09-12,0.5503666494478816,6.656557613941699
NDAQ4370444,5.449670965217391,6.112941537857496,up,12.17083704453791,2023-09-12,-0.6136168711908292,5.499324666666666
NDAQ5092157,5.444973,6.059365027849528,up,11.283656096173987,2023-09-12,-0.5589431474147446,5.500421880434783
NDAQ5372971,5.914162133333334,5.828520272837564,down,-1.448081039460787,2023-09-12,0.0756637747814839,5.904184047619048
NDAQ5607189,5.590336789473684,6.122349964367175,up,9.516656955181023,2023-09-12,-0.4903578952182386,5.631992069148937
NDAQ5607190,5.538407817446826,6.222909212259667,up,12.359172841273223,2023-09-12,-0.6840386915700121,5.538870520689655
NDAQ5607191,5.796827760933605,6.049628901235126,up,4.3610255596210035,2023-09-12,-0.23212117303534985,5.817507728199776
NDAQ5607192,6.101851797824117,5.849341053574269,down,-4.138264130569204,2023-09-12,0.24456220446768917,6.0939032580419585
NDAQ5607193,6.315825000178995,5.976383431332923,down,-5.374461275232475,2023-09-12,0.3448105374170769,6.32119396875
NEE3667190,5.540780000000001,6.009088860563369,up,8.45203853181986,2023-09-12,-0.462631446770267,5.546457413793102
NEE3667647,5.6016960000000005,6.001957542000235,up,7.145363511340751,2023-09-12,-0.4122180420002346,5.5897395
NEE3672453,5.588217533333333,5.99960898138825,up,7.361765099532993,2023-09-12,-0.4409843147215824,5.558624666666668
NEE3687582,5.537652798319328,5.957153710839671,up,7.575428214778294,2023-09-12,-0.40712871083967084,5.550025
NEE3703177,5.264220792771086,6.030993643481244,up,14.565742602648864,2023-09-12,-0.7990257402554368,5.231967903225807
NEE3704251,5.113482,6.030168007254442,up,17.9268452935679,2023-09-12,-1.0115133405877748,5.018654666666667
NEE3854802,5.562954651209677,5.998798151080416,up,7.834748388178279,2023-09-12,-0.46979815108041567,5.529
NEE3945449,5.416957999999999,5.9265502551594755,up,9.407351047570913,2023-09-12,-0.4861206091417767,5.440429646017699
NEE4125812,5.847241776207303,6.148775233938964,up,5.156849490277864,2023-09-12,-0.087931048753779,6.060844185185185
NEE4160631,5.492039,5.923136813770803,up,7.849503868614244,2023-09-12,-0.4362251717978127,5.48691164197299
NEE4311517,5.310197592105263,6.1195101567671975,up,15.240724109120713,2023-09-12,-0.8262039018167027,5.293306254950495
NEE4489519,5.458763018786128,6.109722645874587,up,11.925039149862462,2023-09-12,-0.6469829853942386,5.462739660480349
NEE4497166,5.243304,6.101321698482415,up,16.364065453431927,2023-09-12,-0.7794485932192563,5.321873105263158
NEE4605956,5.516440408552882,5.882898031390907,up,6.643008819053961,2023-09-12,-0.36845043139090716,5.5144476
NEE4800709,5.505576130434783,5.860241126002533,up,6.441923373053807,2023-09-12,-0.30228112600253354,5.55796
NEE4814956,5.496344751445086,6.083556658763458,up,10.683680407128449,2023-09-12,-0.562054658763457,5.521502000000001
NEE4892985,5.512166215441517,6.086233188819772,up,10.414543954971677,2023-09-12,-0.555976094817983,5.530257094001789
NEE4901708,5.8712136794756455,6.219096018449,up,5.925220200883979,2023-09-12,-0.3475487906732502,5.87154722777575
NEE4970511,5.452369918215614,6.130193055032881,up,12.431715877397709,2023-09-12,-0.5985670022345699,5.531626052798311
NEE4984499,5.617421294719381,6.087943981197209,up,8.376133136393738,2023-09-12,-0.4678596001307005,5.620084381066508
NEE5196615,5.440455343309861,6.09611891387051,up,12.051630409335496,2023-09-12,-0.6334412673676741,5.4626776465028355
NEE5303835,5.340669,5.8264981149691,up,9.096783848036639,2023-09-12,-0.45460564246762125,5.371892472501479
NEE5320252,5.500327010380623,6.125099508679268,up,11.358824613873471,2023-09-12,-0.6614348932946523,5.463664615384616
NEE5320253,5.642528854716982,6.055576358553242,up,7.32025505710909,2023-09-12,-0.41581223047647864,5.639764128076763
NEE5320254,5.747039,5.8628181315290275,up,2.01458753853989,2023-09-12,-0.12380813152902626,5.739010000000001
NEE5340069,5.166666808980754,6.064814271754652,up,17.383498800672204,2023-09-12,-0.8926395186765737,5.172174753078078
NEE5381640,5.898380006060606,6.139354889664796,up,4.085441822273027,2023-09-12,-0.1777782838253792,5.961576605839417
NEE5433586,5.90286024599359,6.169606948888824,up,4.518939832198825,2023-09-12,-0.25073333140248444,5.91887361748634
NEE5433587,5.805127463710252,6.162744147747022,up,6.160358859858777,2023-09-12,-0.32498708205989946,5.837757065687122
NEE5433588,5.5091457961904755,6.109202760710325,up,10.892014601152564,2023-09-12,-0.5493077463819667,5.559895014328358
NEE5433589,5.64001417355372,6.0497094855857885,up,7.2640830222226835,2023-09-12,-0.3579943403952264,5.691715145190562
NEE5470789,5.869820680498495,6.371820878457756,up,8.552223743854281,2023-09-12,-0.5186511213457585,5.853169757111997
NEE5537489,5.444203471669681,6.112036323235903,up,12.266860616827833,2023-09-12,-0.5977355655781729,5.51430075765773
NEE5537490,5.5042613614035085,6.075851069161218,up,10.38449430773328,2023-09-12,-0.517064790993004,5.558786278168214
NEE5537491,5.660741613086038,6.048275908847845,up,6.845998673847567,2023-09-12,-0.36754809951881295,5.680727809329032
NEE5537492,5.934507767857143,5.828654043299602,down,-1.783698475059254,2023-09-12,0.09317450215494283,5.921828545454545
NEE5549230,5.118569135211268,6.096590451666676,up,19.10731867871977,2023-09-12,-0.9566094720046872,5.139980979661988
NEE5549231,5.300581764687203,6.054143222570112,up,14.216580204519849,2023-09-12,-0.7363482659736347,5.317794956596478
NEE5549232,5.495217963018868,5.819441620061363,up,5.900105495804185,2023-09-12,-0.2863898053540561,5.5330518147073064
NEE5588237,5.216029674042094,6.134537847766784,up,17.609335665701916,2023-09-12,-0.8678725884487823,5.2666652593180014
NEE5588252,5.081174720481927,6.098363765931023,up,20.01877718057724,2023-09-12,-0.9958566454612248,5.102507120469798
NEE5588253,5.178164535353536,6.077308518909048,up,17.364144716079842,2023-09-12,-0.8978321498614283,5.179476369047619
NEE5588254,5.26579082317441,6.044627645407943,up,14.790500579816456,2023-09-12,-0.758041162425771,5.286586482982172
NEE5630772,5.722033488129243,6.604886782135848,up,15.429013056951613,2023-09-12,-0.8590444390562366,5.7458423430796115
NEM.GL,6.182137249999999,6.014585097802463,down,-2.710262574606154,2023-09-12,0.13279096671366464,6.147376064516128
NEM.GS,5.953713787234043,5.99013679905906,up,0.6117696134993212,2023-09-12,-0.021161991198798802,5.968974807860262
NEM3827990,5.87275752631579,5.944784304380362,up,1.2264558470500524,2023-09-12,0.005254695619639094,5.950039000000001
NEM4881172,5.6719288578680205,6.104842726728264,up,7.632568738229348,2023-09-12,-0.3970220779753708,5.707820648752893
NEM4962226,5.64928819737664,6.10976663765004,up,8.15108778637338,2023-09-12,-0.5027090369262774,5.6070576007237625
NEM5317601,5.562340791408042,6.2277137860897,up,11.962104078725929,2023-09-12,-0.6605177592079796,5.56719602688172
NFG.GF,5.85157142857143,6.1258453508565385,up,4.687184043347966,2023-09-12,-0.27638085085653774,5.849464500000001
NFG4261095,6.151182137345677,6.138202423382971,down,-0.2110116994244507,2023-09-12,0.14275522879094193,6.280957652173913
NFG4543079,6.141260480192075,6.108636561415646,down,-0.5312251268555357,2023-09-12,0.18077102191768635,6.2894075833333325
NFG4989989,5.934169333333334,6.118591067537506,up,3.1077935907261764,2023-09-12,-0.1599864008708387,5.958604666666667
NFG5129000,6.307874264150944,6.061605850426234,down,-3.9041427176871375,2023-09-12,0.37597314957376593,6.4375789999999995
NFG5588180,5.9361115,6.114773621603543,up,3.00975009656647,2023-09-12,-0.2603457125126347,5.854427909090909
NFLX4219004,5.714444858993903,6.168637993408082,up,7.948158493459426,2023-09-12,-0.5134847996580802,5.655153193750002
NFLX4335215,5.623725683962262,6.152256479584687,up,9.398232156481043,2023-09-12,-0.49326050466967075,5.658995974915016
NFLX4562333,5.390162812197483,6.143624991460612,up,13.978467914885767,2023-09-12,-0.67351819397458,5.470106797486032
NFLX4764899,5.372394947619047,6.107227998022092,up,13.677941729297283,2023-09-12,-0.6897825895826015,5.41744540843949
NFLX4826528,5.354571145748987,6.136281528170194,up,14.598935398249582,2023-09-12,-0.7588256781452101,5.377455850024984
NFLX4908613,5.392332412238326,6.088020454131309,up,12.901430933932481,2023-09-12,-0.6794348477318062,5.408585606399503
NGG3666361,6.153408631578947,6.019923757764127,down,-2.1692834298340418,2023-09-12,0.13342102001364875,6.153344777777776
NGG5600374,5.720047774735389,6.115851171875471,up,6.91958201622525,2023-09-12,-0.34958400781037735,5.766267164065094
NGG5600375,5.949457125307126,6.040049223474818,up,1.5226952015897612,2023-09-12,-0.07528200457660539,5.964767218898213
NGL4519376,7.4356593333333345,6.128985644958304,down,-17.573070924824922,2023-09-12,1.3634146586131255,7.492400303571429
NGL4944993,9.490952878504672,6.12787364168564,down,-35.43457943444025,2023-09-12,3.144180194401902,9.272053836087542
NHI5113928,7.582693823589744,6.083876446316226,down,-19.76629166551207,2023-09-12,1.4470535536837739,7.53093
NHOL3706031,6.317364909090908,6.024024279152878,down,-4.643401705605166,2023-09-12,0.194118720847122,6.218143
NHY.GC,5.434771035087719,6.124424412616809,up,12.68964916969972,2023-09-12,-0.3559601348390302,5.768464277777778
NHY.GH,5.263657,6.0893692938390425,up,15.687045980371483,2023-09-12,-0.9381582169159675,5.151211076923075
NI3993366,5.9474195,5.917027711473054,down,-0.5110079846721053,2023-09-12,0.11131272330955522,6.028340434782609
NI4496379,5.560604102397603,6.11541017392029,up,9.97744240204887,2023-09-12,-0.6023158005869576,5.513094373333333
NI4496380,5.936451999999999,5.88954861293365,down,-0.7900912374318722,2023-09-12,0.0410073870663501,5.930556
NI4869968,5.494513,6.079077928119075,up,10.639067158801414,2023-09-12,-0.5500929281190752,5.528985
NI4974636,5.693877167119565,6.079340528801755,up,6.7697870953052,2023-09-12,-0.38372128941951633,5.695619239382238
NI5029925,5.7406754210526305,6.124425454197725,up,6.684754057645867,2023-09-12,-0.39489569568207905,5.729529758515646
NI5029926,5.669597666666666,6.066465112925381,up,6.999922562266142,2023-09-12,-0.3833831129253813,5.683082
NI5426596,5.962105666666666,5.82543602674405,down,-2.292304892996402,2023-09-12,0.12605097325594983,5.951487
NI5558777,5.533372246469834,6.099019364068955,up,10.22246638042454,2023-09-12,-0.5323180092008926,5.566701354868062
NI5596311,5.718968,6.036003813899753,up,5.543584330245468,2023-09-12,-0.33590045781696176,5.700103356082791
NIO5354822,5.074729618982118,6.128014994513264,up,20.75549742771149,2023-09-12,-0.8437379945132637,5.284277
NKE4305328,5.103925935129329,6.032652572348266,up,18.196318853819815,2023-09-12,-0.9249713668449564,5.10768120550331
NKE4416427,5.035637366412215,6.113658079142843,up,21.407830514584806,2023-09-12,-1.0428977585686807,5.070760320574163
NKE4416434,5.173527,5.88742783427175,up,13.799112950831224,2023-09-12,-0.66725033427175,5.2201775
NKE4971166,5.36658594184168,6.135658984613406,up,14.330769153913883,2023-09-12,-0.7637339539490107,5.3719250306643955
NKE4971167,4.938595074626866,6.108218803047038,up,23.68332918058771,2023-09-12,-1.1622540757743112,4.9459647272727265
NKE4971168,4.96814577388877,6.0987203253107936,up,22.756468970053533,2023-09-12,-1.1239177431808294,4.974802582129964
NKE4971169,5.152143480273539,5.981735745375114,up,16.10188590977537,2023-09-12,-0.8347367453751131,5.146999000000001
NKE4971170,5.0594186363636355,5.849548543816678,up,15.617009863033083,2023-09-12,-0.7892147172531709,5.060333826563507
NMR4935344,6.257336999999999,6.13882762424712,down,-1.893926693621888,2023-09-12,0.2582623757528806,6.39709
NMR5012068,6.232173,6.1283992077400695,down,-1.6651301602174855,2023-09-12,0.1564007922599302,6.2848
NMR5217169,6.182432506726458,6.115766606182576,down,-1.0783118209757967,2023-09-12,0.09247394259791086,6.208240548780487
NMR5217170,6.114873873563219,6.111533955427168,down,-0.05461957523753392,2023-09-12,0.04447404457283177,6.156008
NMR5217171,6.176082,6.07339823876347,down,-1.662603592966053,2023-09-12,0.15198070241299977,6.22537894117647
NMR5334491,6.22006639373297,6.129225057616867,down,-1.4604560524889307,2023-09-12,0.0992000106039086,6.228425068220775
NMR5334492,6.223979,6.090674074475849,down,-2.14179587566331,2023-09-12,0.10150142552415087,6.1921755
NMR5438897,6.195634124849939,6.144799741314044,down,-0.8204871771237261,2023-09-12,0.1034489662671847,6.2482487075812285
NMR5522575,6.125119000000001,6.121660743554271,down,-0.05646023278453404,2023-09-12,0.01518180839378136,6.136842551948052
NMR5522577,6.078074,6.0428857919134815,down,-0.5789368159472632,2023-09-12,0.031057208086517463,6.073942999999999
NMR5613496,6.142003832167833,6.116341345773147,down,-0.41781944615994004,2023-09-12,0.06932565422685233,6.185667
NNMC5362629,,no data prior to target date,N/A,N/A,,N/A,5.598981
NNN4123597,6.110245990069394,6.325109784924447,up,3.5164508139976216,2023-09-12,-0.1753747361439597,6.149735048780487
NNN4301046,5.8721413877551045,6.125117686973117,up,4.308075751471717,2023-09-12,-0.23636736926478363,5.888750317708333
NNN4433673,5.9001485,6.111263790055526,up,3.578135195334927,2023-09-12,-0.21936479005552556,5.891899
NNN4953813,5.793311378640777,6.079983250020999,up,4.9483249327344305,2023-09-12,-0.25934025002099936,5.820643
NNN4953814,6.090233,5.849373477526258,down,-3.9548490587099376,2023-09-12,0.3467355224737423,6.196109
NNN5141386,6.06992,5.839019361686973,down,-3.804014522646535,2023-09-12,0.22856654889424988,6.067585910581223
NNN5260047,6.0224587826086955,5.829478013771949,down,-3.2043518403816265,2023-09-12,0.18222298622805155,6.011701
NNN5631860,6.033588313984168,6.044502449685024,up,0.18088963205460373,2023-09-12,-0.007281527340701643,6.037220922344322
NOC.GB,,no data prior to target date,N/A,N/A,,N/A,5.949838
NOC.GN,5.416101985815603,6.066155837912206,up,12.002245411904152,2023-09-12,-0.6721439579122039,5.394011880000002
NOC.GS,,no data prior to target date,N/A,N/A,,N/A,5.6860215
NOC4013010,5.640595225806452,5.927093496962641,up,5.079220537673442,2023-09-12,-0.28993334311648766,5.637160153846153
NOC4208906,5.615429015800205,5.926868994054231,up,5.546147540601487,2023-09-12,-0.30539100943884634,5.621477984615384
NOC4431710,5.162584475095786,6.112289528276655,up,18.395922773994872,2023-09-12,-0.9114094806576079,5.200880047619047
NOC4552481,5.679655667016807,6.148314136760557,up,8.251529621159397,2023-09-12,-0.4156170784801194,5.732697058280437
NOC4552482,5.208379903596021,6.106050277814876,up,17.2351170773675,2023-09-12,-0.8776144290269974,5.228435848787878
NOC4552483,5.467005670391062,5.884062912416019,up,7.628622817856426,2023-09-12,-0.3518595481146294,5.53220336430139
NOC4969025,5.233136293010753,6.079333888135909,up,16.16998961512462,2023-09-12,-0.8301414150176303,5.249192473118279
NOC4969026,5.645183981891349,5.963667632393123,up,5.641687702710973,2023-09-12,-0.3310621207652158,5.632605511627907
NOC4969027,5.443930333333333,5.848881192956985,up,7.438575345906369,2023-09-12,-0.34712891034828885,5.501752282608696
NOC5415132,5.09878,6.119806103730147,up,20.024909953560403,2023-09-12,-0.6905426037301474,5.429263499999999
NOC5537479,5.291519175482266,6.112854064431591,up,15.52172186684874,2023-09-12,-0.8263513097732069,5.286502754658384
NOC5537480,5.518733216513168,5.88576355716344,up,6.650626624821111,2023-09-12,-0.35127580699255834,5.534487750170881
NOHE5164071,5.385159500000001,6.003146262676874,up,11.475737397877868,2023-09-12,-0.6326118193556942,5.37053444332118
NOHE5164072,5.402452049382716,5.859106352307031,up,8.452722925629532,2023-09-12,-0.43853410552898797,5.420572246778043
NOHE5164073,5.488039,5.720330315369434,up,4.2326833932746215,2023-09-12,-0.20797227079033842,5.512358044579096
NOK.GB,7.220714404255321,6.007458417775923,down,-16.802436968901585,2023-09-12,1.2700753422133904,7.277533759989313
NOK4504248,6.226195908688183,6.167717452095292,down,-0.9392325177447178,2023-09-12,0.05176654027112004,6.2194839923664125
NOVA5425408,11.816418344827586,6.273798990052793,down,-46.90608603241413,2023-09-12,4.683192509947203,10.956991499999996
NOVA5642247,11.49987,6.0991233848186,down,-46.96354493730277,2023-09-12,5.195783978817766,11.294907363636366
NOW5026931,5.245738620503597,6.079184873359764,up,15.888062924037849,2023-09-12,-0.8243080724925713,5.254876800867192
NPO4821615,6.792944577415599,6.122945126051962,down,-9.863166756743077,2023-09-12,0.686708627228878,6.80965375328084
NRDE5186749,,no data prior to target date,N/A,N/A,,N/A,6.000965
NRG4485945,7.053909668271901,6.171069154430989,down,-12.515619781918675,2023-09-12,0.9367030174093651,7.107772171840354
NRG4572326,7.076354920918367,6.117087435632177,down,-13.55595495147516,2023-09-12,0.9563462463767971,7.073433682008974
NRG4841181,0.96120275,5.871713215543245,up,510.8714540759736,2023-09-12,-5.149641882209912,0.7220713333333334
NRX.GY,5.392692142857143,6.0539450772422505,up,12.262018985470284,2023-09-12,-0.457175614555684,5.5967694626865665
NRX4066017,,no data prior to target date,N/A,N/A,,N/A,6.296904818181819
NRX4074735,,no data prior to target date,N/A,N/A,,N/A,6.178890999999998
NRX4096208,,no data prior to target date,N/A,N/A,,N/A,6.11397425
NRX4150795,,no data prior to target date,N/A,N/A,,N/A,5.655482666666666
NRX4177210,,no data prior to target date,N/A,N/A,,N/A,5.199965000000001
NRX4203909,5.5089878418943545,6.210140722160174,up,12.72743560865651,2023-09-12,-0.6677829529294064,5.542357769230768
NRX4234692,,no data prior to target date,N/A,N/A,,N/A,6.032733
NRX4240495,5.502944800000002,6.076030251662497,up,10.414159554398864,2023-09-12,-0.9207204183291626,5.155309833333335
NRX4255616,,no data prior to target date,N/A,N/A,,N/A,5.562496000000001
NRX4288148,5.582355,6.110093670179072,up,9.453692396471965,2023-09-12,-0.995665670179072,5.114428
NRX4302952,5.452508989651182,6.742885598390956,up,23.665740142545346,2023-09-12,-1.2185979827753384,5.524287615615617
NRX4332228,,no data prior to target date,N/A,N/A,,N/A,5.744481000000001
NRX4335832,5.881598499999998,6.089271636360473,up,3.5308961732167665,2023-09-12,-0.7325619696938066,5.356709666666666
NRX4350031,,no data prior to target date,N/A,N/A,,N/A,5.732621000000001
NRX4354083,5.557513,6.103853113451396,up,9.830658307976888,2023-09-12,-1.0022931134513957,5.10156
NRX4355975,5.5768103333333325,6.081446015553858,up,9.04882275095948,2023-09-12,-0.4322232655538585,5.64922275
NRX4389196,,no data prior to target date,N/A,N/A,,N/A,6.2243175
NRX4400288,5.501515666666666,6.088303820819528,up,10.665936256587862,2023-09-12,-0.9159508208195275,5.172353
NRX4406953,,no data prior to target date,N/A,N/A,,N/A,6.1181677500000005
NRX4413304,5.51984,6.087459429449235,up,10.283258743899006,2023-09-12,-0.7143634294492349,5.373096
NRX4451501,5.901044,6.152168826029834,up,4.25559995875026,2023-09-12,-0.12395521388030062,6.028213612149534
NRX4486053,5.264941,6.115211586237428,up,16.14966979188233,2023-09-12,-0.832776252904095,5.282435333333333
NRX4594338,5.3229755294117655,6.101570220972794,up,14.627057503062943,2023-09-12,-0.8137355278653615,5.287834693107432
NRX4756677,5.276986,6.09262124588525,up,15.456460295427169,2023-09-12,-0.8124857819677231,5.280135463917527
NRX4756858,5.849499833333334,5.86807240802319,up,0.3175070556292816,2023-09-12,-0.021564217546999664,5.84650819047619
NRX4792611,5.83015975,5.865257996915805,up,0.602011753036523,2023-09-12,-0.06028399691580599,5.804973999999999
NRX4939794,5.430919000000001,6.079587416895899,up,11.94398990108116,2023-09-12,-0.6382845542349544,5.441302862660945
NRX5123910,5.386115736842105,6.146334439686429,up,14.114414542641123,2023-09-12,-0.41713004298086886,5.72920439670556
NRX5136726,5.387778625,6.119749271493825,up,13.58575950202158,2023-09-12,-0.792275142183481,5.327474129310344
NRX5283115,5.733964770833334,6.139716056756676,up,7.076277970650531,2023-09-12,-0.3019830567566757,5.837733
NRX5353322,5.509938,6.061481869181956,up,10.00998321908443,2023-09-12,-0.5648402106453707,5.496641658536586
NRX5406321,5.6300497499999995,6.1310254149697565,up,8.898245792051075,2023-09-12,-0.4743784545737153,5.656646960396041
NRX5493134,5.508035,6.0460577491194725,up,9.767961698127788,2023-09-12,-0.5126597536138542,5.533397995505618
NRX5493135,5.297399534313725,6.128136234797264,up,15.6819717882797,2023-09-12,-0.7561694000865202,5.371966834710744
NRX5512052,5.186108037107517,6.112133291496031,up,17.855880513144733,2023-09-12,-0.8545348894600329,5.257598402035998
NRX5536099,5.363950026575551,6.137695719353052,up,14.424923590712035,2023-09-12,-0.7522899772879654,5.385405742065086
NRX5608872,5.251406448071217,6.123078009104487,up,16.5988210901753,2023-09-12,-0.8737289718951855,5.249349037209302
NS4486833,6.638153088435374,6.111277111378981,down,-7.937086867946554,2023-09-12,0.43832192761547617,6.549599038994457
NS4835680,6.7280056521739136,6.12078896044533,down,-9.025210784898547,2023-09-12,0.5682540395546702,6.689043
NS5043593,6.6971755,6.12871971845428,down,-8.487992909036352,2023-09-12,0.5302947398790518,6.659014458333332
NS5043595,7.034753482587066,6.08331743216263,down,-13.524795897674302,2023-09-12,0.9393320873178901,7.02264951948052
NSC.GO,6.361996000000001,5.999095761660952,down,-5.704188407836935,2023-09-12,-0.09367660293079183,5.90541915873016
NSC.GQ,5.1025,6.128583344114711,up,20.109423696515645,2023-09-12,-1.0198042893201889,5.108779054794522
NSC.JM,5.647315800508258,6.145764453233406,up,8.826293239706695,2023-09-12,-0.49878989323340583,5.64697456
NSC3845871,5.7597712161100185,5.96024421559581,up,3.4805722651807876,2023-09-12,-0.20243983516102748,5.7578043804347825
NSC3898289,5.730041513888887,5.9859540770335,up,4.466155481148152,2023-09-12,-0.2515781376395605,5.7343759393939395
NSC4039283,6.150506999999999,5.933282420347725,down,-3.5318158267647615,2023-09-12,0.13618832965227412,6.069470749999999
NSC4072209,6.040838999999999,6.147941949568789,up,1.7729813618404675,2023-09-12,0.2227035944925122,6.3706455440613015
NSC4369636,5.2994829014084495,6.124709049262625,up,15.571823953519212,2023-09-12,-0.8159480492626257,5.308761
NSC4638220,5.548009,5.828413385348401,up,5.054144384920792,2023-09-12,-0.2102053853483996,5.618208000000001
NSC4640823,5.596669999999999,5.881377604497474,up,5.087089367382306,2023-09-12,-0.2429156044974743,5.638462
NSC4661964,,no data prior to target date,N/A,N/A,,N/A,6.245981
NSC4902924,5.359743501506024,6.097974571538653,up,13.773626850337042,2023-09-12,-0.7387694221133652,5.3592051494252875
NSC4983298,5.577540163043477,5.854781589085315,up,4.97067556552665,2023-09-12,-0.271727589085315,5.583054
NSC5033522,5.50450022442506,5.803698219301409,up,5.435516080982625,2023-09-12,-0.301475607261275,5.502222612040134
NSC5241569,5.511608,5.83884025716908,up,5.937146784914316,2023-09-12,-0.3001304952643187,5.538709761904761
NSC5362483,5.296772858535101,6.130132849122188,up,15.733353361457253,2023-09-12,-0.7762903016124749,5.353842547509713
NSC5424402,5.619483757857975,5.823565379498275,up,3.6316791796919636,2023-09-12,-0.21258848310789968,5.610976896390375
NSC5533168,5.2975525,6.101943590767363,up,15.18420234188077,2023-09-12,-0.7760180107673635,5.32592558
NSC5626939,5.385234930769231,6.077269913512707,up,12.850599679309157,2023-09-12,-0.6674454088830766,5.40982450462963
NSC5626940,5.669346482801664,5.886331924413247,up,3.827344867169819,2023-09-12,-0.19395182809009803,5.692380096323149
NTAP4547207,5.884647163137956,6.165766911741094,up,4.777172544245329,2023-09-12,-0.19999891174109408,5.965768
NTAP5003217,5.698704,6.13264121660751,up,7.61466495904174,2023-09-12,-0.30155962930592306,5.831081587301587
NTAP5003251,5.302234691588785,6.110764810024707,up,15.248855727162297,2023-09-12,-0.7489359024339484,5.361828907590759
NTAP5003665,5.8327426,6.076609200985791,up,4.180993705873298,2023-09-12,-0.24858333011107092,5.82802587087472
NTIOF5524605,5.608639083361481,6.302943979208231,up,12.379204393922684,2023-09-12,-0.6292129792082308,5.673731
NTNX5487947,2.61408895625,6.554158347486069,up,150.72438073753366,2023-09-12,-3.915101347486069,2.639057
NTR3687894,,no data prior to target date,N/A,N/A,,N/A,6.265318000000001
NTR4621585,5.964029,6.135491971769308,up,2.874952012629511,2023-09-12,-0.13858997176930732,5.996902
NTR4621586,5.473183285714286,6.119673978330255,up,11.811968627167907,2023-09-12,-0.4105489783302545,5.709125
NTR4621587,6.0692829999999995,6.00455518222649,down,-1.0664821161496305,2023-09-12,0.1404468177735101,6.145002
NTR4621594,,no data prior to target date,N/A,N/A,,N/A,6.155738
NTR4810332,5.601681962162162,6.091806020506023,up,8.749587385619458,2023-09-12,-0.4773859383912873,5.614420082114735
NTR4986760,5.640157,6.07858118066071,up,7.773261997152027,2023-09-12,-0.4219451806607104,5.656636
NTR5500368,5.9107255619295955,6.144540027431483,up,3.955765887827097,2023-09-12,-0.2454663180718768,5.899073709359606
NTR5500369,5.69784025,6.129163980230489,up,7.569951267596338,2023-09-12,-0.3744099326114405,5.754754047619048
NTR5559666,5.576736845109584,6.136499834073134,up,10.037464641252063,2023-09-12,-0.48302874669090556,5.653471087382228
NTRA5169220,9.760527867924528,6.11376925761321,down,-37.36230928959749,2023-09-12,3.49990651161756,9.61367576923077
NTRS4065678,5.618049188118812,6.157667005674403,up,9.605074635102662,2023-09-12,-0.4465909309617606,5.711076074712643
NTRS4662195,5.136267375000001,6.099591852351541,up,18.755341321216548,2023-09-12,-0.9582681681410143,5.141323684210526
NTRS4829077,5.245477003716941,6.129240157225246,up,16.848098902770364,2023-09-12,-0.8802842503929478,5.248955906832299
NTRS4982517,5.338614403773585,6.080526154061496,up,13.897084415077677,2023-09-12,-0.7351795736419149,5.345346580419581
NTRS5410509,5.332403115406809,6.1221600735862305,up,14.81052615653892,2023-09-12,-0.7980390103451231,5.324121063241107
NTRS5495582,5.964237197980335,6.071989593343151,up,1.8066416841923054,2023-09-12,-0.0709514822268309,6.00103811111632
NTXFF4089396,7.222896333333335,6.144695537257079,down,-14.927540785825876,2023-09-12,0.36620813258419016,6.5109036698412694
NTXFF4116140,5.9847368,6.181908379693269,up,3.2945739517445194,2023-09-12,-0.10367837969326921,6.07823
NTXFF4432095,5.811990022875817,6.168884571881289,up,6.1406600424423745,2023-09-12,-0.3168185718812895,5.852066
NTXFF4933053,6.493086,6.139993377671757,down,-5.437978525592351,2023-09-12,0.5522673915590124,6.692260769230769
NUE.GE,5.687010999999999,6.000924912444082,up,5.5198400784539245,2023-09-12,-0.2508914165831557,5.750033495860927
NUE4625159,5.2594454759945135,6.106026620010792,up,16.096395482761377,2023-09-12,-0.7900966200107922,5.31593
NUE4990792,5.6671066724462875,6.16435180967377,up,8.774232884041323,2023-09-12,-0.4747920867495816,5.689559722924188
NUE5298759,5.73949942164179,5.793557824756864,up,0.941866165387829,2023-09-12,-0.05527360310737972,5.738284221649485
NUE5372845,5.468563799714897,6.152169818540734,up,12.500649967025653,2023-09-12,-0.6944762629851784,5.457693555555555
NUE5416441,5.756784470160116,6.138996922826954,up,6.639339281295128,2023-09-12,-0.3581175488581181,5.780879373968836
NUE5416442,5.241718332740213,6.1159027422015635,up,16.677439609853156,2023-09-12,-0.837647079550961,5.2782556626506025
NUVA5157058,5.595288402798601,6.148525533490177,up,9.887553435402237,2023-09-12,-0.18471075342102328,5.963814780069153
NVCA5433485,8.368834600000001,6.135447907859705,down,-26.68694984293627,2023-09-12,2.270266092140295,8.405714
NVDA4403910,4.978582881791596,6.193102708490867,up,24.394890183332933,2023-09-12,-1.1755175596335485,5.017585148857319
NVDA4971916,4.888008338570054,6.0982450415039,up,24.759301112155857,2023-09-12,-1.2072077698741221,4.891037271629778
NVDA4971917,5.147772909612625,5.972507012372189,up,16.02118269862891,2023-09-12,-0.8027026971397326,5.169804315232456
NVDA4971918,5.097537067829457,5.862200640744104,up,15.000647621386351,2023-09-12,-0.7420757254898653,5.120124915254238
NVDA5203203,5.527348203147354,6.149910579696337,up,11.263310246936987,2023-09-12,-0.6195267104980253,5.530383869198312
NVDA5203204,4.809250225044723,6.116731629683238,up,27.186803419577863,2023-09-12,-1.2726459200058189,4.844085709677419
NVDA5203205,4.871051727768215,6.086980678331119,up,24.962349375829966,2023-09-12,-1.2262482676601412,4.860732410670978
NVI5186757,5.015062,6.140284036175387,up,22.436851950691477,2023-09-12,-0.8729940361753874,5.26729
NVR4983296,5.772542387096775,6.080782384363134,up,5.339761522676058,2023-09-12,-0.3162186021597444,5.76456378220339
NVS4099089,5.142407419932811,6.022722817008866,up,17.118740799568098,2023-09-12,-0.8742420917341409,5.148480725274725
NVS4099091,5.686264516484479,7.679481362285075,up,35.05318544401621,2023-09-12,-2.054376580828122,5.625104781456953
NVS4311976,5.159827714285715,6.131742875595328,up,18.83619405777305,2023-09-12,-0.9177776148426391,5.213965260752689
NVS4311977,5.18196,5.911959012582704,up,14.087314695264034,2023-09-12,-0.7479200125827044,5.164039
NVS4456357,4.844858614457832,6.118199288100085,up,26.28230821519541,2023-09-12,-1.251064464970832,4.867134823129253
NVS4950564,5.3090953333333335,6.139691793665765,up,15.64478330455857,2023-09-12,-0.7669409936657656,5.3727507999999995
NVS4950565,4.891287264392323,6.119077850081241,up,25.101584088651023,2023-09-12,-1.176129101110047,4.942948748971194
NVS4950566,4.870186887334889,6.091633512618196,up,25.080077079993107,2023-09-12,-1.2323135126181954,4.85932
NVS4950567,4.9810355,5.855359424955484,up,17.553055483252113,2023-09-12,-0.8473614249554844,5.007998
NVST5198516,20.485503,6.13717760428054,down,-70.0413624001298,2023-09-12,14.331984395719461,20.469162
NWE4181879,,no data prior to target date,N/A,N/A,,N/A,5.917528
NWHI4885793,5.85358,5.873877760537742,up,0.3467580615237572,2023-09-12,0.05690673946225733,5.9307845
NWL4184960,6.404423763157895,6.142629772243884,down,-4.0877056327847505,2023-09-12,0.2596515610894494,6.402281333333334
NWL4346212,7.168786404294706,6.247408716134625,down,-12.85263134089333,2023-09-12,1.0095835740179417,7.256992290152566
NWL4346214,8.588474574861367,6.023167129791794,down,-29.86918599699041,2023-09-12,2.753310749199313,8.776477878991107
NWL4346217,7.910100264014467,6.039242564235317,down,-23.65150424565754,2023-09-12,2.0773354357646836,8.116578
NWL4990843,6.738666857885015,6.184534080900431,down,-8.223181063420347,2023-09-12,0.653534842471216,6.838068923371647
NWL5474321,7.237559198666198,6.396961604910715,down,-11.614379526047893,2023-09-12,0.9312745185640088,7.328236123474724
NWL5474322,6.990649937961883,6.145515237390525,down,-12.089501091764813,2023-09-12,0.8439384295654948,6.989453666956019
NXPI5399706,6.441243178571429,6.150951300262858,down,-4.5067678747839635,2023-09-12,0.23764969973714312,6.388601000000001
NXPI5399707,5.859769389750079,6.1493275319653105,up,4.941459688187163,2023-09-12,-0.2787199953799453,5.870607536585365
NXPI5407221,5.712574833333333,6.128299079079916,up,7.277353170426734,2023-09-12,-0.34617767167250957,5.7821214074074065
NXPI5407223,5.672295796992481,6.097830533118302,up,7.501984229232972,2023-09-12,-0.42573353311830164,5.672097
NXPI5407721,6.047004610294119,5.959021557602195,down,-1.4549857055201387,2023-09-12,0.08695146126572872,6.045973018867924
NXPI5414159,5.68566575,6.114113958118477,up,7.535585575329971,2023-09-12,-0.3600356542990317,5.754078303819445
NXPI5414160,5.868066986568986,6.055491549573571,up,3.1939744967732553,2023-09-12,-0.15085338680706162,5.904638162766509
NXPI5417785,5.7949677500000005,6.071356180051505,up,4.769455879223909,2023-09-12,-0.22501418005150597,5.846341999999999
NXPI5418360,5.686737813766892,6.1380819016613,up,7.9367838411990705,2023-09-12,-0.3842450445184431,5.753836857142857
NXPI5418361,5.785326226104153,6.089946238872555,up,5.26539041815683,2023-09-12,-0.2833718955889726,5.806574343283582
NXPI5418362,5.590215971326165,6.116740654471326,up,9.41868231649472,2023-09-12,-0.4959757473605002,5.620764907110826
NXPI5418363,5.785275136412847,6.106759767199314,up,5.556946268000722,2023-09-12,-0.30276712586850607,5.803992641330808
NXPI5419825,6.084915,5.950510717440762,down,-2.208811175821475,2023-09-12,0.1885032825592381,6.139014
NXPI5422469,5.971277454545454,5.842221134256263,down,-2.1612849389698146,2023-09-12,0.15881386574373657,6.001035
NYLI4817936,5.756117,6.183125916537619,up,7.418350192284469,2023-09-12,-0.46315491653761853,5.719971
NYLI5531254,5.366326893280632,6.0791007364944,up,13.28234111317851,2023-09-12,-0.6827267364943994,5.396374000000001
NYPH4375423,5.770142,5.2478602741860225,down,-9.051453600517585,2023-09-12,0.5151412258139771,5.7630015
NYPH4901371,5.725017,5.091466408524235,down,-11.066353016519686,2023-09-12,0.6405885914757645,5.732055
NYU.GA,,no data prior to target date,N/A,N/A,,N/A,5.7528413911782526
NYU4032864,5.633545857142857,5.934902656327262,up,5.349327170245899,2023-09-12,-0.23288165632726177,5.702021
NYU4943572,5.5711908293994,6.28603093890068,up,12.831011024232728,2023-09-12,-0.7282179389006798,5.557813
O.GE,5.770297830601093,6.030560511464623,up,4.510385572878105,2023-09-12,-0.31046284479795627,5.720097666666667
O4136462,5.924589095999998,6.187007354222713,up,4.429307315167004,2023-09-12,-0.38116043333021654,5.805846920892496
O4164803,5.379760586630287,6.134267408399889,up,14.02491448494369,2023-09-12,-0.6509186524418338,5.483348755958056
O4411932,5.474931,6.120095850115565,up,11.783981389273489,2023-09-12,-0.573248850115565,5.546847
O4465256,5.779989,5.894214590713771,up,1.97622505360774,2023-09-12,-0.09531409071377084,5.7989005
O4572011,5.486114237410072,6.108820670604244,up,11.350591807729915,2023-09-12,-0.6263557331042442,5.4824649375
O4616384,5.757888108044163,6.160207750407635,up,6.98727788408052,2023-09-12,-0.3397592504076359,5.8204484999999995
O4984907,5.68086857879656,6.076420415086205,up,6.962876025085567,2023-09-12,-0.3919789258388926,5.6844414892473125
O5094551,5.6918338989703985,6.137513138903184,up,7.8301518955675276,2023-09-12,-0.39958858486799986,5.737924554035184
O5094552,5.642588193548387,6.0572265083663615,up,7.348371006270897,2023-09-12,-0.43219250836636114,5.625034
O5299999,5.559546999999999,6.108333684126621,up,9.871068346514956,2023-09-12,-0.5823760174599544,5.525957666666667
O5300359,6.565568625,6.1530687769517165,down,-6.2827741450693235,2023-09-12,-0.14476306128440442,6.008305715667312
O5300360,5.487914741134752,6.134661589736072,up,11.784928868402764,2023-09-12,-0.6218973040217861,5.512764285714286
O5300361,5.454650890243902,6.127064595080802,up,12.327346302575817,2023-09-12,-0.576184595080802,5.55088
O5300362,5.6588653004694836,6.067514058552578,up,7.221390444638984,2023-09-12,-0.37358299122994776,5.69393106732263
O5300363,5.506227750371472,6.120674290177845,up,11.15911959444322,2023-09-12,-0.6324542295717839,5.488220060606061
O5300364,5.413051,6.087041588737049,up,12.45121445811333,2023-09-12,-0.6256765387370491,5.4613650499999995
O5300366,5.457669357142858,6.1073714987905445,up,11.904388102906479,2023-09-12,-0.5743399987905446,5.5330315
O5485453,5.724984813747229,6.057827715329687,up,5.813865231279086,2023-09-12,-0.33415711488060484,5.723670600449082
O5524578,5.391458900000001,6.137115513277191,up,13.830331031127589,2023-09-12,-0.6640864210220654,5.473029092255126
O5524579,5.559829438433455,6.1180134348183355,up,10.039588490364833,2023-09-12,-0.5604152239306455,5.55759821088769
O5568341,5.485881493545938,6.157221403884478,up,12.237594106404982,2023-09-12,-0.6606723699861732,5.4965490338983045
O5568342,5.729584601226994,6.0506375253874225,up,5.60342409625428,2023-09-12,-0.3058601100028078,5.744777415384615
OAK4952078,7.097176948811699,6.144168622312503,down,-13.42799162783676,2023-09-12,0.8111473188639673,6.955315941176471
OAK5183438,7.269936763157894,6.120825961521564,down,-15.806338336527464,2023-09-12,1.2235337498839671,7.344359711405531
OAK5631803,7.70569353181594,6.175870340195196,down,-19.853153844028135,2023-09-12,1.451437561611428,7.627307901806624
OC4181425,5.881265,6.14523282329703,up,4.488283104009592,2023-09-12,-0.21391940950392563,5.931313413793104
OC4390572,5.5435705744680845,6.13269109141357,up,10.627095101103011,2023-09-12,-0.5456920914135699,5.5869990000000005
OC4509731,5.959296162162162,5.910646798468705,down,-0.8163608984958687,2023-09-12,0.032376201531294946,5.943023
OC4866168,5.3940545,6.127257820121072,up,13.59280519173604,2023-09-12,-0.6358038201210716,5.491454
ODP3707068,,no data prior to target date,N/A,N/A,,N/A,10.11825
OFC5233086,6.813891840833728,6.156887620376828,down,-9.642128695375805,2023-09-12,0.6917816296231711,6.8486692499999995
OGE.GE,5.437926666666668,6.107028558777568,up,12.304356662482272,2023-09-12,-0.22524955877756803,5.881779
OGE.GV,6.003714499999999,5.97113304104614,down,-0.5426883465870893,2023-09-12,-0.03956004104613964,5.931573
OGE4005034,6.060635000000001,5.9406699366984235,down,-1.9794140927737414,2023-09-12,0.09351306330157438,6.034182999999998
OGE4667002,5.3314998665295095,6.146378035731406,up,15.284220005661064,2023-09-12,-0.7832620652517006,5.363115970479705
OGE4842623,5.501034,6.0856868592666915,up,10.628053912531566,2023-09-12,-0.5266478592666912,5.559039
OGE5522114,5.510709538461538,6.057439374560253,up,9.92122397819844,2023-09-12,-0.4980217481397977,5.559417626420455
OGPR.GG,6.198003,5.978195393185672,down,-3.546426273338815,2023-09-12,0.1417280068143274,6.119923399999999
OGPR.GH,6.390012999999999,5.966481044800158,down,-6.6280296331140605,2023-09-12,0.43440595519984093,6.400886999999999
OGPR4354450,6.43060387037037,5.907148565882506,down,-8.140064526439508,2023-09-12,0.6205104341174952,6.527659000000001
OGPR4822402,6.243812000000001,5.877691346725028,down,-5.863736020158409,2023-09-12,0.3496003470249729,6.227291693750001
OGPR5166087,6.014775,5.85789592162159,down,-2.6082285435184263,2023-09-12,0.16099407837841007,6.01889
OGPR5571039,6.255999,5.8955975319543175,down,-5.7608939522797655,2023-09-12,0.3629416218918369,6.258539153846154
OHI4175999,6.2864526804123715,6.211003049437716,down,-1.2001940491772898,2023-09-12,0.22437895232248906,6.435382001760205
OHI4264527,6.255610446428572,6.144332198677408,down,-1.7788551365869425,2023-09-12,0.21451734315351523,6.358849541830923
OHI4270144,6.6741892,6.1504305550315514,down,-7.847524684623091,2023-09-12,0.40266564416361916,6.553096199195171
OHI4325668,6.0639253782991185,6.151446967915645,up,1.4433157427982068,2023-09-12,-0.10036516791564498,6.0510818
OHI4479341,6.518569268817204,6.1184067090636365,down,-6.138809656711333,2023-09-12,0.3412253480792211,6.459632057142858
OHI4885747,6.923772333333334,6.094276564883052,down,-11.980402135073307,2023-09-12,0.8173164351169468,6.911592999999999
OHI5143239,6.987039735505873,6.066036824029625,down,-13.18158971954903,2023-09-12,0.8943041759703743,6.960341
OHIO5283946,5.473981,5.9560290993953515,up,8.806170488997884,2023-09-12,-0.45397409939535116,5.502055
OII4186006,6.87620722117647,6.15541794856636,down,-10.482366941914071,2023-09-12,0.35078025536414525,6.506198203930505
OII4595036,7.460148517392773,6.126454445723233,down,-17.877580701780037,2023-09-12,1.401050883958166,7.527505329681399
OKE3671736,6.403940333333335,6.001827500890403,down,-6.279147079960788,2023-09-12,0.5221570677370471,6.5239845686274505
OKE3688620,6.45346168148148,5.965551677979181,down,-7.560438530260131,2023-09-12,0.5429243220208173,6.508475999999998
OKE4049427,6.547114166666669,5.936837308068111,down,-9.32131078003284,2023-09-12,0.6139379419318889,6.55077525
OKE4170153,6.068757999999999,6.155145264183129,up,1.4234751852542122,2023-09-12,-0.43268459751646215,5.722460666666667
OKE4223450,6.072353378378379,6.144229626238637,up,1.183663785381553,2023-09-12,-0.06410694735932676,6.08012267887931
OKE4517352,5.660696,6.117945472423754,up,8.077619296704052,2023-09-12,-0.3929534724237538,5.724992
OKE4517353,6.610811799999999,5.892100669795498,down,-10.871753000206427,2023-09-12,0.6529333302045028,6.545034000000001
OKE4647006,5.80371671881838,6.1103599173422705,up,5.2835659178472545,2023-09-12,-0.3114489173422692,5.798911000000001
OKE4647007,6.438012999999999,5.881300295489546,down,-8.647275246422348,2023-09-12,0.6462260316993946,6.527526327188941
OKE4807845,5.890247429487179,6.0987617028671615,up,3.5399917554590163,2023-09-12,-0.16302021734942063,5.935741485517741
OKE4871539,6.119647109243698,6.1594429143449805,up,0.6502957505698483,2023-09-12,-0.03761895763502299,6.1218239567099575
OKE4871540,5.889945,6.092746340666428,up,3.443178852543248,2023-09-12,-0.21124262854521714,5.881503712121211
OKE4871541,6.550230076158941,5.870001834339256,down,-10.384799219427904,2023-09-12,0.6936924989940776,6.563694333333333
OKE4962769,5.939136000000001,6.138009990243001,up,3.3485340332836193,2023-09-12,-0.2589689902430008,5.879041
OKE4962770,5.857304816326531,6.093566179378948,up,4.033619052808508,2023-09-12,-0.19521951271228133,5.898346666666667
OKE4962771,6.543836,5.863171484940848,down,-10.401613290112282,2023-09-12,0.7388215150591524,6.601993
OKE4984102,5.728246173192771,6.137361534860184,up,7.142070178163857,2023-09-12,-0.39475173958459386,5.74260979527559
OKE4984103,6.022931470588235,6.07947985769174,up,0.9388847835916391,2023-09-12,-0.0345124494230058,6.044967408268734
OKE4984104,6.819840999999999,5.853439540882335,down,-14.170439737783685,2023-09-12,0.9970356379106704,6.850475178793006
OKE5145775,5.627179571428572,6.154729636966748,up,9.375035199103257,2023-09-12,0.13452952713581467,6.289259164102563
OKE5458249,5.401577480362537,6.064948053500113,up,12.281052628593466,2023-09-12,-0.6658263868334462,5.399121666666667
OKE5503145,6.061988421052631,6.058935065044259,down,-0.0503688855255572,2023-09-12,-0.02602801539886901,6.03290704964539
OKE5633310,5.662553573529412,6.125326660923012,up,8.172515833791177,2023-09-12,-0.39539262697399913,5.729934033949013
OKE5633311,5.776756153846154,6.104843988654356,up,5.679447531981453,2023-09-12,-0.33872958599212666,5.76611440266223
OKE5633312,5.935342153266677,6.120908505453463,up,3.126464277794913,2023-09-12,-0.1774399211431863,5.943468584310277
OKE5633313,6.073191928836962,6.069394182168197,down,-0.06253295982186961,2023-09-12,0.0020250049605161635,6.071419187128713
OKE5633314,6.635700992390646,5.934787468703181,down,-10.56276532790165,2023-09-12,0.7101711995646909,6.644958668267872
OKTA5049821,5.563279,6.138307557825302,up,10.336144526012484,2023-09-12,-1.0748842683516182,5.0634232894736835
OKTA5205585,5.300805,6.138360566911794,up,15.800535332120196,2023-09-12,-0.9413208191679328,5.197039747743862
OLHS5225100,7.294455999999999,6.0762306982139265,down,-16.700701214539823,2023-09-12,1.4325833017860736,7.508814
OLN4464029,6.711255154615386,6.129973181946303,down,-8.661300446449728,2023-09-12,0.5602094362999317,6.690182618246235
OLN4587153,7.205473689174368,6.124407895384293,down,-15.00339659021013,2023-09-12,0.7941427602933642,6.918550655677657
OLN4858481,6.629272677526228,6.14502179063334,down,-7.304736287806324,2023-09-12,0.4938216401457538,6.638843430779094
OMC4176685,5.851441350840335,6.1557297717444355,up,5.200230210978723,2023-09-12,-0.4404136255682509,5.7153161461761846
OMC4349247,5.6244801088834455,6.3914577624196856,up,13.636418632272452,2023-09-12,-0.7706933229786914,5.620764439440994
OMC4954374,5.771838000000001,6.086385584980632,up,5.44969531335826,2023-09-12,-0.3030400395260857,5.783345545454546
OMC5176817,5.640066,6.072917621873511,up,7.674584337727808,2023-09-12,-0.40689762187351164,5.66602
OMCL5269606,3.77307371875,6.156028323811756,up,63.15685254756212,2023-09-12,-0.515473323811757,5.640554999999999
OMF4074443,9.2351853125,6.160334866266554,down,-33.29495123472593,2023-09-12,3.1102332587334462,9.270568125
OMF4609015,7.440618400580552,6.151572370922985,down,-17.32444751577355,2023-09-12,1.3128694000034384,7.464441770926423
OMF4631904,7.930120769479209,6.25722518797294,down,-21.095461596811617,2023-09-12,1.7571507171356924,8.014375905108633
OMF4800156,6.829535861271677,6.15709088528958,down,-9.846129951455977,2023-09-12,0.17228484710478664,6.329375732394366
OMF4831813,8.41056568544996,6.125428718690241,down,-27.169836753227443,2023-09-12,2.4511132813097607,8.576542000000002
OMF4908939,8.483591547713047,6.149604430435831,down,-27.511780879012232,2023-09-12,2.317157501901802,8.466761932337633
OMF5093876,8.576510045924145,6.161229043631559,down,-28.161583084023917,2023-09-12,2.395591143130389,8.556820186761948
OMF5203841,8.404395247367946,6.185541034558211,down,-26.401116885889277,2023-09-12,2.1880774850496305,8.373618519607842
OMF5234379,8.598220245055623,6.140937802415156,down,-28.578966025597207,2023-09-12,2.459252292580212,8.600190094995368
OMF5605604,8.881257290527852,6.154618561021174,down,-30.70104423632369,2023-09-12,2.6864726000466117,8.841091161067785
OMI4163759,6.852565271126762,6.151706979948344,down,-10.227677715548076,2023-09-12,0.5793866867183226,6.731093666666666
ONB4154402,7.643754000000001,6.150981744383334,down,-19.529307924047092,2023-09-12,-0.006427591605555172,6.144554152777779
OPI5185065,16.713099487948433,6.2098758396036455,down,-62.84425971327764,2023-09-12,10.7158630065502,16.925738846153845
OPI5237985,17.059138739130436,6.124464160987305,down,-64.098632090148,2023-09-12,10.057118175497859,16.181582336485164
OPI5263429,13.833287688077077,6.1261168235496575,down,-55.71467201661856,2023-09-12,7.461680766378399,13.587797589928057
OPY5076677,7.324964666666667,6.139197941861948,down,-16.18801972111519,2023-09-12,0.678881891471387,6.818079833333335
ORA5434383,2.321612,6.1741381506562325,up,165.94186068370738,2023-09-12,-3.904414650656233,2.2697234999999996
ORAN3680298,5.574814553359682,6.085986532881058,up,9.169309124611445,2023-09-12,-0.42799035887537507,5.6579961740056826
ORAN4094833,5.846087000000001,5.9368434488837485,up,1.5524306922518905,2023-09-12,-0.11853444888374742,5.818309000000001
ORCL.GL,6.096613333333334,5.998757563221736,down,-1.6050840812975555,2023-09-12,0.06813702011159783,6.066894583333334
ORCL.GP,6.079098710075393,6.0084406386407165,down,-1.1623116321103533,2023-09-12,0.08343783962015383,6.09187847826087
ORCL.GU,6.121287446889416,6.241401098284447,up,1.9622285742530836,2023-09-12,-0.065694803354444,6.175706294930003
ORCL4141352,5.870713403993344,6.219521536681956,up,5.941494818182536,2023-09-12,-0.23536899461212002,5.984152542069836
ORCL4141354,5.754062755287008,6.054990703441945,up,5.2298343093049295,2023-09-12,-0.28586155196929397,5.769129151472651
ORCL4239814,6.159981979967949,5.820199611652442,down,-5.5159636736027355,2023-09-12,0.34742476952778034,6.1676243811802225
ORCL4239815,5.796254255303585,6.046017795693386,up,4.309050800545316,2023-09-12,-0.2236450757703814,5.822372719923004
ORCL4239816,5.734560792945488,6.240547402451172,up,8.823458810099915,2023-09-12,-0.42744007514556515,5.813107327305607
ORCL4239818,5.599028,6.087087221297971,up,8.716856234653083,2023-09-12,-0.5714202212979709,5.5156670000000005
ORCL4239819,6.152263135466096,6.064581716498861,down,-1.4251896747032142,2023-09-12,0.09071840237642981,6.1553001188752905
ORCL4379407,5.9450210000000006,6.02111364223475,up,1.2799389982768752,2023-09-12,-0.1062399465825763,5.914873695652174
ORCL4379408,6.136165178699691,5.995800078212047,down,-2.2875052479827263,2023-09-12,0.16132622796388407,6.157126306175931
ORCL4379431,14.307481334179784,6.19484098174036,down,-56.70208587348476,2023-09-12,37.997604275257075,44.19244525699744
ORCL4379434,5.5614266775106085,6.138005882159574,up,10.367469321865677,2023-09-12,-0.5614044404483449,5.5766014417112295
ORCL4563252,5.748639134598011,6.15497588835407,up,7.0683990461417805,2023-09-12,-0.3621295866681784,5.792846301685891
ORCL4563254,5.364826237916823,6.130090447052841,up,14.264473352881085,2023-09-12,-0.6767079436469965,5.4533825034058445
ORCL4563255,5.990361716006885,6.006218181821241,up,0.2646996386209221,2023-09-12,-0.0012046389582813788,6.00501354286296
ORCL4563256,6.168142265405683,5.956063144553639,down,-3.4382981411031945,2023-09-12,0.22128196205112172,6.17734510660476
ORCL4972621,5.85827081871345,6.160958111925395,up,5.166836812068361,2023-09-12,-0.24625554748759182,5.914702564437803
ORCL4972622,5.45951901061008,6.132853182143118,up,12.333214157226564,2023-09-12,-0.6424949717416286,5.49035821040149
ORCL4972623,5.534860164817233,6.105797530939656,up,10.315298835400222,2023-09-12,-0.5426856213721587,5.563111909567497
ORCL4972630,6.040451900504573,6.011900382737992,down,-0.4726718834429583,2023-09-12,0.07785015034537857,6.089750533083371
ORCL4972631,6.0694441328967645,5.878797057587885,down,-3.141096138863201,2023-09-12,0.19495883543716275,6.073755893025048
ORCL4972632,6.1703217142857145,5.7522825578510375,down,-6.7749977358039555,2023-09-12,0.4205319439572808,6.172814501808318
ORCL5153809,5.5733716558005755,6.139750660412269,up,10.162232838397305,2023-09-12,-0.526468932918351,5.613281727493918
ORCL5153810,5.469670875899199,6.234967694428376,up,13.991642932324776,2023-09-12,-0.7402929151134883,5.494674779314888
ORCL5153811,5.554231729149115,6.091148183674227,up,9.666799671092688,2023-09-12,-0.5500526711683271,5.5410955125059
ORCL5153812,6.039006999999999,5.999809478185891,down,-0.6490723030145201,2023-09-12,0.02546127736966408,6.025270755555555
ORCL5153813,6.067141633386265,5.937929176168785,down,-2.12970893091484,2023-09-12,0.15501290018589486,6.09294207635468
ORCL5500346,5.495181066740211,6.144055400282603,up,11.808061020404374,2023-09-12,-0.5648748407745607,5.579180559508043
ORCL5500354,6.348193110488391,5.8771834056728975,down,-7.419586906348174,2023-09-12,0.4885742323595208,6.365757638032418
ORCL5500543,5.442081238732046,6.183459250407759,up,13.623060354175218,2023-09-12,-0.7105756501450617,5.472883600262697
ORCL5500544,5.721450711882033,6.360634075279154,up,11.171700947623219,2023-09-12,-0.6202335806586792,5.7404004946204745
ORCL5535831,5.365068720149253,6.11650307229377,up,14.006052696443605,2023-09-12,-0.7039988244579245,5.412504247835845
ORCL5535961,5.659758627906976,6.062702277133182,up,7.119449356716075,2023-09-12,-0.3553091233990733,5.707393153734109
ORCL5536129,5.5370841904761905,6.088387626277568,up,9.956565889852667,2023-09-12,-0.5140883620515426,5.574299264226025
ORCL5536131,6.1933923195979155,6.51020897038851,up,5.115397740719309,2023-09-12,-0.2974304627551705,6.21277850763334
ORI4166564,6.052527,6.155184465711809,up,1.696109174098826,2023-09-12,0.4025335342881915,6.557718
ORI4396610,5.774322,6.129973235503652,up,6.159186056885156,2023-09-12,-0.24603671276542283,5.883936522738229
ORI5199888,6.261997000000001,5.856008025338463,down,-6.4833786196566034,2023-09-12,0.4398009540429797,6.295808979381443
ORLY4340931,5.484929,6.141236572949788,up,11.9656530275923,2023-09-12,-0.5768166830553678,5.56441988989442
ORLY4530392,5.2884232,6.119218206158388,up,15.70969218496711,2023-09-12,-0.7879651048925655,5.331253101265823
ORLY4632340,5.194245857923498,6.114112466311444,up,17.709339017612095,2023-09-12,-0.8810404663114442,5.233072
ORLY4832635,5.312001433165829,6.104400744244321,up,14.917151680929438,2023-09-12,-0.7896156820921876,5.314785062152134
ORLY4971094,5.491914000000001,6.089608598507033,up,10.883174763971759,2023-09-12,-0.5585435985070335,5.531065
ORLY5043546,,no data prior to target date,N/A,N/A,,N/A,5.353023
ORLY5425701,5.526601144486692,6.14270396786872,up,11.147951648304653,2023-09-12,-0.633013839359001,5.509690128509719
ORXC5393620,5.494191,6.067316468143058,up,10.43148059729008,2023-09-12,-0.6248634681430572,5.442453
ORXC5472116,5.394078,6.120057068110409,up,13.458816652454944,2023-09-12,-0.7404233607933355,5.3796337073170735
ORXC5472117,5.45034590909091,6.062585968230904,up,11.233049596334936,2023-09-12,-0.6138057587820853,5.4487802094488185
OSK4629855,5.420036984581499,6.115993867800798,up,12.84044528107656,2023-09-12,-0.6642243202722797,5.451769547528518
OTIS5029789,5.729996708465087,6.253690924735981,up,9.139520368261733,2023-09-12,-0.5021999050896158,5.751491019646365
OTIS5044212,5.553013186991872,5.901263020820396,up,6.271366951627487,2023-09-12,-0.3503913541537296,5.550871666666667
OTIS5046495,5.435659352941177,6.110389879910641,up,12.413039213069421,2023-09-12,-0.6764679836842262,5.433921896226415
OTIS5634792,5.303855503223034,6.16029894851731,up,16.147563687846215,2023-09-12,-0.8198672907555764,5.340431657761734
OWL5198811,7.995809769404672,6.133540741806566,down,-23.2905619481335,2023-09-12,1.8532114687197483,7.986752210526315
OWL5384518,7.612001265464896,6.264350421010737,down,-17.704290861962335,2023-09-12,1.3945916480949538,7.658942069105691
OWL5453574,7.671281982409382,6.167377119598927,down,-19.60434861160078,2023-09-12,1.4253017804010728,7.5926789
OWL5468226,7.821375,6.196766693913993,down,-20.771390018839483,2023-09-12,1.408459306086006,7.605225999999999
OWL5486379,7.9098625,6.12758275711141,down,-22.532373260452882,2023-09-12,1.8567697946127266,7.984352551724137
OWL5644913,7.73176390909091,6.121259537215955,down,-20.8297148077859,2023-09-12,1.6133033652230697,7.734562902439024
OWLO4819101,6.3699462708333305,6.185366818952934,down,-2.8976610481872935,2023-09-12,0.10032898442397631,6.28569580337691
OWLO4893137,7.392202092384518,6.155472487135334,down,-16.730192029290816,2023-09-12,1.275613540238778,7.431086027374112
OWLO4937016,7.426761070764119,6.176683354707137,down,-16.832071264255237,2023-09-12,1.269108549787246,7.445791904494383
OWLO5016457,7.1218450920245395,6.146755934706507,down,-13.69152438333705,2023-09-12,1.049981598626827,7.196737533333334
OWLO5089835,7.4263571619686815,6.157093253817831,down,-17.091339407306073,2023-09-12,1.2685263888680218,7.425619642685853
OWLO5169370,7.330650663829787,6.12912933736756,down,-16.390377628969024,2023-09-12,1.3161711843715702,7.445300521739131
OWLO5197884,7.295601911306704,6.143778313533322,down,-15.787917320273316,2023-09-12,1.1688196716787305,7.312597985212053
PAA.GO,6.808332666666668,6.0236016738139275,down,-11.526037743348715,2023-09-12,0.8714869928527387,6.895088666666666
PAA3831125,6.901295114503818,5.959970927976157,down,-13.639819351434006,2023-09-12,0.9124310720238444,6.872402000000001
PAA4039282,7.315011075471699,6.169167021335581,down,-15.664283243238012,2023-09-12,0.46715151163571456,6.636318532971296
PAA4160632,6.109498166107382,6.1648632740655485,up,0.9062136766863375,2023-09-12,-0.02083681173678187,6.144026462328767
PAA4190321,6.820069823529412,5.925008219731698,down,-13.123936073348242,2023-09-12,0.8750407802683018,6.800049
PAA4279877,6.15873784,6.143016405828584,down,-0.25527039110687916,2023-09-12,-0.02193783175451003,6.121078574074074
PAA4426643,5.7874437303964745,6.146887181251897,up,6.210746360566309,2023-09-12,-0.31990896308171113,5.8269782181701855
PAA4882344,6.0051871666666665,6.094895092772692,up,1.4938406350425226,2023-09-12,-0.023448519002200463,6.0714465737704915
PAA4999464,5.916425121019108,6.087594007977414,up,2.8931133827790547,2023-09-12,-0.09705327907715855,5.990540728900255
PAG5025946,6.070660303167419,6.15475557646191,up,1.3852739091761268,2023-09-12,-0.07099516448368881,6.083760411978221
PAG5193137,6.88462662195122,6.1004082235763315,down,-11.390863171496553,2023-09-12,0.8086893398871826,6.909097563463514
PANW5207287,44.215555963502794,6.524765568458161,down,-85.24328050099844,2023-09-12,39.86507170289862,46.38983727135678
PCAR4870406,5.64816,6.154712813180264,up,8.968457217576423,2023-09-12,-0.4834408131802652,5.671271999999999
PCAR4945082,5.462131042168673,6.152855648456179,up,12.64569818913136,2023-09-12,-0.6406826484561794,5.512173
PCAR5233512,5.660243,6.155145583347634,up,8.743486513699745,2023-09-12,-0.42378338922998804,5.731362194117646
PCAR5425699,5.472054215311005,6.160078089840506,up,12.573411144289926,2023-09-12,-0.385909372449202,5.774168717391304
PCAR5457380,5.121183,6.143880738573121,up,19.9699510557057,2023-09-12,-0.8896157385731209,5.254265
PCAR5482810,5.063267527596941,6.161754051746719,up,21.69521002322243,2023-09-12,-0.8841430790114515,5.277610972735268
PCAR5522642,4.948470955465587,6.124951294781403,up,23.774623513075152,2023-09-12,-1.1729722947814025,4.951979000000001
PCAR5562953,4.9727695999999995,6.136765422337924,up,23.407394992479137,2023-09-12,-1.1335280047555072,5.003237417582417
PCAR5629208,5.098967491803278,6.133679415974287,up,20.292577386193088,2023-09-12,-1.0128268657271704,5.1208525502471165
PCAR5629209,5.024316300297074,6.19860851027062,up,23.372179213798958,2023-09-12,-1.182329273043834,5.016279237226786
PCEH5056584,6.00897884,6.139586162335581,up,2.173536066829964,2023-09-12,-0.16102437662129443,5.9785617857142865
PCG3843184,7.074907,5.957753146301634,down,-15.790368038736982,2023-09-12,1.1726308256404971,7.130383971942131
PCG4099081,6.325621913513514,6.164967055711464,down,-2.5397480279186575,2023-09-12,-0.14833772237813303,6.016629333333331
PCG4153450,6.020074,6.155443580591261,up,2.2486364883764076,2023-09-12,-0.0329175805912616,6.122526
PCG4181017,7.096198892561983,5.926986731447623,down,-16.476597947950587,2023-09-12,1.2006869352190455,7.127673666666668
PCG4257484,6.480439321041215,6.1537627132349035,down,-5.040963916530026,2023-09-12,0.33640189619270533,6.490164609427609
PCG4307744,7.21187605780347,5.924825313312021,down,-17.84626821337037,2023-09-12,1.269567020021313,7.194392333333334
PCG4338168,6.4664549009009,6.14000756077909,down,-5.048320062919333,2023-09-12,0.29555293922090975,6.435560499999999
PCG4431716,7.064660666666668,5.910483603363907,down,-16.337331936529342,2023-09-12,1.1399288633027584,7.050412466666666
PCG4570766,6.3456716101387505,6.857670659281752,up,8.068476917793198,2023-09-12,-0.4572392778948906,6.400431381386861
PCG4570769,6.870765581395348,5.908484833714734,down,-14.005437040179,2023-09-12,1.0295641662852653,6.9380489999999995
PCG5002760,6.253220436567164,6.125396261708858,down,-2.0441335173605,2023-09-12,0.1673708882911411,6.2927671499999995
PCG5002761,6.41723783596232,6.183327373559877,down,-3.6450333988184878,2023-09-12,0.22880977683345982,6.412137150393336
PCG5002762,6.759631435978837,6.039898562525314,down,-10.647516514327538,2023-09-12,0.6719581008552202,6.7118566633805345
PCG5002763,6.5911894625822915,5.905951733336534,down,-10.396268126349623,2023-09-12,0.699108574532068,6.605060307868602
PCG5003800,7.018791862496867,6.2013776549390425,down,-11.64608131387212,2023-09-12,0.8571319830700075,7.05850963800905
PCG5003801,7.392036675743611,6.489871631751745,down,-12.204553136921655,2023-09-12,0.8820262404808279,7.371897872232573
PCG5008327,6.412868,6.111548495179916,down,-4.6986699994461745,2023-09-12,0.2702045048200832,6.381752999999999
PCG5011977,6.888441577489432,5.942093834447859,down,-13.73819800017059,2023-09-12,0.9498971180968443,6.891990952544703
PCG5011978,6.5092716188536395,6.361471057826724,down,-2.2706159718212096,2023-09-12,0.14443485440888182,6.5059059122356055
PCG5011979,6.426570400868757,6.182100381240077,down,-3.804051062688613,2023-09-12,0.2703029489862834,6.45240333022636
PCG5011980,6.320098074204947,6.118774056373668,down,-3.1854571791056463,2023-09-12,0.317373099876332,6.43614715625
PCG5011985,6.934704289976969,6.089389183054939,down,-12.189634504585879,2023-09-12,0.8277413020935755,6.9171304851485145
PCG5011986,6.362785388732394,6.144507306848327,down,-3.4305428919637513,2023-09-12,0.27744892063940974,6.421956227487737
PCG5145841,6.535247975409836,6.11390506785693,down,-6.447236725190719,2023-09-12,0.40706143214307033,6.5209665
PCG5145842,7.028917,5.968319556278822,down,-15.089059149811806,2023-09-12,1.1260273497614453,7.0943469060402675
PCG5196002,6.338085387096774,6.116576445194462,down,-3.4948873101846334,2023-09-12,0.2788106727357418,6.395387117930204
PCG5300518,6.497124,6.164806241239347,down,-5.11484402576668,2023-09-12,0.8106348837606525,6.975441125
PCG5363488,6.045217721987314,6.17232837539194,up,2.102664606144889,2023-09-12,-0.12201541897547497,6.050312956416465
PCG5363489,6.375457,6.105584277342888,down,-4.232994162726096,2023-09-12,0.4006066887588071,6.506190966101695
PCG5425723,6.191787199999999,6.147572127033796,down,-0.7140922570175409,2023-09-12,0.31627487296620505,6.463847000000001
PCG5425724,6.24062483624655,6.130670142391055,down,-1.761918024888477,2023-09-12,0.16709949839569394,6.297769640786749
PCG5425725,6.731931,6.068998280676568,down,-9.847586365983734,2023-09-12,0.6458077701708893,6.714806050847457
PCG5522621,6.704844356828194,6.064490405100508,down,-9.550616205960868,2023-09-12,0.6182367100074071,6.682727115107915
PCG5522622,7.061587057853404,5.922889870069804,down,-16.1252304680889,2023-09-12,1.1510008409850991,7.073890711054903
PCG5563964,7.06259635483871,5.836964647167248,down,-17.35384051548918,2023-09-12,1.2015768994369003,7.038541546604148
PCG5597769,6.472324727669989,6.138905917446534,down,-5.151453677811435,2023-09-12,0.32467018256734015,6.463576100013874
PCG5597770,6.702611660342811,6.167280044057448,down,-7.986910825413725,2023-09-12,0.5125654137738778,6.679845457831326
PCRX5221546,5.6123852089552235,6.168187220812566,up,9.90313371524276,2023-09-12,0.21119954389331497,6.379386764705881
PDM5026491,8.583930874476987,6.0906905137541445,down,-29.04543847313722,2023-09-12,2.657235350339813,8.747925864093958
PDM5619904,8.70774741248666,6.123121132792902,down,-29.681916082998427,2023-09-12,2.5616168318726205,8.684737964665523
PEAK3688522,6.4022342000000005,5.972305362297856,down,-6.715293821993335,2023-09-12,0.4554096377021448,6.427715000000001
PEAK4202477,5.9215345,6.152629342459495,up,3.902617513407965,2023-09-12,-0.2510633424594939,5.901566000000001
PEAK4247249,5.7455,6.151992881868865,up,7.074978363395094,2023-09-12,-0.42211888186886526,5.729874
PEAK4849213,5.439988882352941,6.135627981898291,up,12.787509581167875,2023-09-12,-0.6543402099113198,5.481287771986971
PEAK4849214,5.617891999999999,6.101821497851287,up,8.614076202449018,2023-09-12,-0.3946140736088619,5.707207424242425
PEAK4909399,5.699014711538462,6.096313776652941,up,6.971364090534654,2023-09-12,-0.41131977665294084,5.6849940000000005
PEAK5302933,5.488879,6.1089246427801305,up,11.296398459141304,2023-09-12,-0.6129566427801301,5.495968
PEAK5524569,5.865400985117344,6.209974532390544,up,5.874680147998544,2023-09-12,-0.34793053239054483,5.862043999999999
PEBB5095798,6.736542658322058,6.164001300422344,down,-8.499038556408747,2023-09-12,0.769506699577656,6.933508
PEG.IR,5.6828445599999995,6.016721372265587,up,5.875170590018519,2023-09-12,-0.3302819268110406,5.686439445454546
PEG.JB,,no data prior to target date,N/A,N/A,,N/A,5.555353666666667
PEG.JC,5.55817012565445,5.98590984876046,up,7.69569324860572,2023-09-12,-0.4629208487604588,5.522989000000001
PEG3852823,,no data prior to target date,N/A,N/A,,N/A,5.512019
PEG3900785,5.521954,5.979456930533024,up,8.285163739738213,2023-09-12,-0.42578159719969033,5.5536753333333335
PEG4049412,5.986942000000001,6.1691936197856805,up,3.0441520860846754,2023-09-12,-0.4698566197856806,5.699337
PEG4181369,5.672985,6.1568154781662825,up,8.528675435705942,2023-09-12,-0.5478498114996144,5.608965666666668
PEG4242556,5.483912047751078,6.2579719374471425,up,14.11510401618316,2023-09-12,-0.8112949374471423,5.446677
PEG4308096,,no data prior to target date,N/A,N/A,,N/A,5.845957
PEG4401472,5.1987010099823845,6.162858489557764,up,18.546122920399426,2023-09-12,-0.9372593467006203,5.225599142857144
PEG4685714,5.174506145251397,6.122458374190357,up,18.31966572904524,2023-09-12,-0.9743113741903571,5.148147
PEG4830961,5.221001080253432,6.109825375741289,up,17.024020524521948,2023-09-12,-0.8779013757412883,5.231924
PEG4830962,5.449486334323923,5.899342436512568,up,8.25501844743053,2023-09-12,-0.40144756600897047,5.497894870503598
PEG4842255,6.060880757575758,6.161692700503478,up,1.6633216682527683,2023-09-12,-0.16708427973845108,5.994608420765027
PEG4870376,5.398852126945693,5.910085627031138,up,9.4692999190305,2023-09-12,-0.4834286270311381,5.426657
PEG4933540,5.359991,5.876614527541169,up,9.638514832229552,2023-09-12,-0.49258852754116766,5.384026000000001
PEG4984911,5.36832124680851,5.875972475848127,up,9.456424191108487,2023-09-12,-0.522452845413345,5.353519630434782
PEG5029915,5.48501,6.091742293840463,up,11.061644260274148,2023-09-12,-0.6010584714396341,5.490683822400829
PEG5142428,5.103033,6.153339524267993,up,20.582005334239334,2023-09-12,-0.9840812385537072,5.169258285714286
PEG5242162,5.134667259305211,6.106795151355773,up,18.932636584947936,2023-09-12,-0.9734403284339823,5.133354822921791
PEG5254395,6.122612344311378,6.085429204380848,down,-0.607308414113095,2023-09-12,0.028631995619153194,6.114061200000001
PEG5297057,6.872908,6.171711446762845,down,-10.202327067918779,2023-09-12,-0.2783650973652545,5.89334634939759
PEG5297058,5.591588,6.078126124544923,up,8.701251317960535,2023-09-12,-0.3965369963397949,5.681589128205128
PEG5376723,5.147250081015719,6.077992419688771,up,18.082322094779318,2023-09-12,-0.9350458107675292,5.142946608921242
PEG5499674,5.48953006521739,6.123557407534842,up,11.54975625937016,2023-09-12,-0.6329741123719606,5.490583295162882
PEG5508785,5.253306333333333,6.066248230375461,up,15.474861838607065,2023-09-12,-0.8157108249700551,5.250537405405406
PEG5559664,5.2168507857142865,6.070080740098217,up,16.35526852177558,2023-09-12,-0.8448660258125029,5.225214714285714
PEG5559665,5.451799137637028,5.856184646997921,up,7.4174689703657215,2023-09-12,-0.42217131366458727,5.434013333333334
PEG5629378,5.266244333333334,6.058225167236309,up,15.038816731119683,2023-09-12,-0.8107667696215941,5.247458397614715
PEG5629379,5.458012,5.8391311825027445,up,6.982747243918563,2023-09-12,-0.3324932369492064,5.506637945553538
PEGA5142164,6.547030163105413,6.160298116754688,down,-5.906984338182567,2023-09-12,0.8710658207453124,7.0313639375
PEMX.GF,11.30372918181818,6.04700571263548,down,-46.50432954142279,2023-09-12,5.25068772052972,11.2976934331652
PEMX.HG,11.32933557142857,6.006660683233319,down,-46.981350800646204,2023-09-12,5.323474293748777,11.330134976982096
PEMX.HZ,11.273635294117646,5.331900515523851,down,-52.70469217408578,2023-09-12,6.130429841619004,11.462330357142855
PEMX3667501,12.1888225,6.125159612676034,down,-49.74773311633643,2023-09-12,5.800804387323961,11.925963999999995
PEMX3697654,11.50525223169717,6.507553975791794,down,-43.438406696870416,2023-09-12,4.955204568258548,11.462758544050342
PEMX3890180,10.316345971929824,6.063346412341327,down,-41.22583297575188,2023-09-12,4.291180587658672,10.354527
PEMX4042169,6.983298157894736,6.169663936931528,down,-11.651145383838166,2023-09-12,0.5770308205935555,6.746694757525083
PEMX4173335,11.263528689655171,5.936078641452179,down,-47.29823304037849,2023-09-12,5.224293358547822,11.160372
PEMX4342499,7.619198925233646,6.159746845437278,down,-19.154928150817558,2023-09-12,1.6073018595074187,7.767048704944696
PEMX4342501,9.579114810572689,6.161961468488468,down,-35.67295527466306,2023-09-12,3.397651620664578,9.559613089153046
PEMX4447364,11.337447429712888,6.319407398876002,down,-44.26075677039734,2023-09-12,5.095947364051308,11.41535476292731
PEMX4448187,9.849715492441655,6.485232139837662,down,-34.158178022357966,2023-09-12,3.36877141080262,9.854003550640282
PEMX4448190,12.073848,6.169683446755712,down,-48.90043798169638,2023-09-12,1.0753455532442882,7.245029
PEMX4606164,10.360014694740023,6.463223139596655,down,-37.6137647480543,2023-09-12,3.883411576356652,10.346634715953307
PEMX4770954,10.630416325257238,7.987652615007434,down,-24.860397085020598,2023-09-12,2.6290128774854544,10.616665492492888
PEMX4770962,11.057295642023346,6.125382046755877,down,-44.60325340785581,2023-09-12,4.977699857863352,11.103081904619229
PEMX4772075,10.840047976811798,6.432348926162324,down,-40.66125039370754,2023-09-12,4.357422666341852,10.789771592504176
PEMX5055128,10.49277572369292,6.267083266110106,down,-40.27239854218086,2023-09-12,4.20657807848449,10.473661344594596
PEMX5055129,11.24883962932062,6.145259098243792,down,-45.369839905745565,2023-09-12,5.1377333270853045,11.282992425329097
PEMX5055130,11.63444449229811,7.829358814547408,down,-32.70534902005534,2023-09-12,3.8968279171302953,11.726186731677704
PEMX5055131,11.195360018654076,7.050149393842602,down,-37.02614849280941,2023-09-12,4.1602710051294505,11.210420398972053
PEMX5055132,11.257468631340258,6.423126439554273,down,-42.94342138629111,2023-09-12,4.9387807202241225,11.361907159778395
PEMX5386835,10.916702735384948,6.956275011577086,down,-36.27860737629776,2023-09-12,3.980647825731367,10.936922837308453
PEMX5389658,9.053138329880044,6.166985097436092,down,-31.880140646013906,2023-09-12,2.957895891574898,9.12488098901099
PEMX5497960,11.0228664686757,6.5028730223913875,down,-41.005608288270864,2023-09-12,4.542389757765388,11.045262780156776
PEP.LB,5.146240199999998,5.99298323694944,up,16.453624472278676,2023-09-12,-0.7928582369494404,5.200125
PEP4102626,5.715922485797949,6.241292144363594,up,9.191336304349866,2023-09-12,-0.7614383751328244,5.479853769230769
PEP4175620,5.373027000000001,5.933557028028193,up,10.432295017839872,2023-09-12,-0.493575028028193,5.439982
PEP4239280,4.972886565947239,6.31971313555565,up,27.08339616734987,2023-09-12,-1.02189624529671,5.29781689025894
PEP4268852,5.124564707112972,6.152303183086528,up,20.05513706455964,2023-09-12,-0.935589418380645,5.216713764705883
PEP4337402,5.045436559485531,6.1498292910676176,up,21.888942979687332,2023-09-12,-1.0233654000159804,5.126463891051637
PEP4411440,4.774438239018824,6.165409076160043,up,29.1337067840482,2023-09-12,-1.3515438715909873,4.813865204569056
PEP4411441,5.111996999999999,5.911739802528594,up,15.64443020073359,2023-09-12,-0.8236648025285938,5.088075
PEP4551335,4.784620058415397,6.149601394287507,up,28.528520952699715,2023-09-12,-1.3441054450489283,4.805495949238579
PEP4847622,4.755432865284974,6.110299653609705,up,28.490924521621636,2023-09-12,-1.3357656536097053,4.774534
PEP4864209,4.8242643173076925,6.1063896522704315,up,26.57659801854022,2023-09-12,-1.2566239967826265,4.849765655487805
PEP4895343,5.001093666666667,5.878618100097919,up,17.546650631243633,2023-09-12,-0.9077201000979187,4.970898
PEP4968010,5.359611966242776,6.202015989086168,up,15.717630831284579,2023-09-12,-0.86264237556576,5.339373613520408
PEP4968011,4.888549987654321,6.131752615728615,up,25.430907553649085,2023-09-12,-1.2121046924830017,4.919647923245614
PEP4968012,4.893725710582236,6.123946732189179,up,25.138740795110408,2023-09-12,-1.208438005179068,4.915508727010111
PEP4982981,4.925346239013107,6.10371911744623,up,23.924670901293506,2023-09-12,-1.190384744529564,4.913334372916666
PEP5057799,5.553263923076923,6.170334636466682,up,11.111856413405533,2023-09-12,0.7104273635333183,6.880762
PEP5057800,4.832343833333334,6.08786068886271,up,25.981529850356804,2023-09-12,-1.2477432356607387,4.840117453201971
PEP5276472,4.897595977099237,6.083704679017315,up,24.218181888915026,2023-09-12,-1.185779435245073,4.897925243772242
PEP5276473,5.041434,5.967943459243686,up,18.37789524257753,2023-09-12,-0.9109754592436854,5.056968
PEP5276474,5.021138,5.8559277350604075,up,16.625508700625392,2023-09-12,-0.8575507350604079,4.998377
PEP5447003,4.760915582464272,6.150276980662492,up,29.182651406708633,2023-09-12,-1.3346906717915248,4.815586308870968
PEP5447004,4.857940936667097,6.288569179915608,up,29.44927206607881,2023-09-12,-1.439313845383233,4.849255334532375
PEP5541133,4.908163659898478,6.145138756947541,up,25.202401198550277,2023-09-12,-1.2119793516378063,4.933159405309735
PEP5541134,4.65788625,6.134657804850299,up,31.704757814777025,2023-09-12,-1.4424263391692014,4.692231465681098
PEP5541135,4.721967201522507,6.158671653787178,up,30.425972713267324,2023-09-12,-1.4325446537871782,4.726127
PEP5541136,5.068141340891321,5.876781314602577,up,15.955355609104668,2023-09-12,-0.8040768318439575,5.07270448275862
PETD4650889,5.845941162137121,6.177554612418128,up,5.67254170173307,2023-09-12,-0.3439795125089544,5.833575099909174
PFE.GM,5.367269313453536,6.057950190289659,up,12.868384955173937,2023-09-12,-0.6744172642225861,5.383532926067073
PFE3667745,5.373479130790193,6.038256989491866,up,12.37146069652484,2023-09-12,-0.6635145422191373,5.3747424472727285
PFE3667915,5.179317232060039,6.322565043928017,up,22.073330530735973,2023-09-12,-1.252237537729668,5.070327506198349
PFE3670315,5.358816435897436,6.026116502861163,up,12.452377776809868,2023-09-12,-0.652285182187879,5.373831320673284
PFE3704636,5.567907346855983,6.21140954817513,up,11.55734392172513,2023-09-12,-0.5156429594654526,5.695766588709677
PFE3704637,5.214232774193547,6.057735335616898,up,16.176925694572788,2023-09-12,-0.8035759113387604,5.2541594242781375
PFE4013018,5.248422513842,5.974754032899184,up,13.839044344116417,2023-09-12,-0.7132892040448713,5.261464828854312
PFE4062474,5.623408190839694,6.056566537825444,up,7.702772629796778,2023-09-12,-0.39498179622880514,5.661584741596639
PFE4125867,5.232792543535924,6.085144619967571,up,16.288665551715006,2023-09-12,-0.8543956199675709,5.230749
PFE4125872,5.620269177419355,6.166399618466637,up,9.717158089891477,2023-09-12,-0.6130466108330497,5.5533530076335875
PFE4297191,5.365410090909091,5.982856245994037,up,11.507902371360558,2023-09-12,-0.5707258235180763,5.41213042247596
PFE4310091,5.42992229301912,6.172709089571351,up,13.679510616702201,2023-09-12,-0.7519465678322206,5.42076252173913
PFE4369661,5.085949514734775,6.152783554179497,up,20.976103603740864,2023-09-12,-1.0657848523161437,5.086998701863354
PFE4426177,5.121734631465517,6.028394087060049,up,17.702195073216895,2023-09-12,-0.8949482227743344,5.133445864285715
PFE4426178,5.263811,5.914495840618276,up,12.361478035937774,2023-09-12,-0.6243965788595851,5.290099261758691
PFE4426182,4.99553633680153,6.463024145944983,up,29.375981080002205,2023-09-12,-1.4557499470107018,5.007274198934281
PFE4538719,5.0967574050251265,6.132786709500179,up,20.327224196576115,2023-09-12,-1.0175752650557346,5.115211444444444
PFE4538720,5.55303,5.9046515978927445,up,6.332067319873022,2023-09-12,-0.3968605978927444,5.507791
PFE4666688,5.07791,6.124389092328938,up,20.608460810233698,2023-09-12,-1.022003605024877,5.102385487304061
PFE4685494,5.266237736156351,6.00556447974884,up,14.038992932592114,2023-09-12,-0.7402552114561578,5.2653092682926825
PFE4805581,5.519566962962964,6.171442696681892,up,11.810269502899441,2023-09-12,-0.5682785339184262,5.603164162763465
PFE4805582,4.86345115689834,6.132176770093029,up,26.08694057500964,2023-09-12,-1.2397646039402366,4.892412166152792
PFE4805669,5.236622294117646,6.000456002035195,up,14.586381545515916,2023-09-12,-0.7183691021343028,5.282086899900892
PFE4805670,5.092125,5.887135916466202,up,15.61255696720332,2023-09-12,-0.7421729164662025,5.144963
PFE4971095,4.943859843488651,6.1036774048723625,up,23.459758126259548,2023-09-12,-1.1276961669869001,4.975981237885462
PFE4985552,5.371466000000001,6.0977957674595835,up,13.522002512155575,2023-09-12,-0.769368718563002,5.3284270488965815
PFE4985679,5.32593,5.873730136405362,up,10.285530159152716,2023-09-12,-0.4904490781529356,5.383281058252426
PFE4989484,5.304430528564333,6.164703756243752,up,16.218012905378863,2023-09-12,-0.8412453363303323,5.32345841991342
PFE4989485,4.89589148275862,6.098197110626889,up,24.557440296671402,2023-09-12,-1.109789246429358,4.988407864197531
PFE4989487,5.255350223880596,5.992664075587104,up,14.029775757971644,2023-09-12,-0.7239936292977971,5.268670446289307
PFE4989488,5.021778747474748,5.874660031341193,up,16.983649156094838,2023-09-12,-0.8689710313411947,5.0056889999999985
PFE5241578,4.929556647181627,6.0864308043069935,up,23.46811772183986,2023-09-12,-1.1515714635867713,4.934859340720222
PFE5282054,7.104696666666666,5.9878647116381325,down,-15.719628964152829,2023-09-12,1.1482341167051802,7.136098828343313
PFE5282055,7.036468294511378,5.893199474502,down,-16.247764818341555,2023-09-12,1.1807699992181355,7.073969473720136
PFE5282056,6.447612208406595,6.265206404848092,down,-2.8290442672820357,2023-09-12,0.1910377891174262,6.456244193965518
PFE5282057,6.191677076923076,6.153181984488227,down,-0.6217231931930666,2023-09-12,0.07332305358481239,6.226505038073039
PFE5282058,6.2507621646430325,6.142070030107566,down,-1.7388621046930195,2023-09-12,0.15459281268719316,6.296662842794759
PFE5500985,5.333561,6.069993654649341,up,13.807522866042794,2023-09-12,-0.7171682659253049,5.352825388724036
PFE5501110,5.475358952380953,6.149784437547043,up,12.31746614297895,2023-09-12,-0.6863146331992169,5.4634698043478265
PFE5588586,5.3942201339895215,6.18933247225317,up,14.740079539089743,2023-09-12,-0.8138215114402731,5.375510960812897
PFE5588587,5.203680660495558,6.322195277199663,up,21.494682123664106,2023-09-12,-1.0506031069981319,5.271592170201531
PFE5588588,5.060442865712229,6.190381244065069,up,22.328843706721848,2023-09-12,-1.1072028696551302,5.083178374409939
PFE5588589,5.093653985494181,6.16630390641447,up,21.058554899390586,2023-09-12,-1.0584049854229454,5.107898920991524
PFE5588590,5.151689697856944,6.666628207443441,up,29.406633520972704,2023-09-12,-1.4922352981934193,5.174392909250022
PFE5588591,5.460048688081499,6.047186149743894,up,10.753337473785379,2023-09-12,-0.6017481371562967,5.445438012587597
PFE5588843,5.44179407774859,6.014490526361459,up,10.524037485259061,2023-09-12,-0.5638417273562393,5.4506487990052195
PFE5588844,5.575672530165072,5.898491899002194,up,5.789783512045053,2023-09-12,-0.3169692962012256,5.581522602800969
PFG.LU,5.903529336633664,6.105370755870616,up,3.418995785867419,2023-09-12,-0.26701489872775674,5.838355857142859
PFG4241303,5.6529905454545455,6.15553184728858,up,8.889830927421546,2023-09-12,-0.3915433992885804,5.763988447999999
PFG4423264,5.618019,6.170454453614843,up,9.83327848508242,2023-09-12,-0.5100834536148424,5.6603710000000005
PFG4423270,6.163299,5.914857968769207,down,-4.030974827455128,2023-09-12,0.2501850312307923,6.165042999999999
PFG4831733,5.534966,6.110101058738342,up,10.390941132038437,2023-09-12,-0.514389392071676,5.595711666666666
PFG4999863,5.570049869010384,6.1423382235309605,up,10.274384753798511,2023-09-12,-0.5715147318642924,5.570823491666668
PFG5552130,5.617949000000001,6.068634429930963,up,8.022241389712898,2023-09-12,-0.4449265851033761,5.623707844827587
PFG5552131,6.104427,5.8435465390153025,down,-4.273627336107021,2023-09-12,0.2264254609846974,6.069972
PFXC4393501,5.326675,6.154024484254353,up,15.532193802970012,2023-09-12,-0.776913752911069,5.377110731343284
PFXC4906853,5.449292212639035,6.250352712444683,up,14.700266907098067,2023-09-12,-0.6509317124446818,5.599421000000001
PFXC5208256,4.530573715235792,6.20253285226615,up,36.90391641587806,2023-09-12,-1.4996301463837955,4.702902705882354
PG.GB,5.244022333333334,6.105504237784276,up,16.427883973242842,2023-09-12,-0.8325462377842756,5.272958
PG.GF,4.467952000000001,6.147807084591885,up,37.59787671380273,2023-09-12,-1.223407584591885,4.9243995
PG.GZ,4.744948,6.0605007233414945,up,27.72533488968677,2023-09-12,-1.387550191549587,4.672950531791908
PG.HD,4.892333142857145,6.0233206367246845,up,23.117548638706115,2023-09-12,-1.117386108990929,4.905934527733756
PG4421841,4.8212250366492135,6.143061445529808,up,27.417023657524197,2023-09-12,-1.2518414455298084,4.89122
PG4529785,4.763316070067264,6.140159412370065,up,28.9051434347366,2023-09-12,-1.3406052578053842,4.799554154564681
PG4969925,4.858616414746543,6.143018370799628,up,26.435549679426323,2023-09-12,-1.30079829387655,4.842220076923078
PG4969926,4.704490450586265,6.120900849200053,up,30.10762618164689,2023-09-12,-1.4056971311383792,4.715203718061674
PG4969928,4.9460095331125835,5.9001233129282955,up,19.290577048590457,2023-09-12,-0.9935453129282958,4.906578
PG5070657,5.084728281984335,6.154680501770897,up,21.042465997199937,2023-09-12,-1.0279121375954965,5.1267683641754
PG5070658,4.67466385492228,6.111579696697349,up,30.738377910575092,2023-09-12,-1.4233886966973488,4.688191
PG5171147,4.796692728682169,6.147852336765251,up,28.16856706296248,2023-09-12,-1.277250216512086,4.870602120253165
PG5351507,4.559491260189838,6.090337162326987,up,33.57492787634845,2023-09-12,-1.5384013535034562,4.551935808823531
PG5530620,4.930091619999999,6.15513389867623,up,24.848265977585037,2023-09-12,-1.2215808378654192,4.9335530608108105
PG5530621,4.579638846580407,6.131520208940928,up,33.886544645748714,2023-09-12,-1.5741120184647368,4.557408190476191
PG5530622,4.583551605263157,6.069585799611755,up,32.42102025517131,2023-09-12,-1.4590798138038945,4.61050598580786
PGR.GD,4.935153666666667,6.114008039849308,up,23.88688281673851,2023-09-12,-1.142901039849308,4.971107
PGR.GF,5.422165388800001,6.123532406783216,up,12.935183043880505,2023-09-12,-0.7599182542408451,5.363614152542371
PGR4481218,5.53250982970297,5.9184430258639,up,6.975734486524187,2023-09-12,-0.3832890258638999,5.535154
PGR4742818,4.9182796875,6.1143185564446725,up,24.318236150425765,2023-09-12,-1.161349556444672,4.952969
PGR4968004,5.3061934164810705,6.114016590323417,up,15.224156197044058,2023-09-12,-0.8217826923642333,5.292233897959184
PGR4968005,5.507556789473684,5.878647454013454,up,6.737845449891999,2023-09-12,-0.41263112913832956,5.466016324875125
PGR5372890,5.46782761498708,5.865775896917199,up,7.277996124811262,2023-09-12,-0.4248668969171989,5.440909
PGR5372893,5.058181377033493,6.08529293820567,up,20.30594564749584,2023-09-12,-1.012641898470572,5.072651039735098
PGR5372906,5.176234055143159,6.146161710727709,up,18.738095017570146,2023-09-12,-0.9437725498081688,5.20238916091954
PGR5591543,5.3457227135445615,6.0956302256748325,up,14.02817827101686,2023-09-12,-0.7441319679556058,5.351498257719227
PH4186043,5.170026,6.162332011269113,up,19.1934433457223,2023-09-12,-0.9477706779357797,5.214561333333333
PH4186044,5.4386,6.056187298639779,up,11.355630100389421,2023-09-12,-0.516385965306446,5.539801333333333
PH4843163,5.91306323963668,6.2245594746108015,up,5.267933427230882,2023-09-12,-0.26447847461080176,5.960081
PH4843164,5.3192737124183,6.119223712617664,up,15.038707226736841,2023-09-12,-0.7593737670053189,5.359849945612345
PH5425728,5.95875153488372,6.167300922595116,up,3.4998839352590267,2023-09-12,-0.36679239734259106,5.800508525252525
PH5425729,5.225515343492986,6.153475768611763,up,17.75825663346888,2023-09-12,-0.8720718376359038,5.281403930975859
PH5425730,5.268227993846154,6.117033553041853,up,16.111784838985585,2023-09-12,-0.8222109699697535,5.2948225830721
PHCR4939796,5.4658056663871815,5.942212222910625,up,8.716126873174053,2023-09-12,-0.46520522291062427,5.477007
PHG3827974,6.110521,5.968262170602071,down,-2.328096563254246,2023-09-12,0.19143782939792864,6.1597
PHM.GJ,5.848182528301886,6.084451808817298,up,4.040046277146833,2023-09-12,-0.2254378088172988,5.859013999999999
PHM.GP,6.1220079482888385,6.552151336605393,up,7.026181474278934,2023-09-12,-0.422223336605394,6.129927999999999
PHM4340139,5.6201338539823,6.151844861305358,up,9.460824619796195,2023-09-12,-0.48707628987678575,5.6647685714285725
PHM4388482,5.4399293844067795,6.162977856124879,up,13.291504735165741,2023-09-12,-0.6985913590124841,5.464386497112395
PI5504554,2.370623203703704,6.1797002493032105,up,160.6782992610744,2023-09-12,-2.5218752493032106,3.657825
PIEH5256454,5.530128,6.083803238460181,up,10.011978718398211,2023-09-12,-0.6398232384601812,5.44398
PIEH5256455,5.519309056074767,5.876104937427896,up,6.464502671044044,2023-09-12,-0.3822453186740402,5.493859618753856
PKG4914113,5.508775333333333,6.105976238694773,up,10.840901456768552,2023-09-12,-0.5451139124536377,5.560862326241136
PKI4882935,5.710476878186969,6.112617536413898,up,7.042155441746672,2023-09-12,-0.3796145904850139,5.7330029459288845
PKI5255601,7.520116333333332,6.178267445567723,down,-17.843459173866627,2023-09-12,4.066482554432277,10.24475
PKI5255602,6.202457937391853,6.235938296978307,up,0.5397918039010913,2023-09-12,0.14142996389125706,6.377368260869564
PKOH4482081,10.013526486275964,6.166195216547914,down,-38.42134212158932,2023-09-12,4.239496475591828,10.405691692139742
PLD4643971,5.318969265545562,6.177296991906828,up,16.13710633601919,2023-09-12,-0.856558658573495,5.320738333333333
PLD4643972,5.7990070000000005,5.899596242318285,up,1.7345942558490584,2023-09-12,-0.10769924231828476,5.7918970000000005
PLD4944136,5.3977565,6.144434151470389,up,13.833111061426887,2023-09-12,-0.8134981514703874,5.330936000000001
PLD4946491,5.295509324324325,6.137244983399405,up,15.8952729099855,2023-09-12,-0.8608162186935227,5.276428764705883
PLD4946492,5.571563385321101,5.879333124405804,up,5.52393857522211,2023-09-12,-0.2321552190860423,5.6471779053197615
PLD4946500,5.331014,6.10274927707834,up,14.476331840027814,2023-09-12,-0.7631498033941293,5.339599473684211
PLD4952017,5.252757666666667,6.1161716688811,up,16.4373469519363,2023-09-12,-0.8486090688811005,5.2675626
PLD5026942,5.37560324137931,5.873242973208161,up,9.257374651429119,2023-09-12,-0.3980639732081608,5.475179
PLD5026945,5.317907527272727,6.098312617241275,up,14.675040623896985,2023-09-12,-0.8149885482757577,5.283324068965517
PLD5126150,5.3600689629629645,6.095402521319693,up,13.718733162534674,2023-09-12,-0.6608885213196931,5.434514
PLD5477114,5.308160659255679,6.08342207734277,up,14.605085788714605,2023-09-12,-0.7683241928516553,5.315097884491115
PLD5479060,5.342994,6.1453983067101925,up,15.017877742520252,2023-09-12,-0.7253621434448867,5.420036163265306
PLD5479065,5.278276733302195,6.132566289205346,up,16.18500884035101,2023-09-12,-0.8763679879295854,5.25619830127576
PLD5479067,5.39796840377176,6.119103335939896,up,13.359376680757396,2023-09-12,-0.6999290354283874,5.419174300511509
PLD5479069,5.385181461619347,6.104632701761581,up,13.359832816587975,2023-09-12,-0.711287957352635,5.393344744408946
PLD5479071,5.361155710911136,6.098247556188808,up,13.748749057549785,2023-09-12,-0.7076410856005726,5.390606470588235
PLD5559660,5.439803612903226,6.070129847797096,up,11.5872976259425,2023-09-12,-0.6077524657372964,5.4623773820598
PLD5559747,5.706994,5.844787795920368,up,2.414472416133049,2023-09-12,-0.13563769184797003,5.709150104072398
PLD5608845,5.509422045229682,6.1005470470987815,up,10.729346871890554,2023-09-12,-0.5959568032825286,5.504590243816253
PLD5609104,5.280985146875001,6.213118678980139,up,17.650750876599677,2023-09-12,-0.9366163119064881,5.276502367073651
PM3673419,5.924200014074002,6.9114869659276,up,16.66532104770467,2023-09-12,-1.0065223426534402,5.90496462327416
PM3699035,6.039235799999999,5.974225760681992,down,-1.0764613515837143,2023-09-12,0.16203768874392388,6.136263449425916
PM3831486,6.0559488192,5.9903616113168745,down,-1.0830211720942158,2023-09-12,0.047086055590638054,6.0374476669075126
PM3889958,5.9737021666666665,5.968738015199563,down,-0.0831000831411376,2023-09-12,-0.005724015199563226,5.963013999999999
PM3975947,6.057016359375,5.960903652822262,down,-1.5867995205919396,2023-09-12,0.07977834717773824,6.040682
PM4067556,6.016451,6.177593479845602,up,2.6783643687217307,2023-09-12,-0.1014674798456019,6.076126
PM4067574,6.062333653831344,5.994482491097147,down,-1.1192251467603802,2023-09-12,0.04747952422852286,6.0419620153256695
PM4181089,5.667446382502543,6.18083104866093,up,9.058482983507187,2023-09-12,-0.4997514217078045,5.681079626953125
PM4181093,6.0110634301075265,5.95552251350097,down,-0.9239782153748303,2023-09-12,0.04945148649902986,6.004974
PM4275880,5.437532375,6.160562436066556,up,13.297025400544046,2023-09-12,-0.6155587437588643,5.5450036923076915
PM4337103,5.379873043010752,6.15619146775533,up,14.43005101678245,2023-09-12,-0.7333178465432084,5.422873621212122
PM4531233,5.230535767123288,6.135407618416051,up,17.299792823908508,2023-09-12,-0.9505944115194991,5.184813206896552
PM4560582,5.439306771181868,6.137762337936365,up,12.840893079518926,2023-09-12,-0.7198410833909099,5.417921254545455
PM4828101,5.564712346938776,6.131111395749209,up,10.178406600334291,2023-09-12,-0.5533450837601084,5.577766311989101
PM4828108,5.640882456273765,6.17787268517635,up,9.51961387362977,2023-09-12,-0.4544610739737136,5.7234116112026365
PM4982972,5.5345710764019564,6.2039071975477995,up,12.093730695766595,2023-09-12,-0.5822691777279791,5.62163801981982
PM5072580,5.597531,6.099163105786131,up,8.961667309857342,2023-09-12,-0.48511203435756034,5.6140510714285705
PM5072872,5.300118523809523,6.149054700118004,up,16.01730550920393,2023-09-12,-0.7979081864193747,5.351146513698629
PM5503239,5.3676285420811025,6.174713788185498,up,15.036160564707732,2023-09-12,-0.7748081784606091,5.399905609724889
PM5503240,5.80299914630067,6.131582256963436,up,5.662298104459195,2023-09-12,-0.318047983739393,5.813534273224043
PM5503325,5.60980483330481,6.197322065744412,up,10.473042287524443,2023-09-12,-0.5608056963062102,5.636516369438202
PM5503326,5.377975773399015,6.155708010450216,up,14.461430653854638,2023-09-12,-0.7479683988622332,5.407739611587983
PM5503327,5.519344004249894,6.148015732971283,up,11.39033421793082,2023-09-12,-0.5802676992514177,5.567748033719865
PM5540934,5.430730052994669,6.1639412195366505,up,13.501152872396355,2023-09-12,-0.698231213812825,5.4657100057238255
PM5541031,5.808995800573065,6.08195822746047,up,4.698960651004034,2023-09-12,-0.2490079191131258,5.832950308347344
PM5541128,5.813001541077773,6.224782782360744,up,7.083797215141003,2023-09-12,-0.6853610532541161,5.5394217291066274
PM5541197,5.6330748515172395,6.186953385404543,up,9.832614486528952,2023-09-12,-0.5627786794758141,5.624174705928729
PM5647208,5.70624189268493,6.53530394276224,up,14.529037949479834,2023-09-12,-0.8171348530843954,5.718169089677844
PM5647210,5.86492837261432,6.153300674861206,up,4.916893846366664,2023-09-12,-0.2722897000077795,5.881010974853426
PM5647295,5.495856167678424,6.462693106670252,up,17.592107753435663,2023-09-12,-0.9477493369300856,5.514943769740166
PMRH4397068,6.844707860215053,6.1503866451832305,down,-10.143913067021787,2023-09-12,0.6341817520770423,6.784568397260273
PMT5085160,7.508322576802507,6.16717822941264,down,-17.862103468135842,2023-09-12,1.7238660717921794,7.891044301204819
PMT5380982,11.10595,6.150151147561643,down,-44.622917016899564,2023-09-12,5.485493852438355,11.635644999999998
PNC4119535,6.207011125592781,6.317371869215699,up,1.7780013824669643,2023-09-12,-0.22207657580021944,6.09529529341548
PNC4214104,5.905463999999999,6.185495315572215,up,4.741902000794783,2023-09-12,-0.17655331557221476,6.008942
PNC4253255,5.955813,6.179401281046141,up,3.7541185568811737,2023-09-12,-0.21682778104614098,5.9625735
PNC4497661,5.538109196261683,6.143160200657496,up,10.925227057715523,2023-09-12,-0.6099546439974572,5.533205556660039
PNC4659077,5.93218947826087,6.13037445992507,up,3.340840382635614,2023-09-12,-0.10558578805007013,6.024788671875
PNC4789355,5.97358902240478,6.189519463636248,up,3.6147522104649505,2023-09-12,-0.1345758850214862,6.054943578614762
PNC4822619,5.731613967474622,6.142656180381194,up,7.171491577051896,2023-09-12,-0.40369039488270353,5.738965785498491
PNC4861314,5.410412581589959,6.153281346474663,up,13.730353345186044,2023-09-12,-0.7220646273631406,5.431216719111522
PNC4899974,6.013032,6.111844003993551,up,1.6432974910752338,2023-09-12,-0.0784586706602175,6.033385333333333
PNC4938166,5.775103838870918,6.12637392750196,up,6.082489569567945,2023-09-12,-0.3455217199490894,5.78085220755287
PNC5238031,5.56296876555024,6.1483982006996705,up,10.52368725804854,2023-09-12,-0.6249192006996704,5.523479
PNR4846265,6.019942,6.130412367614341,up,1.835073620548853,2023-09-12,-0.1269643676143417,6.003448
PNW4134019,6.088994667798529,6.200123189537085,up,1.825071753244525,2023-09-12,-0.07498342501802835,6.125139764519057
PNW4803926,6.179819921288608,5.910198349249583,down,-4.3629357404123805,2023-09-12,0.2751446507504163,6.185343
PNW4871518,5.397453767993226,6.165513621030151,up,14.230040423717968,2023-09-12,-0.788539621030151,5.376974
PNW4914094,6.012796499999999,5.885689876966948,down,-2.1139352218730725,2023-09-12,0.14706347346040083,6.032753350427349
PNW5000225,5.977919252252251,6.16022373982101,up,3.049631148832825,2023-09-12,-0.20029287427307185,5.959930865547938
PNW5238906,5.713785023546372,6.133227007831289,up,7.340877939166544,2023-09-12,-0.4292190078312892,5.704008
PNW5499714,5.740957,6.075851718968194,up,5.833430192356336,2023-09-12,-0.36054416994858673,5.715307549019608
PNW5610404,5.71520459833999,6.265710039620102,up,9.632296303793032,2023-09-12,-0.5466427058198544,5.719067333800248
PODD5061895,0.1826296,6.174093457685429,up,3280.6641736528077,2023-09-12,-6.026401756242202,0.1476917014432272
POST5634415,2.666594098930067,6.351561461411948,up,138.190036644888,2023-09-12,-3.884261552321039,2.467299909090909
PPG4602682,5.3102669473226705,6.161125195648157,up,16.022890313536355,2023-09-12,-0.8563826601406914,5.304742535507466
PPG4869004,5.856086634146341,6.173798429441225,up,5.425326077697244,2023-09-12,-0.351433031172828,5.822365398268397
PPG4988389,5.314070999999999,6.104585200067412,up,14.875868238633103,2023-09-12,-0.7044612000674118,5.400124
PPG5141120,5.488638907834101,6.152803529879298,up,12.100716283179327,2023-09-12,-0.5753050388398719,5.577498491039426
PPL4027365,5.669339296703297,5.96184416388995,up,5.1594172068117885,2023-09-12,-0.30947158086411974,5.65237258302583
PPL4291191,5.947619060606061,5.934425960935142,down,-0.22182153121243253,2023-09-12,-0.01695196093514184,5.917474
PPL4291194,5.412041000000001,6.15728693826889,up,13.770145833501424,2023-09-12,-0.7250171382688908,5.432269799999999
PPL4291195,6.104759333333334,5.932852643262017,down,-2.8159454072606733,2023-09-12,0.14084329007131657,6.073695933333333
PPL4363509,5.503662364046069,6.172574771574012,up,12.153950647440977,2023-09-12,-0.6113777715740127,5.561196999999999
PPL4643970,5.518035,5.903796597851528,up,6.990923360426817,2023-09-12,-0.305467995111802,5.598328602739726
PPL4810003,5.770436451977401,5.9053606447779075,up,2.3381973603447364,2023-09-12,-0.09997864477790763,5.805382
PPL4973349,5.732143,6.107404023601396,up,6.54660959437677,2023-09-12,-0.33521902360139677,5.7721849999999995
PPL5548718,5.334354612606697,6.12298221738817,up,14.783936615644313,2023-09-12,-0.7949862173881703,5.327996
PPL5548719,5.516074575063613,5.891422814550889,up,6.804625905242541,2023-09-12,-0.3343693036164952,5.557053510934394
PPL5554202,5.471282954545455,6.073295071533162,up,11.00312526310791,2023-09-12,-0.6102553872734706,5.463039684259692
PPL5554203,5.449170965875371,6.080490649404458,up,11.585609764909806,2023-09-12,-0.6313264374100376,5.449164211994421
PRA4072207,6.212400431781701,6.192582567526238,down,-0.31900493976655636,2023-09-12,1.358113606386806,7.550696173913044
PRGO4188706,5.627374726000832,6.489117760445727,up,15.313411251311917,2023-09-12,-0.3205267604457269,6.168591
PRGO4342586,6.7115506049586795,6.172962482697603,down,-8.02479417890633,2023-09-12,0.4843625173023973,6.657325
PRGO5002604,6.892383000000001,6.106342001804515,down,-11.404488087726481,2023-09-12,0.8308909222461187,6.937232924050634
PRIU.GB,5.062744142857143,6.00841415337211,up,18.679000633464376,2023-09-12,-0.9671031533721095,5.041311
PROM4291995,9.31539747679325,5.940045603762842,down,-36.23411541417495,2023-09-12,3.5947186406816023,9.534764244444444
PROM4742591,11.24788110571185,6.136142911578133,down,-45.4462324600666,2023-09-12,5.087741009316106,11.22388392089424
PROM4762564,5.932597200000001,6.124724050879843,up,3.238494784035601,2023-09-12,-0.3247620508798432,5.799962
PROM4853877,6.175164333333334,5.899474177448654,down,-4.464499096753002,2023-09-12,0.22927488279231056,6.128749060240964
PRTK4832079,7.146317000000001,6.1749543037992085,down,-13.592493814657145,2023-09-12,0.10992736286745775,6.284881666666666
PRU.AB,5.717471999999999,5.977994766699456,up,4.556607652813285,2023-09-12,-0.25984276669945583,5.718152
PRU.GEQ,5.724629684615385,6.027598180075498,up,5.292368452658577,2023-09-12,-0.34459300271700766,5.68300517735849
PRU.GQF,5.81605,5.995309030805294,up,3.0821439087575655,2023-09-12,-0.22726387455529373,5.76804515625
PRU.GQI,6.195964,6.002585156451765,down,-3.1210453054316467,2023-09-12,0.11331834354823478,6.1159035
PRU.GS,5.265936,6.071645756289612,up,15.300409201509696,2023-09-12,-0.81132998406739,5.260315772222222
PRU.YX,5.562454462235649,6.0402052786097045,up,8.588849034496892,2023-09-12,-0.46517911254102273,5.575026166068682
PRU4040145,5.875607,5.957896751873076,up,1.4005319258601892,2023-09-12,-0.26085891853974186,5.697037833333334
PRU4125879,5.741789839416058,5.95882404595921,up,3.779905092542082,2023-09-12,-0.2139056613438246,5.744918384615385
PRU4194038,5.719453392857144,5.952620614086871,up,4.076739597544803,2023-09-12,-0.3387191667184508,5.61390144736842
PRU4219426,5.627306333333334,5.941544426972115,up,5.584165407477326,2023-09-12,-0.15832058445242936,5.783223842519686
PRU4221595,5.7693666666666665,5.940941782075281,up,2.9738986152485953,2023-09-12,-0.19092278207528057,5.750019
PRU4227373,5.5502486666666675,5.943973551435715,up,7.093824230500791,2023-09-12,-0.18563855143571395,5.758335000000001
PRU4253637,5.808339,5.937984189569998,up,2.23205273607477,2023-09-12,-0.23537718956999765,5.702607
PRU4575768,5.771522,5.999522075836565,up,3.950432413435576,2023-09-12,-0.2034370758365629,5.796085000000002
PRU4575771,5.745469522327471,5.920742660868615,up,3.0506321173581146,2023-09-12,-0.17464099420194668,5.746101666666668
PRU4613334,5.162128995251018,6.1641921826444115,up,19.41181997418619,2023-09-12,-0.9632447826444128,5.200947399999999
PRU4613335,5.769676267515923,5.908590121645214,up,2.407654219897841,2023-09-12,-0.1495694088514803,5.759020712793734
PRU4800373,5.7177880000000005,5.8858088384539196,up,2.938563627296413,2023-09-12,-0.14766247481755634,5.738146363636363
PRU4962775,5.400205548104957,6.158208350225232,up,14.036554634226361,2023-09-12,-0.8555625331278165,5.302645817097416
PRU4962851,5.196062262135922,6.122753059023082,up,17.83448215468898,2023-09-12,-0.8973078752349588,5.225445183788123
PRU5552183,5.42756667934224,6.119290882290943,up,12.744646796905537,2023-09-12,-0.6293253649407848,5.489965517350158
PRU5553057,5.548283666666666,6.086865146409194,up,9.707172742054475,2023-09-12,-0.550814146409194,5.536051
PSA4820761,5.192227081081081,6.119582721975994,up,17.860459999407933,2023-09-12,-0.8994487219759941,5.220134
PSA5112425,5.34049725698324,6.156390443569987,up,15.277475997574646,2023-09-12,-0.8427351118469595,5.3136553317230275
PSA5167045,5.241533,6.098073510753483,up,16.341412154678466,2023-09-12,-0.7930067964677692,5.305066714285714
PSA5297059,5.127945352300842,6.169868259561751,up,20.31852595296109,2023-09-12,-1.0200145405540937,5.149853719007657
PSA5297060,5.184354333333334,6.124963073007803,up,18.14321859959935,2023-09-12,-0.9165448511057859,5.208418221902017
PSA5297061,5.281833047058823,6.098373865270844,up,15.459421207315696,2023-09-12,-0.824273547513835,5.274100317757009
PSA5623052,5.219502860540005,6.167974544882099,up,18.171686263698412,2023-09-12,-0.9408712247659219,5.227103320116177
PSA5623257,5.3918151395348834,6.073132724373585,up,12.636145105254382,2023-09-12,-0.6844124286230979,5.388720295750487
PSA5623258,5.663639963089153,5.906534304753063,up,4.28866141292334,2023-09-12,-0.24844028815137875,5.658094016601685
PSD.IT,6.100186999999998,5.996919560249464,down,-1.692856952590707,2023-09-12,0.03479761259004022,6.031717172839504
PSD4320971,6.067459800000001,6.1699458224618695,up,1.6891092127527347,2023-09-12,-0.015215898548825102,6.154729923913044
PSD4641235,,no data prior to target date,N/A,N/A,,N/A,5.792011
PSD5280986,5.830157,6.130441265237604,up,5.150534800994277,2023-09-12,-0.2903644977957427,5.840076767441861
PSD5588205,5.774020000000001,5.862110165557208,up,1.5256297269009678,2023-09-12,-0.09003816555720867,5.772072
PSEC3931565,,no data prior to target date,N/A,N/A,,N/A,7.4803868064516115
PSEC3934952,,no data prior to target date,N/A,N/A,,N/A,7.268407285714286
PSEC3957048,8.000841,5.966716708149007,down,-25.423880962651207,2023-09-12,2.0473014585176594,8.014018166666666
PSEC4074741,7.859826,6.013650650180193,down,-23.4887559828908,2023-09-12,1.3824583498198049,7.396108999999998
PSEC4804154,7.101398567567567,6.167612310718093,down,-13.149328938022448,2023-09-12,0.5990310892819073,6.7666434
PSEC5112308,8.12679924528302,6.163347805806903,down,-24.16020600749735,2023-09-12,2.006913445236937,8.17026125104384
PSEC5185070,7.487751250000001,6.1317274343310615,down,-18.109894017498775,2023-09-12,1.3684095656689381,7.500137
PSEC5188819,8.370377896218118,6.1802971512599365,down,-26.164657941521348,2023-09-12,2.0852820290679324,8.265579180327869
PSEC5197120,,no data prior to target date,N/A,N/A,,N/A,7.690316333333333
PSEC5214778,7.507221250000001,6.130072804380441,down,-18.34431675527826,2023-09-12,1.149238862286226,7.279311666666667
PSEC5265501,8.719207014545454,6.128909668232266,down,-29.707946399162584,2023-09-12,2.472592689411492,8.601502357643758
PSEC5364448,,no data prior to target date,N/A,N/A,,N/A,7.5408085
PSEC5509432,,no data prior to target date,N/A,N/A,,N/A,7.923695166666666
PSMUF3891551,12.255210066066066,5.975548030459947,down,-51.240753946716275,2023-09-12,7.120778140968625,13.096326171428572
PSMUF4073505,13.447499,5.956074148557646,down,-55.70868494909242,2023-09-12,7.107312916862912,13.063387065420558
PSN5263204,11.933974968803058,6.215840610788375,down,-47.91475072607928,2023-09-12,6.41401375656824,12.629854367356614
PSX3935923,5.742132,5.976036289845109,up,4.073474623103572,2023-09-12,-0.18406928984510795,5.791967000000001
PSX4184006,5.556460561263562,6.12946930417044,up,10.312477459150243,2023-09-12,-0.587238234332383,5.542231069838057
PSX4184007,5.825106986882378,6.049283273729436,up,3.8484492619943813,2023-09-12,-0.24130327372943672,5.80798
PSX4214026,6.676726665198238,6.173844436628853,down,-7.531867841626766,2023-09-12,1.219730363371145,7.393574799999998
PSX4605970,5.33974754247191,6.146924760512051,up,15.1163928934827,2023-09-12,-0.7234305382898292,5.423494222222222
PSX4974596,5.7437216952141075,6.176376625637837,up,7.532658324727579,2023-09-12,-0.4350938961661628,5.741282729471674
PSX4999411,5.497753625,6.104199445898835,up,11.030792979538713,2023-09-12,-0.5949902749981417,5.509209170900693
PSX5080314,5.904817865943185,6.197949781876191,up,4.9642837863583,2023-09-12,-0.2692760825969742,5.928673699279217
PSX5080315,5.561226195652174,6.159049673743261,up,10.749850070088346,2023-09-12,-0.555104246991668,5.603945426751593
PSX5300829,5.772609684454755,5.872612288361542,up,1.7323638592106259,2023-09-12,-0.07787886483212958,5.794733423529412
PSX5393010,6.026126999999999,5.929495775741274,down,-1.6035377989664812,2023-09-12,0.07831822425872659,6.007814000000001
PSX5393016,5.518017999999999,6.120200144395027,up,10.913015223854444,2023-09-12,-0.5633025137643966,5.556897630630631
PSX5393019,5.342498,6.227472681842311,up,16.564810727908768,2023-09-12,-0.827543681842311,5.399929
PSX5393022,5.5654485613382905,6.173761294258791,up,10.930165398460238,2023-09-12,-0.7518476275921255,5.421913666666666
PSX5393025,5.783372999999999,6.1957867036852114,up,7.131023776007743,2023-09-12,-0.4721533036852117,5.7236334
PSX5393028,5.7865997880485525,6.189363476781049,up,6.960282436748963,2023-09-12,-0.3609698101143817,5.828393666666667
PSX5562946,5.375860980201863,6.152624324863357,up,14.449096573035385,2023-09-12,-0.745995794853183,5.406628530010174
PSX5562947,5.596384079409281,6.386577758524707,up,14.119718516510993,2023-09-12,-0.8047095726582976,5.581868185866409
PTEN4666386,6.299782493668579,6.2590354720223225,down,-0.646800452034789,2023-09-12,0.13348821524858767,6.39252368727091
PTEN4910521,6.882434956493421,6.2021370813197905,down,-9.884552189364102,2023-09-12,0.69992927117063,6.90206635249042
PTRB3676570,7.224693999440872,6.042159427008463,down,-16.36795375034467,2023-09-12,1.2023375729915369,7.244497
PTRB3688584,7.261992387519784,6.040184460463594,down,-16.82469302991762,2023-09-12,1.200361734536406,7.240546195
PTRB4006639,6.918314,5.9650329435661815,down,-13.779094970737352,2023-09-12,0.9680385283943389,6.93307147196052
PTRB4106363,7.344937076388888,5.959678559116324,down,-18.860046081614918,2023-09-12,1.3448457158698712,7.304524274986195
PTRB4106372,7.14132490625,6.187295473623842,down,-13.359277797194233,2023-09-12,0.9331041591445208,7.120399632768363
PTRB4254491,7.9106322146551085,5.233198883662087,down,-33.84600950140055,2023-09-12,2.676029527462064,7.909228411124151
PTRB4364661,6.0295580877483435,6.189465007338844,up,2.6520504034188024,2023-09-12,-0.2557680722820965,5.933696935056748
PTRB4443368,6.156227058823529,6.150314749635959,down,-0.09603786752951735,2023-09-12,0.0745802503640407,6.224895
PTRB4543138,6.270069518987342,6.177192020231968,down,-1.4812833968446137,2023-09-12,0.006105838159641053,6.183297858391609
PTRB4543140,6.138272780918728,6.1606745858839345,up,0.36495290718986106,2023-09-12,0.03916462624961703,6.1998392121335515
PTRB4591653,6.35686025423177,6.159917398364604,down,-3.0981152328472428,2023-09-12,0.1766219144408705,6.336539312805474
PTRB4808419,7.546842502512087,6.017618483793363,down,-20.26309702646765,2023-09-12,1.5406097421216556,7.558228225915019
PTRB4995269,6.362716562841529,6.105147855591056,down,-4.0480933687142695,2023-09-12,0.32337226335481084,6.428520118945867
PTRB4995270,7.512077849640076,6.038379510041123,down,-19.617719212928044,2023-09-12,1.4389544032035264,7.4773339132446495
PTRB5032925,6.499317072895278,6.169449075152385,down,-5.075425526146014,2023-09-12,0.3101948492662192,6.479643924418604
PTRB5196587,7.413454203898051,5.897274517627072,down,-20.45173065847982,2023-09-12,1.510761419784024,7.408035937411096
PTRB5609245,7.06798286653477,6.395296838330839,down,-9.517369253807063,2023-09-12,0.7113269075508386,7.106623745881677
PTV.GF,7.226363,6.161086753495211,down,-14.74152691339736,2023-09-12,1.494554246504788,7.655640999999999
PUK5424415,5.841775704545454,6.148709191392093,up,5.254112830929389,2023-09-12,-0.2630332932020485,5.885675898190044
PUK5424416,6.353788483394834,6.08994211179754,down,-4.152583490728999,2023-09-12,0.24111226774041405,6.331054379537954
PUK5479081,6.616806545454546,6.097529867348225,down,-7.84784434211759,2023-09-12,0.4970050547175022,6.594534922065727
PVH.GA,6.161388753623188,6.188411321266755,up,0.4385791697963536,2023-09-12,2.2844986787332457,8.47291
PVH5012009,6.428020868298049,6.349067283079776,down,-1.228272073721144,2023-09-12,0.00870613552487498,6.357773418604651
PWR5047885,5.77593280907781,6.130855391397176,up,6.144853031557918,2023-09-12,-0.3491767518721547,5.781678639525022
PWR5256493,5.851753285714286,6.175536496617023,up,5.533097434117382,2023-09-12,-0.13348165733130823,6.042054839285715
PWR5256496,5.702648456736036,6.098291246522042,up,6.937877948949634,2023-09-12,-0.368030100688709,5.730261145833333
PWR5256497,6.0175815483870965,5.985879161987476,down,-0.5268293606775983,2023-09-12,0.042100838012523845,6.0279799999999994
PXD5026932,5.4084448339100355,6.110824171073144,up,12.986715381828596,2023-09-12,-0.7078036305626014,5.403020540510543
PXD5112422,5.545812293548386,6.162380498765825,up,11.11772581871751,2023-09-12,-0.5813713480120564,5.5810091507537685
PXD5112423,5.43157770250896,6.1123696639185106,up,12.53396340247656,2023-09-12,-0.6946535848994388,5.417716079019072
PXD5192331,47.715665794510905,6.176182929316667,down,-87.05627842244809,2023-09-12,42.23417318618895,48.410356115505614
PXD5562974,5.536053597028783,6.164524561716577,up,11.352328037884188,2023-09-12,-0.5941735605183744,5.570351001198203
PYPL4887135,5.3140281188118825,6.15790520274541,up,15.880177241557442,2023-09-12,-0.816804876969754,5.341100325775656
PYPL4887136,5.800201195679796,6.1796879573073635,up,6.542648243137203,2023-09-12,-0.48180869589161013,5.697879261415753
PYPL4887138,5.2212619158249165,6.122538061788365,up,17.26165360967253,2023-09-12,-0.8747241968151025,5.247813864973263
PYPL4986742,5.5899983399638336,6.170982696708269,up,10.393283171318341,2023-09-12,-0.5332891117500509,5.637693584958218
PYPL4986743,5.278438479262673,6.114246174029415,up,15.83437408715416,2023-09-12,-0.8361506396613443,5.278095534368071
PYPL4986744,5.453288965593785,5.947798579634352,up,9.068098484429418,2023-09-12,-0.47287519695278846,5.474923382681563
PYPL5415326,5.052873,6.145605105233156,up,21.625956267516642,2023-09-12,-1.0937259510620896,5.051879154171067
PYPL5415327,5.232053631399317,6.09110023478766,up,16.418918151620517,2023-09-12,-0.8187056261881507,5.27239460859951
PYPL5415328,5.43801174905762,5.91691027881908,up,8.806500461210868,2023-09-12,-0.473480141872594,5.443430136946486
PYPL5415329,5.732545191387559,5.754032936939648,up,0.37483778731254785,2023-09-12,-0.055826395655244276,5.698206541284404
PYRL4462995,5.933216722901386,6.175516007184612,up,4.083776062788757,2023-09-12,-0.24010642093884016,5.935409586245772
PYRL5278329,6.298279,6.09619299285179,down,-3.2085909047250776,2023-09-12,0.09620566672267739,6.192398659574468
QCOM4246679,5.357886136252076,6.309720563480109,up,17.765111146872115,2023-09-12,-0.9246673098915918,5.385053253588517
QCOM4246683,4.994103161264821,6.070466995790097,up,21.55269524413815,2023-09-12,-1.0645754877255813,5.005891508064516
QCOM4246685,5.403515,5.950921187555787,up,10.130557378961424,2023-09-12,-0.5727338713164709,5.378187316239316
QCOM4499061,5.465659144329896,5.9239893428604065,up,8.38563449398385,2023-09-12,-0.4300830819629695,5.493906260897437
QCOM4499063,5.647962384643645,6.195161165914189,up,9.688428215427454,2023-09-12,-0.5815275058295617,5.613633660084627
QCOM4499083,5.06645575257732,6.151763324717842,up,21.421435913822457,2023-09-12,-1.0642169742556353,5.0875463504622065
QCOM4984946,4.925961295373665,6.114272802360462,up,24.12344384643924,2023-09-12,-1.1848743386953755,4.929398463665087
QCOM4984947,5.256239,5.889763082283483,up,12.052802056441566,2023-09-12,-0.6248990822834832,5.264864
QCOM5086634,5.0058564341926735,6.143435476735937,up,22.72496340032829,2023-09-12,-1.1067875421564972,5.03664793457944
QCOM5086635,4.9992129972183585,6.09837764617962,up,21.98675370649049,2023-09-12,-1.0981575561716896,5.0002200900079306
QCOM5410500,4.968450582317073,6.092211226299219,up,22.617929379868617,2023-09-12,-1.0476816893403385,5.044529536958881
QCOM5410503,5.510733603375527,5.8739020988244075,up,6.590202350308242,2023-09-12,-0.34950630493127743,5.52439579389313
QCOM5500472,5.102910281021898,6.085354667281875,up,19.252629032373168,2023-09-12,-0.9784238354486572,5.106930831833218
QCOM5500546,5.628741056725145,5.864364202465586,up,4.186071865198366,2023-09-12,-0.26214614209813103,5.602218060367455
QRTEA3695870,32.74650616256157,6.13381068696311,down,-81.26880878065774,2023-09-12,26.96835629355637,33.10216698051948
QRTEA3695880,31.221098000000005,6.121239474668748,down,-80.39390070564222,2023-09-12,27.233602525331257,33.354842000000005
QRTEA3695898,31.9275318,6.1190445913903435,down,-80.83458304976038,2023-09-12,25.704974066872957,31.824018658263302
QRTEA3977403,14.355225034482755,5.970839150037238,down,-58.406509576167174,2023-09-12,8.384571649962758,14.355410799999998
QRTEA4136978,10.626176816666668,6.183950751128191,down,-41.80455625932226,2023-09-12,5.465476343042213,11.649427094170404
QRTEA4187271,15.435897,6.067929440450452,down,-60.68949254811397,2023-09-12,9.297327059549545,15.365256499999996
QRTEA4187275,13.368932467904507,6.193235396410982,down,-53.674420816475774,2023-09-12,7.067967555333389,13.261202951744371
QRTEA4944685,19.2560765840639,6.2071269127396,down,-67.76536027138287,2023-09-12,13.009230333931736,19.216357246671336
QRTEA5030494,18.82818940251573,6.139589979264103,down,-67.39150086070539,2023-09-12,12.574352965180342,18.713942944444444
QRVO5016872,6.3886909874961875,6.138268499003111,down,-3.9197777601577264,2023-09-12,0.24972039620646935,6.38798889520958
R.GC,5.918890575268819,6.175815493347107,up,4.340761411468058,2023-09-12,-0.4169724933471075,5.758843
R4762690,6.0583820731707325,6.188163297121687,up,2.142176283758734,2023-09-12,-1.0034378971216862,5.1847254000000005
R4803511,5.790216000000001,6.183736686865666,up,6.796304090653359,2023-09-12,-0.15587068686566585,6.027866
R4867488,6.1126397526555385,6.1849770527891605,up,1.1834052563329331,2023-09-12,-0.07076801180555403,6.1142090409836065
R4909362,5.803294,6.1525063439235455,up,6.01748496497929,2023-09-12,-0.44082614392354547,5.7116802
R4973566,5.84461426243094,6.173339004728569,up,5.624404409554704,2023-09-12,-0.2861581679084857,5.887180836820083
R4984503,5.699261999999999,6.16696845479768,up,8.20643891784026,2023-09-12,-0.3731994547976809,5.793768999999999
R5294387,5.561261131578948,6.155745694890671,up,10.689743733413533,2023-09-12,-0.6027521948906722,5.552993499999999
R5412920,5.51984774829932,6.153961526679356,up,11.487885305811348,2023-09-12,-0.6166023266793559,5.5373592
R5544416,5.74495429563136,6.147950870360317,up,7.014791658750144,2023-09-12,-0.385461767221301,5.762489103139016
R5586194,5.678569036377135,6.143348334713391,up,8.184796123087734,2023-09-12,-0.4068747489748503,5.7364735857385405
RABO.YL,5.281504,6.004321012209147,up,13.685817755873073,2023-09-12,-0.730324012209147,5.273997
RABO4383700,6.220251449873326,6.280370954118082,up,0.9665124429331527,2023-09-12,-0.0563979008265445,6.223973053291537
RABO5106953,5.80165725,6.317455229236033,up,8.890528292343241,2023-09-12,-0.5689983125693656,5.748456916666667
RABO5335155,5.693122,6.206592841546969,up,9.019143477813559,2023-09-12,-0.4396110944539453,5.766981747093023
RAD5023186,25.877114,6.265354186893151,down,-75.78804890339336,2023-09-12,20.64810868490172,26.913462871794874
RAI.GR,6.753784259016394,6.041724472126912,down,-10.543123078574387,2023-09-12,0.7707563459521838,6.812480818079096
RBC5576685,5.625146939525932,6.191478775263915,up,10.067858525767011,2023-09-12,-0.5808598360530759,5.610618939210839
RBC5617717,5.50156806438127,6.174616466264687,up,12.233755794841935,2023-09-12,-0.6264027614426677,5.548213704822019
RBGPF4306976,5.519444143816452,6.184982496436069,up,12.058068444541345,2023-09-12,-0.6713323252805523,5.513650171155517
RC5395404,,no data prior to target date,N/A,N/A,,N/A,28.849319749999996
RCI3696658,6.605864000000001,6.099217678063789,down,-7.669645059847017,2023-09-12,0.5247077357293133,6.623925413793102
RCI4055709,6.300686517582909,6.998376978502548,up,11.07324509754041,2023-09-12,0.4792242377136686,7.477601216216216
RCI4103941,6.445119876553434,6.094394274037386,down,-5.441723493645877,2023-09-12,0.34789636232624943,6.442290636363635
RCI4317151,5.986916000000001,6.171787659478574,up,3.0879280664464526,2023-09-12,-0.11641138736972945,6.055376272108845
RCI4422284,5.852905,6.237902007690813,up,6.577878979597543,2023-09-12,-0.40877290703575575,5.829129100655058
RCI4824911,6.4184115,5.9593896894406155,down,-7.151641968723645,2023-09-12,0.4226093105593849,6.381999
RCI4904858,6.298610247104246,5.910550409682395,down,-6.16103905778675,2023-09-12,0.3906961572381702,6.3012465669205655
RCI5606865,6.171486,6.1769280714699155,up,0.08818089306069414,2023-09-12,0.026654889527526926,6.203582960997442
RCI5606866,5.746933652889246,6.2062763803482595,up,7.992831572504423,2023-09-12,-0.4014967446377753,5.804779635710484
RCI5606867,6.157791119824513,6.135236596296985,down,-0.36627620340865297,2023-09-12,0.017223760845871183,6.152460357142856
RCI5607701,6.376229888425443,6.035884604932728,down,-5.337719772471381,2023-09-12,0.34980705968265546,6.385691664615384
RCI5607702,6.40592621443588,5.878076663973051,down,-8.24001920711028,2023-09-12,0.518813601752238,6.396890265725289
RCL.GF,7.108627764705882,6.147228258370964,down,-13.524403558000845,2023-09-12,1.0155226545720257,7.16275091294299
RCL4568009,7.142215372168284,6.1430054293589,down,-13.990196189029746,2023-09-12,1.0463233562250416,7.189328785583942
RCL5646474,30.264673,6.169713534915307,down,-79.61414109805413,2023-09-12,25.230308583965815,31.40002211888112
RDFN5391453,14.214696,6.161459212005362,down,-56.654301913981406,2023-09-12,7.895972787994638,14.057432
RDN4541276,6.469407040723982,6.18090463649563,down,-4.459487591556237,2023-09-12,0.3417285418610829,6.522633178356713
RDN4846882,6.8272129730145945,6.303325663686877,down,-7.67351643193858,2023-09-12,0.5202065828884654,6.8235322465753425
RDN4987264,6.669855943396227,6.186756997548042,down,-7.243019188840161,2023-09-12,0.4819106192743865,6.668667616822429
RDS.GD,5.544211192307691,6.020002266009593,up,8.581763161584416,2023-09-12,-0.4893233099768741,5.530678956032719
RDS.GL,5.455442,6.006103495767145,up,10.09380167119631,2023-09-12,-0.5572904957671447,5.448813
RDS4038464,5.541351808884296,5.983190261834261,up,7.973477739521571,2023-09-12,-0.4515848737439123,5.531605388090349
RDS4242594,5.225371991379311,6.0621414623912955,up,16.013586638280795,2023-09-12,-0.7719342957246278,5.290207166666668
RDS4242595,5.5734584977973585,5.9601137247879725,up,6.93743798654679,2023-09-12,-0.38924194266506706,5.5708717821229055
RDS4242597,5.415723351894581,6.389814096931527,up,17.986346084243397,2023-09-12,-1.0018144744411837,5.3879996224903435
RDS4361347,5.523208155241936,5.947400122006814,up,7.680173457925675,2023-09-12,-0.4372586811465986,5.510141440860215
RDS4361459,5.0936153311432335,6.169308022424769,up,21.118451656617385,2023-09-12,-1.0273395807581025,5.141968441666666
RDS4401575,5.540459885714286,5.940365405120758,up,7.2179120083082315,2023-09-12,-0.4027569814829981,5.53760842363776
RDS4401576,5.098981849230458,6.267370557085716,up,22.914157029831205,2023-09-12,-1.0868403357181942,5.180530221367522
RDS4766032,5.739351661988303,6.198390800047116,up,7.99810091963918,2023-09-12,-0.5362244161402474,5.662166383906869
RDS4766034,4.902847335477487,6.144025582588156,up,25.315457777552652,2023-09-12,-1.2074888189381934,4.936536763649962
RDS4908205,5.51072345583521,6.341641662594477,up,15.07820549186554,2023-09-12,-0.8592117854774264,5.482429877117051
RDS4908206,5.00681974057844,6.128147455589483,up,22.396007308253836,2023-09-12,-1.1077629940510203,5.0203844615384625
RDS4973298,5.06224462555457,6.129824229716618,up,21.089056004382545,2023-09-12,-1.082728939666028,5.04709529005059
RDS4973299,5.440246398550724,5.908230463998497,up,8.602258632484796,2023-09-12,-0.46287797836041733,5.44535248563808
RDS5044143,7.925381,6.191133576304875,down,-21.882196246402856,2023-09-12,0.19279843431224464,6.383932010617119
RDS5308399,5.393043961538462,5.989355415707076,up,11.057047901358205,2023-09-12,-0.5732786957070761,5.4160767199999995
RDS5308400,5.369217,5.878468087655003,up,9.4846434341358,2023-09-12,-0.4827467218013446,5.3957213658536585
RE5271996,5.82502712601626,5.866031760925616,up,0.703938952081745,2023-09-12,-0.010919623785548005,5.855112137140068
REG4277681,6.246790000000001,6.1674266093975945,down,-1.2704667613671383,2023-09-12,0.1735963906024054,6.341023
REG4445814,6.333259,5.931135268319943,down,-6.349396601024157,2023-09-12,0.36179773168005624,6.292933
REG4803517,6.273370734513274,5.908150565895614,down,-5.821753313707135,2023-09-12,0.323758434104386,6.231909
REG4986710,5.712730746928747,6.117902600223734,up,7.092437421679877,2023-09-12,-0.37781560022373384,5.740087
REGN5027987,5.477528875891584,6.136331635116209,up,12.027371724578833,2023-09-12,-0.6768974620392845,5.459434173076924
REGN5027988,5.619006,5.9107605523415625,up,5.192280491274841,2023-09-12,-0.2527595523415629,5.658001
REXR5234273,5.932111,6.104098026271322,up,2.899255025256973,2023-09-12,-0.14815502627132116,5.955943
REXR5563955,5.764849,6.138788613572389,up,6.486546543931842,2023-09-12,-0.28701961357238925,5.851769
RF.GJ,6.785556702998037,6.0916769962673865,down,-10.225833149755811,2023-09-12,0.5990581005068076,6.690735096774194
RF4987741,6.407739123287671,6.1851364850624,down,-3.47396537128463,2023-09-12,0.2035698263506447,6.388706311413045
RF5237267,5.942780333333333,6.139300085962802,up,3.3068655007687213,2023-09-12,-0.11246644656163074,6.026833639401171
RGA4370098,5.509298599999999,6.159533922165526,up,11.802506441845912,2023-09-12,-0.3800917345225052,5.779442187643021
RGA4832153,5.862432336686788,6.136603926635768,up,4.676754872431178,2023-09-12,-0.26597518018186683,5.870628746453901
RGA4998065,5.900533187919463,6.1186386358286775,up,3.6963684630357694,2023-09-12,-0.17969466808674195,5.938943967741936
RGA5598893,6.031660342995169,6.108581316930572,up,1.2752868955019088,2023-09-12,-0.08851550611975956,6.020065810810812
RHP4998365,6.777215340681363,6.148958900857616,down,-9.27012656736068,2023-09-12,0.7360037175634373,6.884962618421054
RIG.GK,11.2640305,6.152498819481384,down,-45.3792421861661,2023-09-12,4.760466239342147,10.91296505882353
RIG.GL,10.579632413953489,6.155465704920391,down,-41.81777339634276,2023-09-12,3.9770631469314646,10.132528851851855
RIG.GP,9.98253783121469,6.154465598556229,down,-38.347685702611116,2023-09-12,3.7513501513678076,9.905815749924036
RIG.GX,9.617650059129303,6.0810080762967145,down,-36.77241281486972,2023-09-12,3.553043994214465,9.63405207051118
RIG.HH,10.762848,6.027462353977126,down,-43.99751484015081,2023-09-12,4.870909382110763,10.898371736087888
RIG3684663,10.494459,6.1451748748534625,down,-41.4436239652424,2023-09-12,4.332913265250826,10.478088140104289
RIG5141383,20.8158806,6.446149498130462,down,-69.03254000154833,2023-09-12,16.755082001869535,23.2012315
RIO.AB,5.145912000000001,6.139366512998679,up,19.305703498207468,2023-09-12,-1.0244305129986788,5.114936
RIO.HC,5.434089571428571,6.003409378532861,up,10.476820442888291,2023-09-12,-0.5197234285328598,5.483685950000001
RIO3704560,5.507694493243243,6.089722499790374,up,10.567543411515551,2023-09-12,-0.5482806629435792,5.541441836846794
RIO3706834,5.337324666666667,6.1088783213234645,up,14.455812656018496,2023-09-12,-0.7368432939440641,5.3720350273794
RIO3890859,5.485184,5.981282265417241,up,9.044332248785839,2023-09-12,-0.49025422047342104,5.49102804494382
RIO5552169,5.245594403508771,6.0887076691231865,up,16.072787958033093,2023-09-12,-0.8104492874484288,5.278258381674758
RIO5552170,5.496024,5.887324483616453,up,7.1197011442536065,2023-09-12,-0.4170078859157309,5.470316597700722
RJF4971768,5.401638688946016,6.13009707652096,up,13.485877703476746,2023-09-12,-0.7118678765209596,5.418229200000001
RJF5152088,5.888552,5.8844346057148895,down,-0.06992201622929144,2023-09-12,0.0048915641324382975,5.889326169847328
RL4996694,5.2134035333333335,6.117449090154944,up,17.340793802769063,2023-09-12,-0.8563242350824805,5.261124855072463
RLGY5434194,10.220650578357333,6.4947175426767245,down,-36.454949781478994,2023-09-12,3.745494457323275,10.240212
RLI4055678,12.686848000000005,6.194207007076673,down,-51.176154967122876,2023-09-12,104.33323599292333,110.527443
RNR4511898,5.5378884117647065,6.150702978036593,up,11.065852554378333,2023-09-12,-0.5765048992001676,5.574198078836425
RNR5596899,6.363427963285026,6.112774738453636,down,-3.9389653859143197,2023-09-12,0.1941282601359271,6.306902998589563
ROIC4078120,6.038398145299144,6.200578254003751,up,2.6858134359832273,2023-09-12,0.6903328577974932,6.890911111801244
ROIC4185919,6.660518296482417,6.239030058915871,down,-6.328159743801685,2023-09-12,0.4391317042420235,6.6781617631578944
ROK.GF,5.472204567867037,6.0456539065962405,up,10.4793110640731,2023-09-12,-0.4124289065962401,5.633225
ROK4212160,5.539802,6.176970706367458,up,11.501651256984596,2023-09-12,-0.6977457063674581,5.479225
ROK4804247,5.231291,5.908551095809057,up,12.946328082476336,2023-09-12,-0.6575120958090572,5.251039
ROK5233644,5.042150583333334,6.104730544199204,up,21.073943415696345,2023-09-12,-1.0737195441992036,5.031011
ROP4316698,5.681825,6.1689320473914036,up,8.573073746400208,2023-09-12,-0.5736485473914037,5.5952835
ROP4435340,5.456313509271237,6.208730102110774,up,13.789834318740088,2023-09-12,-0.7270501186397,5.481679983471074
ROP4667139,5.417703246031746,6.140098099868724,up,13.333968676968496,2023-09-12,-0.7030291501831902,5.437068949685534
ROP4667144,5.7688885714285725,6.1940009814223815,up,7.3690521966267895,2023-09-12,0.9274660185776185,7.121467
ROP4874213,5.87906794117647,6.182906692297085,up,5.168144919580786,2023-09-12,-0.0821894422970848,6.10071725
ROP4874214,5.369516451980467,6.136465387785612,up,14.283389252346304,2023-09-12,-0.7534180210191455,5.3830473667664664
ROP4999462,5.471565640218082,6.222888180433249,up,13.731399559436175,2023-09-12,-0.7365989280060647,5.486289252427184
ROP5032320,5.278257209302325,6.1510091825476225,up,16.534851157067,2023-09-12,-0.8177884325476228,5.33322075
ROP5032323,5.613458672833935,6.220678953666955,up,10.817221898713415,2023-09-12,-0.5946222246233459,5.626056729043609
ROP5032325,5.477289185128983,6.13984073737613,up,12.096340540974102,2023-09-12,-0.6459228255046936,5.493917911871437
ROST4164399,6.05042677406803,6.315960821658977,up,4.388682939342706,2023-09-12,-0.17972689953934573,6.136233922119631
ROST4973624,5.769248881275442,6.208902969993268,up,7.620646946689341,2023-09-12,-0.3289878663458019,5.879915103647466
ROST4973626,6.034755,6.120097191491446,up,1.4141782307889303,2023-09-12,-0.5318123819676366,5.58828480952381
ROST5064463,5.539385846153847,6.165343461585289,up,11.300126635267022,2023-09-12,-0.5979674615852888,5.567376
ROST5064464,5.471590592748735,6.135283459868833,up,12.1297976496937,2023-09-12,-0.6426598312974043,5.492623628571429
RPAI4219939,6.911605313817331,6.186631675901607,down,-10.489222184987813,2023-09-12,0.7170200213460998,6.903651697247707
RPAI5032328,6.445983333333333,6.1155327816560225,down,-5.126456811771323,2023-09-12,0.3093130530547219,6.424845834710744
RPD4982643,0.930199,6.18688703924776,up,565.1143507193364,2023-09-12,-5.15589103924776,1.030996
RPD5390634,4.410202967921897,6.214841728419818,up,40.919630539096765,2023-09-12,-1.8352637284198172,4.379578
RPHC5237354,5.791795189814814,6.152058736711006,up,6.2202397545019394,2023-09-12,-0.3219210481864154,5.830137688524591
RPHC5237891,6.448782333333334,6.005185686999932,down,-6.878765996496428,2023-09-12,0.4495069578598825,6.454692644859814
RPHC5237914,6.10741579661017,6.173791872202804,up,1.086811145713618,2023-09-12,-0.06783337220280394,6.1059585
RPHC5237916,5.922506386907929,6.14746896945718,up,3.7984354570987886,2023-09-12,-0.18954711615182962,5.957921853305351
RPHC5237919,6.3916845,5.895159933354911,down,-7.7682896683196585,2023-09-12,0.48207255562090623,6.377232488975817
RRC4345623,6.521516517985611,6.181974817191566,down,-5.206483796485476,2023-09-12,0.389579287337642,6.571554104529208
RRC5325280,6.942797498049415,6.138889185782154,down,-11.579025781655298,2023-09-12,0.8585665017507234,6.997455687532877
RRD3673766,7.322777333333333,6.110236592059889,down,-16.558481653592693,2023-09-12,1.0430167715764762,7.153253363636365
RRD3673769,5.223881907505686,6.1613688182721,up,17.946173504026394,2023-09-12,-0.8685799945630786,5.292788823709022
RS5022703,5.783367928571429,6.1735825715064765,up,6.747186894461271,2023-09-12,-0.30069757150647636,5.872885
RS5022704,5.655097862416108,6.123728162952933,up,8.286864558991121,2023-09-12,-0.43227712028131915,5.691451042671614
RSA.GE,8.208707500000001,6.126799141536018,down,-25.36219445587485,2023-09-12,2.061739191797316,8.188538333333334
RSG4219373,5.586323266666668,6.184213839951359,up,10.702756441831369,2023-09-12,-0.5695298399513593,5.614684
RSG4375173,5.324988,6.164050219292611,up,15.757072490916615,2023-09-12,-0.8691192192926112,5.294931
RSG4565277,5.347285732482125,6.202811707519785,up,15.999256778831942,2023-09-12,-0.8541649448294306,5.348646762690354
RSG4629891,5.303643114379084,6.144274964240157,up,15.850083267895165,2023-09-12,-0.8172998236996163,5.326975140540541
RSG4866174,5.8234148190754516,6.205690035373762,up,6.564451068230827,2023-09-12,-0.328986432551182,5.87670360282258
RSG4953828,5.285623434535103,6.1254522148086545,up,15.888925699592871,2023-09-12,-0.8043898814753208,5.321062333333334
RSG5029252,5.334886974233128,6.125449859251116,up,14.81873728227633,2023-09-12,-0.7858772038172503,5.339572655433866
RSG5077246,5.5740381872146125,6.175652163385834,up,10.793144143704772,2023-09-12,-0.5750012239572628,5.600650939428571
RSG5077435,5.243600828828829,6.101265157664473,up,16.356400054715934,2023-09-12,-0.8284696021089175,5.272795555555556
RSG5294386,5.255242654676259,6.090902580427314,up,15.901452714223613,2023-09-12,-0.8285457877443863,5.262356792682928
RSG5558482,5.302079442955921,6.14590218022013,up,15.91493953160717,2023-09-12,-0.8284742222646484,5.3174279579554815
RSG5558775,5.374180831101958,6.082328247320508,up,13.176843847908751,2023-09-12,-0.6958350050502826,5.386493242270225
RSHS4973913,5.523147,6.126197880299218,up,10.918609993527568,2023-09-12,-0.6350928802992177,5.491105
RTRX5376243,6.822932,6.154194014294212,down,-9.801328603389091,2023-09-12,1.1421919857057876,7.296386
RVNC5133129,6.5778279900638745,6.377339666911184,down,-3.047941105415612,2023-09-12,0.07868614261262508,6.456025809523809
RWT4647522,7.4029625,6.1862065328188605,down,-16.436068225134733,2023-09-12,1.1581394671811394,7.344346
RWT5606864,10.296416698360655,6.17047747206414,down,-40.07160303597102,2023-09-12,3.388034681782014,9.558512153846154
RY4329668,5.617706742619542,6.222800946663224,up,10.771196001618371,2023-09-12,-0.5321815389076434,5.69061940775558
RY4728596,6.669996333333332,6.195395412827366,down,-7.115459991096943,2023-09-12,-0.4281390340224043,5.767256378804961
RY4857554,5.865139327183273,6.213586556788012,up,5.940988102188551,2023-09-12,-0.3852012623583043,5.828385294429708
RY4900907,5.862618674418604,6.197945809221733,up,5.719750054123781,2023-09-12,-0.28858570562310604,5.909360103598627
RY4971155,,no data prior to target date,N/A,N/A,,N/A,5.5999267999999995
RY4982617,,no data prior to target date,N/A,N/A,,N/A,5.6231672
RY4997741,5.729607970980082,6.303410368992426,up,10.014688629983045,2023-09-12,-0.5804258380496838,5.7229845309427425
RY5065819,5.671293916305915,6.318497818047772,up,11.411926648362172,2023-09-12,-0.5710425014420153,5.747455316605757
RY5111768,6.120270714285714,6.192277099987044,up,1.1765228870228854,2023-09-12,-0.17600410853405357,6.016272991452991
RY5111770,5.578806737527922,6.1845894318532775,up,10.85864276764298,2023-09-12,-0.6304475052594851,5.554141926593792
RY5172091,5.606125316119691,6.1782132908199765,up,10.204694730160961,2023-09-12,-0.5435443118283798,5.634668978991597
RY5217762,5.608672075757576,6.1716500621227475,up,10.037634198628544,2023-09-12,-0.6122888673504034,5.559361194772344
RY5228587,5.901741,6.186363545134156,up,4.822687832864155,2023-09-12,-0.4229375451341557,5.763426
RY5274605,5.698144131236443,6.189313497811513,up,8.619812964760703,2023-09-12,-0.47214776447818085,5.717165733333332
RY5274607,5.528735798561152,6.161744770719176,up,11.449434286998567,2023-09-12,-0.6061799627721562,5.55556480794702
RY5289871,5.457587834123223,6.106044470708938,up,11.881744395047223,2023-09-12,-0.6407928226207984,5.46525164808814
RY5340065,5.74332775862069,6.18910851531006,up,7.7617154274411115,2023-09-12,-0.4559359630224771,5.7331725522875825
RY5340067,5.380298,6.160288562236722,up,14.497162838131306,2023-09-12,-0.734305562236722,5.425983
RY5394708,5.678954717505635,6.185961842211105,up,8.927824748145945,2023-09-12,-0.4991528422111049,5.686809
RY5394710,5.491851774834437,6.158046790661012,up,12.130608092507352,2023-09-12,-0.7041141809744023,5.45393260968661
RY5394711,5.792728974117647,6.189019414333,up,6.841170059673228,2023-09-12,-0.33595981629378446,5.8530595980392155
RY5451421,5.446810709337351,6.156600245961517,up,13.031287013653497,2023-09-12,-0.6863807380020379,5.470219507959479
RY5452616,5.9831546666666675,6.126282844134189,up,2.3921858190448715,2023-09-12,-0.37550704413418856,5.7507758
RY5453924,6.560154,6.186908996672414,down,-5.689576850293241,2023-09-12,-0.17028899667241415,6.01662
RY5467796,6.217691,6.187165055887168,down,-0.49095305818240675,2023-09-12,-0.6591320558871683,5.528033
RY5493147,5.656078639566395,6.225484868333627,up,10.067155445541742,2023-09-12,-0.4929818305026057,5.732503037831021
RY5493148,5.493162493906218,6.258602881019643,up,13.934420981767023,2023-09-12,-0.755222915315672,5.503379965703971
RY5507994,6.481339,6.1889930866455485,down,-4.510578961453053,2023-09-12,0.6276789133544503,6.816671999999999
RY5514570,,no data prior to target date,N/A,N/A,,N/A,6.18979625
RY5524636,5.538298647721937,6.218427499154386,up,12.28046544063142,2023-09-12,-0.6117872487165581,5.606640250437828
RY5524638,5.36135506640625,6.1766104648712545,up,15.206144498306385,2023-09-12,-0.7726699379104716,5.403940526960783
RY5524639,5.598907699143468,6.115009548438417,up,9.217902437897006,2023-09-12,-0.4972828540590273,5.61772669437939
RY5526766,14.326451666666664,6.187587707473334,down,-56.81004723681868,2023-09-12,0.2588622925266657,6.44645
RY5540466,6.459993,6.1815106367342,down,-4.310877167603742,2023-09-12,-0.24979697006753376,5.931713666666666
RY5541762,6.62417225,6.194920198353561,down,-6.480085895206591,2023-09-12,-0.1069481983535594,6.0879720000000015
RY5576684,5.789295216647443,6.208546286439688,up,7.241832625613304,2023-09-12,-0.4415779388461054,5.766968347593583
RY5605618,5.616090333333333,6.144107346775731,up,9.401861118729588,2023-09-12,-0.5280315134423974,5.616075833333333
RY5617715,5.52719695226498,6.188771442861219,up,11.96943941585316,2023-09-12,-0.6162978644252117,5.572473578436007
RY5619109,5.426249,6.143718226633019,up,13.222195049158609,2023-09-12,-0.7169706266330191,5.4267476
RY5634818,6.0250509999999995,6.031124100284437,up,0.10079749174633404,2023-09-12,-0.006088100284437736,6.025035999999999
RY5634822,5.899038188888888,6.088688680653575,up,3.214939210291986,2023-09-12,-0.20276318653592718,5.8859254941176475
RY5641367,6.003373,5.973829566851984,down,-0.4921139024347738,2023-09-12,0.029482433148015907,6.003312
RY5643676,5.588648499999999,6.18962314634056,up,10.753488009499284,2023-09-12,-0.5956868616481419,5.593936284692418
RYN5184370,6.158275518110822,6.187176638770887,up,0.4693054179708164,2023-09-12,-0.006615718558120598,6.180560920212766
SABR5169906,5.350118,6.18599578293975,up,15.623539199317648,2023-09-12,-1.247737005161972,4.9382587777777776
SAFE5176823,6.774043499999999,6.351004797032657,down,-6.244995370451078,2023-09-12,0.3586268889507851,6.709631685983442
SAFE5298852,6.740694726235741,6.106084297661659,down,-9.41461458125508,2023-09-12,0.7030467023383409,6.809131
SAIC3697844,6.345169666666665,6.005110552624276,down,-5.35933839293274,2023-09-12,0.6956422473757247,6.700752800000001
SAIC3704710,6.647979000000001,6.088393694894592,down,-8.417374740585213,2023-09-12,0.4035078658530722,6.491901560747664
SAIC5208136,5.945595668639053,6.142468051948403,up,3.3112306029786516,2023-09-12,-0.20000105194840323,5.942467
SAIC5208138,5.895381,6.11527199023393,up,3.72988599437305,2023-09-12,-0.1428109902339303,5.972461
SAIC5542977,6.010588797659678,6.114802184653899,up,1.7338299208689574,2023-09-12,-0.07789961099027565,6.036902573663624
SAN4268841,5.895821670759785,6.207008713517167,up,5.278094558061485,2023-09-12,-0.26541186342793477,5.941596850089232
SAN4370336,5.7780444407582925,6.207158625002225,up,7.42663350279834,2023-09-12,-0.13987709657845215,6.067281528423773
SAN4481701,5.9876402875817,6.1670593150950594,up,2.996489750486062,2023-09-12,-0.09394252942451509,6.073116785670544
SAN4517334,6.186036296151389,6.365570873633325,up,2.902255481327065,2023-09-12,-0.17872730421328864,6.186843569420036
SAN4607473,6.314953796450938,6.227738978369319,down,-1.3810840252011714,2023-09-12,0.14475614883916155,6.372495127208481
SAN4620760,6.0696397499999994,6.151841642271027,up,1.354312540065121,2023-09-12,-0.09608213283706402,6.055759509433963
SAN4842792,6.219996006297228,6.19944791578913,down,-0.33035536497602996,2023-09-12,0.2589079958684293,6.458355911657559
SAN4849374,6.299552,6.1933826522345266,down,-1.6853475892487864,2023-09-12,-0.17300865223452622,6.020374
SAN4849375,5.805925,6.136193653879298,up,5.688476063319757,2023-09-12,-0.31174415387929777,5.8244495
SAN4933648,5.776416,6.1896323942055655,up,7.1535082342678455,2023-09-12,-0.4272993942055656,5.762333
SAN4949682,6.411288450597178,6.1749204275051195,down,-3.686747600165177,2023-09-12,0.3641696541946251,6.539090081699745
SAN4990848,6.138178000000001,6.182108859477458,up,0.7156986890483915,2023-09-12,0.361360452210854,6.543469311688312
SAN4990849,6.090711714285713,6.186367175197759,up,1.5705136837733933,2023-09-12,-0.15991723769775934,6.0264499375
SAN4995241,6.283934555228277,6.183582101508158,down,-1.596968473145942,2023-09-12,0.27069558694500095,6.454277688453159
SAN5089189,6.894065854651162,6.141123241741232,down,-10.921604591316001,2023-09-12,0.746687142874153,6.887810384615385
SAN5154355,6.126104153846154,6.243382084875901,up,1.914396622788669,2023-09-12,-0.15806344201875788,6.0853186428571435
SAN5154356,5.967891000000001,6.118042429091448,up,2.5159881286613133,2023-09-12,-0.054896205407237275,6.06314622368421
SAN5462132,6.126038999999999,6.178779645903003,up,0.8609257287295101,2023-09-12,0.09214102076366348,6.270920666666666
SAN5462133,5.994735866666667,6.163553507064585,up,2.8160980592425737,2023-09-12,-0.11238550706458472,6.0511680000000005
SAN5627042,5.924046571428573,6.183465006399032,up,4.379074874624112,2023-09-12,-0.2509006148180246,5.932564391581008
SAN5627045,7.090616974911108,6.25639348865847,down,-11.76517486707278,2023-09-12,0.8837211091381043,7.1401145977965745
SARH5264653,6.502464,5.887392956567571,down,-9.45904573147085,2023-09-12,0.6825763767657635,6.569969333333335
SARM4668156,5.7318737078651685,6.187414757625212,up,7.947506748708692,2023-09-12,-0.45280175762521235,5.7346129999999995
SATS4486277,12.155695987455898,6.338245393055068,down,-47.857815796019935,2023-09-12,5.586113023841168,11.924358416896236
SATS4486279,8.428864943548387,6.1742040649562435,down,-26.74928230185849,2023-09-12,2.3613730203679895,8.535577085324233
SAVE5177012,7.575723852255169,6.245629038729921,down,-17.557329695027104,2023-09-12,1.770955242751561,8.016584281481482
SBAC5083841,6.42065257641791,6.198688845253513,down,-3.457027592173987,2023-09-12,0.2597674821194067,6.45845632737292
SBAC5345738,6.532758067168864,6.210454875516241,down,-4.933646529363986,2023-09-12,0.34286639118933415,6.553321266705575
SBH4312699,6.130927737870196,6.201475936555594,up,1.150693691097164,2023-09-12,-0.009682655695678832,6.191793280859915
SBRA5263434,7.107812581277672,6.116527776163415,down,-13.946411695285132,2023-09-12,1.0079206492232995,7.124448425386714
SBUX4047665,6.608386328205127,6.203743568210827,down,-6.123170467005725,2023-09-12,-0.05197513963939837,6.151768428571429
SBUX4363106,5.17643315313225,6.193173480622312,up,19.64171655292862,2023-09-12,-0.9667739547481871,5.226399525874125
SBUX4605965,5.185609977941176,6.150721520613295,up,18.61134074443626,2023-09-12,-0.9268318339296133,5.223889686683681
SBUX4665312,5.412647796174863,6.2603213619719424,up,15.660977726947866,2023-09-12,-0.8304877878786794,5.429833574093263
SBUX4665313,5.052700281446541,6.145624853322669,up,21.630504700414043,2023-09-12,-1.0615125171740196,5.0841123361486495
SBUX4665314,5.704500923076923,5.919830325769566,up,3.7747281593303326,2023-09-12,-0.17558169303535287,5.744248632734213
SBUX4830106,5.132030486016628,6.141142624292145,up,19.663019169996563,2023-09-12,-0.9169850100906443,5.224157614201501
SBUX4830107,5.706542691275168,5.911828841478353,up,3.597382185838191,2023-09-12,-0.18585984147835255,5.725969
SBUX4964887,5.206734715568863,6.162940391319359,up,18.364785762779654,2023-09-12,-0.9497273663193591,5.213213025
SBUX4964888,5.289737399577167,6.135359644886524,up,15.986091207040861,2023-09-12,-0.8317205222450132,5.303639122641511
SBUX4964889,5.624016,5.903571211151326,up,4.970739968579855,2023-09-12,-0.27270640877037433,5.630864802380952
SBUX4984105,5.287574286995515,6.126109725182566,up,15.85860344788689,2023-09-12,-0.8088949210378411,5.317214804144725
SBUX4984107,5.612607347705145,5.903493699603006,up,5.182731195632218,2023-09-12,-0.2985176996030061,5.604976
SBUX5359418,5.265896551724138,6.107882393277273,up,15.98941098220882,2023-09-12,-0.8226413448901759,5.285241048387097
SBUX5538332,5.335780287796827,6.155623904887821,up,15.365018289190314,2023-09-12,-0.8256330109844168,5.329990893903404
SBUX5538480,5.255375938193343,6.233219337854238,up,18.60653569147045,2023-09-12,-0.9282501510844874,5.304969186769751
SCGL4811048,6.254399,6.25031505204899,down,-0.0652972084289895,2023-09-12,0.3605402812843437,6.610855333333333
SCGL5427574,5.534464666666667,6.167047413329119,up,11.429881384416682,2023-09-12,-0.5132110799957852,5.6538363333333335
SCGL5522042,7.772641,5.875954448333328,down,-24.402086133486318,2023-09-12,1.9259945516666708,7.801948999999999
SCHW4175601,7.077381,6.183554920925407,down,-12.62933391708872,2023-09-12,0.029988212407926262,6.213543133333333
SCHW4218916,5.856702545454546,6.184795750263293,up,5.602012433829062,2023-09-12,-0.30213328785727533,5.882662462406017
SCHW4310070,5.774812379310345,6.177656498495031,up,6.9758823789318605,2023-09-12,-0.38710046890923167,5.790556029585799
SCHW4461831,5.782829289855073,6.165919765768067,up,6.624620176581339,2023-09-12,-0.4053281782680669,5.7605915875
SCHW4487839,6.644065800000001,6.161616234509364,down,-7.261360438221976,2023-09-12,-0.3017552345093657,5.859860999999999
SCHW4573454,5.663856205040093,6.156901468212265,up,8.705116184507396,2023-09-12,-0.525860015118452,5.631041453093813
SCHW4634695,5.906229925988942,6.247804692307328,up,5.783296122884899,2023-09-12,-0.31641201008510667,5.931392682222222
SCHW4762329,6.146791756481786,6.23081076330171,up,1.3668757646023366,2023-09-12,-0.07318474057443591,6.157626022727274
SCHW4762330,5.491761194187582,6.144895143124695,up,11.892977969041752,2023-09-12,-0.6276776131872497,5.5172175299374455
SCHW4762584,7.734589623700624,6.205649243234836,down,-19.767569513717326,2023-09-12,0.570135738071138,6.775784981305974
SCHW4836967,5.654558117224879,6.13968991773438,up,8.57948208245831,2023-09-12,-0.44750584012905836,5.692184077605321
SCHW4871985,7.0874353999999995,6.133081840627045,down,-13.465428684866101,2023-09-12,-0.47315184062704585,5.659929999999999
SCHW4969545,5.737475122699387,6.18959023581604,up,7.880036138682903,2023-09-12,-0.3956706714596052,5.793919564356435
SCHW4969546,5.403246651546392,6.155209368204707,up,13.9168682303834,2023-09-12,-0.7473414330195212,5.407867935185186
SCHW5093526,5.696575174431608,6.188367310664709,up,8.633119394973498,2023-09-12,-0.4262392862052975,5.762128024459411
SCHW5093527,5.6758518453093805,6.1396971444881325,up,8.172258751998287,2023-09-12,-0.4415113813302378,5.698185763157895
SCHW5150647,5.60185917623136,6.2203872677043694,up,11.04147876650342,2023-09-12,-0.2836162824059292,5.93677098529844
SCHW5150648,5.634157406798245,6.155839461364236,up,9.259273692575983,2023-09-12,-0.4781558503518033,5.677683611012433
SCHW5183442,5.774329863207546,6.178686239635401,up,7.002654611131648,2023-09-12,-0.379944264387877,5.798741975247524
SCHW5183443,5.6733664852941175,6.115888777340915,up,7.79999482130858,2023-09-12,-0.44207428271725924,5.673814494623656
SCHW5245904,5.708368500000001,6.125402091510702,up,7.305652946383923,2023-09-12,-0.42221706326129826,5.703185028249404
SCHW5256184,5.78227443273906,6.209190343328572,up,7.383183132442273,2023-09-12,-0.3459349796922089,5.863255363636363
SCHW5256185,5.774979,6.189094025182685,up,7.170849022700949,2023-09-12,-0.29039199926475945,5.898702025917926
SCHW5256186,5.594956288461539,6.163279404379587,up,10.157775800502659,2023-09-12,-0.5764499764836062,5.586829427895981
SCHW5256219,5.580870558521561,6.136497926478224,up,9.955926447859689,2023-09-12,-0.5697456764782247,5.5667522499999995
SCHW5372108,5.765318131059246,6.165897885610034,up,6.94809454473575,2023-09-12,-0.3449059383664057,5.820991947243629
SCHW5372110,5.690210338512763,6.111717010093301,up,7.407576284617731,2023-09-12,-0.38875085637602425,5.722966153717277
SCHW5639824,5.782469904626178,6.270636620333538,up,8.442183422637605,2023-09-12,-0.4901018212499979,5.78053479908354
SCI4573955,6.38414996613627,6.167796282133785,down,-3.388919200678242,2023-09-12,0.2313124195917693,6.399108701725554
SCI4831762,6.436208967494355,6.150104367356723,down,-4.445234789339255,2023-09-12,0.35507088249572494,6.5051752498524475
SCI5025370,6.738071576263737,6.136954201900459,down,-8.92120790881532,2023-09-12,0.602802117177264,6.739756319077723
SCI5182906,6.833114216276478,6.130923961774128,down,-10.276284462357332,2023-09-12,0.7236208845128225,6.8545448462869505
SE5196398,5.818967427136736,6.256676576447398,up,7.522110319253658,2023-09-12,-0.47827736839370605,5.778399208053692
SE5257238,8.176369,6.168739822345986,down,-24.5540432147083,2023-09-12,2.0378580692202783,8.206597891566265
SF4145036,6.181219315789473,6.196237155074261,up,0.2429591722530497,2023-09-12,0.021708299471193016,6.217945454545454
SHBA5601291,6.003503806387226,6.288960874212608,up,4.754841123306697,2023-09-12,-0.25954687421260836,6.029414
SHOP5046614,5.0404298652612285,6.184698825772397,up,22.701812962372507,2023-09-12,-0.8130649217723978,5.371633903999999
SHW.GB,5.610283507042256,6.253869123409149,up,11.471534648098222,2023-09-12,-0.6563691234091484,5.5975
SHW4274217,5.617693326086957,6.18314380768337,up,10.065527766897203,2023-09-12,-0.5706085708412649,5.612535236842105
SHW4491959,6.001941083798884,6.195759638805677,up,3.2292645379337315,2023-09-12,-0.17546272149301423,6.020296917312662
SHW4491960,5.347369722273568,6.173237126036626,up,15.444366981453456,2023-09-12,-0.7877630758196394,5.385474050216986
SHW4491961,5.747113785409135,5.953634804432072,up,3.5934736414521025,2023-09-12,-0.1569952541450208,5.796639550287051
SHW4517885,5.9767818738738745,6.191054690763001,up,3.5850867809944784,2023-09-12,-0.15137942816353167,6.039675262599469
SHW4518407,5.396892333333334,6.177010975408631,up,14.45496026031458,2023-09-12,-0.6796169754086314,5.497394
SHW4871524,5.4578183796992485,6.139491994261198,up,12.48985523405257,2023-09-12,-0.6572426084909617,5.482249385770237
SHW4961691,5.428025778153697,6.1628733291041975,up,13.538026180864115,2023-09-12,-0.7079393291041978,5.454934
SHW5298763,5.6741145500000005,5.88657926833653,up,3.7444559228457868,2023-09-12,-0.18245999475162478,5.704119273584905
SHW5298764,5.401703716981133,6.109788734588994,up,13.10854972259736,2023-09-12,-0.7020229592585965,5.407765775330398
SHW5459736,5.559252956158664,6.184506952277402,up,11.24708663285536,2023-09-12,-0.5874349653260369,5.597071986951365
SHW5459738,5.815401954242929,6.1997949335770075,up,6.609912476533543,2023-09-12,-0.2601449215887017,5.939650011988306
SIG4126438,7.061458138888889,6.195578203928301,down,-12.262055767094482,2023-09-12,1.236923684960587,7.432501888888888
SIMMU5393633,,no data prior to target date,N/A,N/A,,N/A,6.084339
SIR4207748,14.841107028290285,6.224110701561679,down,-58.06168172160467,2023-09-12,7.971074670808986,14.195185372370664
SIR4495995,13.679663574690773,6.283928177525982,down,-54.063722815873206,2023-09-12,7.450877938304132,13.734806115830114
SJM4291990,5.714858926675094,6.195427841500361,up,8.409112473137846,2023-09-12,-0.4527317581670278,5.742696083333334
SJM4294403,5.727069222222222,6.075452553089569,up,6.083099703344724,2023-09-12,-0.28056088642290256,5.7948916666666666
SJM4573456,5.178868458955224,6.1572182409922736,up,18.89118810008201,2023-09-12,-0.8283666949310753,5.328851546061198
SJM4962240,5.42591,6.130749824962371,up,12.990260158431877,2023-09-12,-0.576560824962371,5.554189
SJM5263488,5.730527,6.002416331525936,up,4.744578143091123,2023-09-12,-0.246243831525935,5.756172500000001
SJM5263489,5.293421,6.108598214984748,up,15.399818283577812,2023-09-12,-0.724729048318081,5.383869166666667
SLB4076226,5.734011452577937,6.574011162553037,up,14.649425047755141,2023-09-12,-0.7234995654307355,5.850511597122302
SLB5003194,5.137361982826948,6.136118972113094,up,19.44104761597035,2023-09-12,-0.9987287103105205,5.137390261802573
SLB5043558,5.440537157954545,6.205830362458628,up,14.066500830440182,2023-09-12,-0.828921856329031,5.376908506129597
SLB5584892,5.08049275,6.1541318566855505,up,21.132578265868997,2023-09-12,-1.0544359069368063,5.099695949748744
SLB5584893,5.315420820045558,6.105187970655365,up,14.858036218532886,2023-09-12,-0.7899050404832302,5.315282930172135
SLGN5022059,6.5726687261876355,6.178114638656809,down,-6.002951068548389,2023-09-12,0.46840881417338043,6.6465234528301895
SLM.GGC,10.916375,6.11696534322247,down,-43.9652325682979,2023-09-12,4.841874834196884,10.958840177419354
SLM.GGT,,no data prior to target date,N/A,N/A,,N/A,6.005641999999999
SLM.GHL,11.867602499999998,6.112884774157179,down,-48.49098818268324,2023-09-12,5.118305910929372,11.23119068508655
SLM.LL,9.952862200000004,6.1476020936701055,down,-38.23282217581488,2023-09-12,3.4689633063298952,9.6165654
SLM.PW,10.24832943478261,6.143905836334773,down,-40.04968443459196,2023-09-12,4.284140333568138,10.428046169902911
SLM.TA,,no data prior to target date,N/A,N/A,,N/A,11.954294333333332
SLM.TO,12.009503000000002,6.141373106834074,down,-48.86238750401184,2023-09-12,4.815501893165926,10.956875
SLM.US,11.907004250000004,6.138430304672184,down,-48.446895828796045,2023-09-12,5.0673030286611525,11.205733333333336
SLM3703768,9.455734257617731,6.098928955967137,down,-35.50020770672868,2023-09-12,3.267147592888657,9.366076548855794
SLM4111070,6.953742070303029,6.227575937813878,down,-10.442810865682663,2023-09-12,0.7355339697491461,6.963109907563024
SLM4181096,7.23140458891646,6.200137041848723,down,-14.260957665795045,2023-09-12,1.039013916676625,7.239150958525348
SLM4403896,6.766014,6.239009689275717,down,-7.788992318435691,2023-09-12,1.851123310724283,8.090133
SLM4499708,7.235921093763258,6.1991517983453,down,-14.328090121264095,2023-09-12,0.9478424587975578,7.1469942571428575
SLM4642901,7.561395265103055,6.21441005518544,down,-17.813976953885067,2023-09-12,1.2935564331866525,7.507966488372093
SLM4940619,8.020948006256642,6.2140776569097484,down,-22.52689268073383,2023-09-12,1.833675136904687,8.047752793814436
SLM5068647,7.365129824808184,6.186584683646237,down,-16.001688621865405,2023-09-12,1.295738959011322,7.482323642657559
SLM5121743,8.552962533475027,6.160836752453096,down,-27.968388399452298,2023-09-12,2.3508664038094897,8.511703156262586
SLM5291630,7.5066644137529135,6.1757396253675445,down,-17.729909251664296,2023-09-12,1.2727831198062,7.448522745173745
SLM5294277,8.885649245283018,6.147394158590747,down,-30.81660114083261,2023-09-12,2.7144233889026568,8.861817547493404
SLM5581317,9.43713255783866,6.136536953159306,down,-34.974560169103675,2023-09-12,3.2314711662436775,9.368008119402983
SM4243713,6.814885795454544,6.1884708596510025,down,-9.1918625580102,2023-09-12,0.567011490254429,6.7554823499054315
SM4401573,7.133086636325326,6.1990700038492,down,-13.094143953329205,2023-09-12,0.917956500424304,7.117026504273504
SM4664064,6.99693823415978,6.170871624853014,down,-11.806115498830943,2023-09-12,0.777101601867634,6.947973226720648
SM5200515,7.069404361943023,6.167365628059029,down,-12.759755811111487,2023-09-12,1.0218520634832595,7.1892176915422885
SMFG4341401,5.7534421165644165,6.182175089878711,up,7.451764780598953,2023-09-12,-0.38695202272542506,5.795223067153286
SMFG4381273,5.703866082352941,6.175614532158927,up,8.270678921889797,2023-09-12,-0.453944526333685,5.721670005825242
SMFG4414269,5.708998920739763,6.188633397895648,up,8.401376209994712,2023-09-12,-0.43259193956231456,5.756041458333334
SMFG4442593,5.68106620610687,6.170635367712058,up,8.617557758417341,2023-09-12,-0.4107645407325853,5.759870826979473
SMFG4516297,5.588944247406226,6.17052104734518,up,10.405843647641651,2023-09-12,-0.5150365321936645,5.655484515151516
SMFG4553165,5.6769739999999995,6.162379697545024,up,8.550430168343638,2023-09-12,-0.45407602640799904,5.708303671137025
SMFG4585635,5.724946,6.159550757318571,up,7.591421077483888,2023-09-12,-0.4668217573185709,5.692729
SMFG4655840,5.6628496,6.156445072471583,up,8.716379691093735,2023-09-12,-0.5413448724715826,5.6151002000000005
SMFG4731985,5.757884341563786,6.208406555771106,up,7.8244401499208,2023-09-12,-0.3302517226707735,5.878154833100332
SMFG4731987,5.4839264666666665,6.150427119020612,up,12.153712424941922,2023-09-12,-0.5096127232759322,5.6408143957446795
SMFG4856897,5.801443,6.146206781599777,up,5.942724622128965,2023-09-12,-0.35556828159977716,5.7906385
SMFG4856898,5.951657471698114,6.198855576842872,up,4.153432994426471,2023-09-12,-0.2459416303845261,5.952913946458346
SMFG4933158,5.902301834791739,6.207848604196039,up,5.176739142739572,2023-09-12,-0.23930260419603933,5.968546
SMFG5010052,5.775637577777778,6.144616303076869,up,6.388536682404816,2023-09-12,-0.36968212560246627,5.774934177474402
SMFG5045813,5.9364501694915255,6.130185027609716,up,3.2634799010666127,2023-09-12,-0.22363040531800227,5.906554622291714
SMFG5106451,5.867009,6.207774590428496,up,5.808165462648781,2023-09-12,-0.32518659042849585,5.882588
SMFG5106453,5.761551,6.1264077092553135,up,6.332612681122039,2023-09-12,-0.3232132092553135,5.8031945
SMFG5258300,5.759988777178103,6.187944058680658,up,7.429793669011565,2023-09-12,-0.4048010586806585,5.783143
SMFG5258301,5.756089891257996,6.16412647309354,up,7.088780570561376,2023-09-12,-0.40508847309353957,5.759038
SMFG5258302,5.666886555555556,6.119837638368672,up,7.992944245002814,2023-09-12,-0.38871063836867226,5.731127
SMFG5335217,5.739021,6.171051167904056,up,7.5279419243117625,2023-09-12,-0.4052701679040567,5.765781
SMFG5522232,5.722716394366197,6.201020778175297,up,8.357995588947473,2023-09-12,-0.4571907781752982,5.743829999999999
SMFG5522233,5.663452,6.160042643568622,up,8.768338525136645,2023-09-12,-0.4349316533036136,5.725110990265009
SMFG5522234,5.828499901477831,6.164809231265549,up,5.770083820408849,2023-09-12,-0.36284183126554836,5.8019674000000006
SMFG5522235,5.804136,6.147730389420168,up,5.919819753020407,2023-09-12,-0.34458038942016866,5.80315
SMFG5614657,5.751581249834328,6.218004761875389,up,8.109483145256725,2023-09-12,-0.4311787618753895,5.786826
SMFG5614659,5.831075608695653,6.156731082527591,up,5.5848268087332,2023-09-12,-0.3550776956603414,5.801653386867249
SMFG5614661,6.274689533498759,5.996471556023716,down,-4.433972007534686,2023-09-12,0.29222658033992044,6.288698136363636
SMFG5647338,,no data prior to target date,N/A,N/A,,N/A,5.707583
SMG4489296,7.273692049271339,6.1874333428596735,down,-14.934076106789314,2023-09-12,1.081940765835979,7.2693741086956525
SMG4896048,8.080320396226416,6.1431195275601675,down,-23.974307622392534,2023-09-12,1.9001544494160418,8.04327397697621
SMG5340744,8.180102411847672,6.117782248400221,down,-25.211422297849033,2023-09-12,2.020471186382389,8.13825343478261
SMG5352880,7.825769120252358,6.210915450457295,down,-20.635079376619636,2023-09-12,1.6490557412720275,7.859971191729323
SMLP4454357,10.581236119195433,6.280198446909544,down,-40.647780881511295,2023-09-12,4.118544142270508,10.398742589180053
SNA4456756,5.067629666666667,6.170495045216076,up,21.76294344876311,2023-09-12,-1.0700278785494088,5.100467166666667
SNAP5541575,8.341424029243738,6.297866513234883,down,-24.49890460962612,2023-09-12,2.2226674867651166,8.520534
SNN5059246,5.771705,6.129351122131314,up,6.19654195998087,2023-09-12,-0.31396290364531154,5.815388218486002
SNV5458255,6.673316701754388,6.190151537133018,down,-7.2402552765755495,2023-09-12,-0.07696783629619741,6.113183700836821
SNV5538994,7.926293684210527,6.169255013660976,down,-22.16721636304793,2023-09-12,1.6788199863390236,7.848075
SNX5431998,6.367149,6.194529325340521,down,-2.7110983999193277,2023-09-12,0.17103052371608296,6.365559849056604
SNX5431999,6.4879642054965645,6.16243311071159,down,-5.017461324912772,2023-09-12,0.37912977594179686,6.541562886653387
SNX5450076,5.846585714285714,6.198518144888719,up,6.019452169205058,2023-09-12,0.36958098011128193,6.568099125000001
SNY4644650,4.591739109756097,6.159705730429922,up,34.14755462352719,2023-09-12,-1.4812835596982143,4.678422170731707
SO.LB,5.7850365,6.051713399013112,up,4.609770379376369,2023-09-12,-0.21787139901311114,5.833842000000001
SO.MA,5.982656999999999,6.020030094937522,up,0.6246905837577399,2023-09-12,-0.04178209493752316,5.978247999999999
SO3826545,5.895087500000001,6.015035886016789,up,2.034717652906564,2023-09-12,-0.07111316924604871,5.94392271677074
SO3981494,6.006766,5.992907532396942,down,-0.23071429123520934,2023-09-12,0.003091467603058007,5.995999
SO4006539,6.212986999999999,5.988441884083048,down,-3.614124992003872,2023-09-12,0.27425083020266516,6.262692714285713
SO4028631,6.2299066666666665,5.987068245075628,down,-3.8979463832155608,2023-09-12,0.2894807549243721,6.276549
SO4077751,6.096102999999999,6.2157573556791075,up,1.96280075450018,2023-09-12,-0.22191800273793127,5.993839352941176
SO4219889,5.775175868421053,6.004139919211364,up,3.9646247319029317,2023-09-12,-0.25830691921136406,5.745833
SO4310911,5.534174066666667,6.185389219978744,up,11.767160654278372,2023-09-12,-0.6502053189940602,5.535183900984684
SO4326472,5.782370706713779,5.9639245112860255,up,3.139781480309594,2023-09-12,-0.27556551621213554,5.68835899507389
SO4363868,5.582467194594595,6.184866260440218,up,10.790910986972136,2023-09-12,-0.5984582604402178,5.5864080000000005
SO4365691,5.524825100175747,6.184565226130696,up,11.941375771949096,2023-09-12,-0.5842217151851896,5.600343510945506
SO4365693,5.90755816238438,6.008082816653777,up,1.7016278385454706,2023-09-12,-0.060473288198492625,5.947609528455285
SO4402355,6.352541,6.25179305718544,down,-1.585947147992603,2023-09-12,0.021216942814560547,6.27301
SO4402356,6.193725,5.954261633454398,down,-3.8662253578517234,2023-09-12,0.2071703665456015,6.161432
SO4425726,6.052176,5.949016748881864,down,-1.704498532728325,2023-09-12,0.2917822511181356,6.240799
SO4462071,5.457446648648649,6.22783576529336,up,14.116292219466262,2023-09-12,-0.7126138173645957,5.515221947928764
SO4492849,6.1021946666666675,5.950310821504913,down,-2.48900360375952,2023-09-12,0.15666717849508682,6.106978
SO4561513,5.731378216216218,5.940177808341369,up,3.6430956787039324,2023-09-12,-0.21820580834136827,5.721972000000001
SO4613005,5.499029741935485,6.1657471036148275,up,12.124272698417506,2023-09-12,-0.7555229717466965,5.410224131868131
SO4647988,5.7068194000000005,5.932089846331939,up,3.947390490961368,2023-09-12,-0.15096884633193852,5.781121000000001
SO4880741,6.081929073929961,6.213035350266354,up,2.1556692743816535,2023-09-12,-0.18323561318254278,6.0297997370838115
SO4880742,5.463928832653062,6.145344447323671,up,12.47116563082578,2023-09-12,-0.6013665896041962,5.543977857719475
SO4934388,5.709932,5.914709861930146,up,3.586345020048328,2023-09-12,-0.20282186193014606,5.711888
SO4973357,5.583415793103448,6.140594855171857,up,9.979179103168851,2023-09-12,-0.527816983470311,5.612777871701546
SO5031596,5.669188082568807,6.157006882370925,up,8.604738327557456,2023-09-12,-0.5030093823709247,5.6539975
SO5035087,5.265047,6.13164685998109,up,16.459489535061884,2023-09-12,-0.7299277077277404,5.401719152253349
SO5106929,5.524074,6.19736128468445,up,12.188237968652311,2023-09-12,-0.5491252846844503,5.648236
SO5136687,5.70372897564688,5.916295787809078,up,3.726804220007503,2023-09-12,-0.23868630226743015,5.677609485541648
SO5138417,5.686838823529412,6.208042180671361,up,9.165080518643506,2023-09-12,0.1063149917424333,6.314357172413795
SO5138418,5.507371,6.163637881245474,up,11.91615529887989,2023-09-12,-0.5945903367428569,5.5690475445026175
SO5210473,5.898889,5.898687828894861,down,-0.0034103219290720684,2023-09-12,-0.048818828894861,5.849869
SO5302936,5.585131,5.893892886799408,up,5.528283701839915,2023-09-12,-0.3034360303053125,5.590456856494096
SO5372695,5.277942666666667,6.115817545575748,up,15.875028052137754,2023-09-12,-0.8484246095986823,5.267392935977066
SO5408626,5.520996,6.11334060561962,up,10.728944661789647,2023-09-12,-0.5733016056196201,5.540039
SO5410522,5.222956523809525,6.167618218847123,up,18.086723309513207,2023-09-12,-0.6809743773170682,5.4866438415300545
SO5410523,6.039863987531171,6.211911151167291,up,2.848527119009597,2023-09-12,0.02083654913718913,6.23274770030448
SO5460707,5.161017330166271,6.168499267436558,up,19.52099504455314,2023-09-12,-0.9847381314716452,5.183761135964913
SO5460708,5.328404000000001,6.1102237663546095,up,14.67268184534447,2023-09-12,-0.7631767663546096,5.347047
SO5472082,5.633935272925764,6.114765902601081,up,8.53454302157108,2023-09-12,-0.383185986761462,5.731579915839619
SO5485513,5.482649650366748,6.192174148244561,up,12.941270063286844,2023-09-12,-0.6724167911881906,5.5197573570563705
SO5485514,5.730473612660944,6.114001841500606,up,6.692784135543219,2023-09-12,-0.3722134399782453,5.741788401522361
SO5581319,5.378410613636364,6.159619974717293,up,14.524911115939334,2023-09-12,-0.7377319747172928,5.421888
SO5581320,5.533975074874011,6.110047647756224,up,10.409742817559199,2023-09-12,-0.5558600706931172,5.554187577063107
SO5588081,5.473029011834319,6.16036975199086,up,12.558689871190264,2023-09-12,-0.6543024044353052,5.506067347555555
SO5588082,5.740893536842104,6.104649903053983,up,6.3362325721157795,2023-09-12,-0.3509655892348693,5.753684313819114
SO5647334,5.504277131578947,6.156647235207089,up,11.85205773679866,2023-09-12,-0.6219127065249195,5.534734528682169
SO5647335,5.764938610687023,6.107781554849364,up,5.947035472793765,2023-09-12,-0.3526841340616027,5.755097420787761
SON4978493,5.733817523076922,6.140134941635458,up,7.086333266156942,2023-09-12,-0.37503094163545914,5.765103999999999
SON5339006,6.211993813278009,6.196847870493926,down,-0.24381773774000015,2023-09-12,-0.011009962988238975,6.185837907505687
SON5339007,5.693112,6.173524658970618,up,8.438489511019947,2023-09-12,-0.29049565897061846,5.883029
SON5339008,5.632639640000001,6.117500359048668,up,8.608055015723801,2023-09-12,-0.43416054163441764,5.68333981741425
SONH5081977,7.647501999999999,6.196654389106125,down,-18.97152313126397,2023-09-12,-0.0869033891061255,6.109750999999999
SPG.KS,6.075085999999999,6.029415259834682,down,-0.7517710887601743,2023-09-12,0.00946307349865183,6.038878333333334
SPG4089366,5.943546055350553,6.219063129382414,up,4.6355672432929635,2023-09-12,-0.34925401827130287,5.8698091111111115
SPG4161075,6.211111,5.9789954537025,down,-3.7371018855966347,2023-09-12,0.27009204629750005,6.2490875
SPG4161079,5.825285544585988,6.204816438277599,up,6.515232442885941,2023-09-12,-0.2964370259319207,5.9083794123456785
SPG4277701,5.583240088607595,6.194590867964283,up,10.949749064241892,2023-09-12,-0.5888097764149869,5.6057810915492965
SPG4326506,5.561648693378119,6.20843358915403,up,11.629373436441497,2023-09-12,-0.6030051779698207,5.605428411184209
SPG4426694,5.521953529062367,6.2017161417260835,up,12.310183508174882,2023-09-12,-0.6820034988689399,5.519712642857144
SPG4426696,6.248256,5.953197280203957,down,-4.72225721539006,2023-09-12,0.27376771979604264,6.226965
SPG4499423,5.485358681458003,6.172923310151613,up,12.534542745905835,2023-09-12,-0.6472238429191748,5.525699467232438
SPG4572380,5.474055288995216,6.170077417231708,up,12.71492689589274,2023-09-12,-0.6568085793938714,5.5132688378378365
SPG4880649,5.884866273786407,6.206100296515798,up,5.458646089551747,2023-09-12,-0.3556643531195718,5.850435943396226
SPG4880715,5.967721040196883,5.926629783743697,down,-0.6885586001156447,2023-09-12,0.019667216256303632,5.946297
SPG4880716,5.613766004454344,6.146817159367537,up,9.495428817129797,2023-09-12,-0.484811558140545,5.662005601226992
SPG5011984,5.954414835616438,5.918580730235429,down,-0.6018073374173871,2023-09-12,0.10614465970167775,6.024725389937107
SPG5012052,5.559063119341564,6.1363632889055575,up,10.384846460105866,2023-09-12,-0.5269438620762896,5.609419426829268
SPG5109892,5.535126970866714,6.170209679537841,up,11.473679140763826,2023-09-12,-0.6291538044708185,5.5410558750670225
SPG5109893,5.725052957746479,6.129294865950616,up,7.060928714330289,2023-09-12,-0.3881896894800274,5.7411051764705885
SPG5237343,5.8037948048644115,6.138221273821573,up,5.762203527196799,2023-09-12,-0.3323065910021894,5.805914682819384
SPG5237347,5.314314118421053,6.176502569809917,up,16.223889521326047,2023-09-12,-0.7016015698099167,5.474901
SPG5334440,5.78049176119403,6.118159995430828,up,5.841513978164522,2023-09-12,-0.32828355387238606,5.789876441558442
SPG5549925,5.881712454256165,6.126563969083956,up,4.162929023342677,2023-09-12,-0.23446152202666148,5.892102447057295
SPG5549926,6.1311897515070335,5.897758523141151,down,-3.8072745719296206,2023-09-12,0.24427984899288901,6.14203837213404
SPGI4485946,5.245473493506494,6.1777425018502825,up,17.772828506289628,2023-09-12,-0.9598615888068052,5.217880913043477
SPGI4914620,5.164252586206897,6.142453696122408,up,18.941775089161407,2023-09-12,-0.9837097833018955,5.158743912820513
SPGI4914621,5.413254,5.918117145748734,up,9.32642631860122,2023-09-12,-0.4898446457487342,5.428272499999999
SPGI5028480,5.123880006591702,6.148870026024703,up,20.004176876007733,2023-09-12,-1.0370532271741277,5.111816798850575
SPGI5028482,5.16794,5.798962374098162,up,12.210327018079969,2023-09-12,-0.599588374098162,5.199374
SPGI5550655,5.115370333333334,6.149841703246081,up,20.222805046426696,2023-09-12,-0.9902904586417645,5.159551244604317
SPH4453983,6.640353200000001,6.173428928865534,down,-7.031618003910793,2023-09-12,0.5397826266900214,6.713211555555556
SPLK4888159,1.492082852233677,6.207634719797573,up,316.03820528495606,2023-09-12,-5.101979950587598,1.105654769209975
SPLK4888379,74.9358897368421,6.2122317703620675,down,-91.70993793204029,2023-09-12,12.251098229637932,18.46333
SPR4636553,10.611694615990308,6.1959319221047835,down,-41.61222927798545,2023-09-12,4.495785795843936,10.69171771794872
SQ5172407,5.991771734285714,6.215559610530936,up,3.7349199230117183,2023-09-12,-1.0090028023964166,5.206556808134519
SQ5449300,6.717443738823114,6.220764290900768,down,-7.393875813976869,2023-09-12,0.5070966806439472,6.7278609715447155
SQ5449301,6.660428175648702,6.184867506561025,down,-7.140091545861607,2023-09-12,0.5378771950518795,6.722744701612904
SR4459178,5.676948,6.210277193879149,up,9.394646452268868,2023-09-12,0.09760301997627341,6.307880213855422
SRC4849336,6.093448093862817,6.150374970640036,up,0.9342309296858538,2023-09-12,-0.1129519706400357,6.037423
SRC4882352,6.1038369999999995,6.175613186062937,up,1.1759191155159836,2023-09-12,0.128935099381299,6.304548285444236
SRC4882353,6.227192999999999,6.145624822142234,down,-1.3098707211702743,2023-09-12,0.13158078896887648,6.2772056111111105
SRC5025281,6.354224,6.129483396847819,down,-3.536869382511244,2023-09-12,0.22362735315218085,6.35311075
SRC5136702,6.009074498422713,6.164151385540569,up,2.58071167462745,2023-09-12,-0.1610953855405688,6.003056
SRE.AA,6.145288244444444,6.036094322798791,down,-1.7768722524019696,2023-09-12,0.12680985752907858,6.162904180327869
SRE.HX,6.095811999999999,6.01217102063733,down,-1.3721056253484893,2023-09-12,0.10236897936266853,6.114539999999999
SRE3691904,5.525391,6.022381989959371,up,8.994675489198336,2023-09-12,-0.45000757422903437,5.572374415730336
SRE3832756,6.021621608108108,6.011215924893729,down,-0.17280533204491777,2023-09-12,-0.06280392489372844,5.948412
SRE3892930,5.529145,6.004242173720016,up,8.59259747610193,2023-09-12,-0.4769429429507852,5.527299230769231
SRE3892931,5.555401,6.009206542840542,up,8.1687270251156,2023-09-12,-0.3763885428405418,5.632818
SRE3904261,6.00491222556391,6.020973649420566,up,0.26747141762172555,2023-09-12,-0.05066464942056559,5.970309
SRE4162450,5.81317453038674,6.226499089254542,up,7.110135033917592,2023-09-12,-0.36958929777395166,5.85690979148059
SRE4224314,5.5124783414634155,6.207084686284882,up,12.600618121196415,2023-09-12,-0.6111091862848825,5.5959755
SRE4224318,5.571207000000001,5.97288026335705,up,7.209806840008794,2023-09-12,-0.4054932633570498,5.567387
SRE4259155,5.546028,6.201488527208327,up,11.818557843709542,2023-09-12,-0.5805539542916609,5.620934572916666
SRE4364222,5.427415085889571,6.191003204831531,up,14.06909379249745,2023-09-12,-0.7579522815650748,5.433050923266456
SRE4369635,5.31279908259912,6.213141567551945,up,16.94666918426664,2023-09-12,-0.6728875675519452,5.540254
SRE4504234,5.706796799999999,5.950181710222791,up,4.26482523826312,2023-09-12,-0.21318021022279066,5.737001500000001
SRE4504616,5.6406971949685545,6.18053579835165,up,9.570423384269338,2023-09-12,-0.492567798351649,5.687968000000001
SRE4542991,5.568024999999999,5.944188817073664,up,6.755785347114385,2023-09-12,-0.3821398170736634,5.562049000000001
SRE4585625,5.5118943545947054,6.219273480236028,up,12.833684394760809,2023-09-12,-0.6785633802360289,5.540710099999999
SRE4585626,5.831022227272728,6.053153393517771,up,3.80947212319131,2023-09-12,-0.16667743741090035,5.886475956106871
SRE4585627,5.964544082089552,5.95520910425779,down,-0.15650781859075252,2023-09-12,0.0009558976877350744,5.956165001945525
SRE4632146,5.958875,5.93722494718827,down,-0.3633245002073423,2023-09-12,-0.04030328052160215,5.8969216666666675
SRE4633263,,no data prior to target date,N/A,N/A,,N/A,5.791308333333333
SRE4795896,5.584270098039216,5.932095648401593,up,6.228666311905435,2023-09-12,-0.37805827803122316,5.55403737037037
SRE4807860,5.079052163475698,6.171186452282852,up,21.502718492652466,2023-09-12,-1.0518956669721167,5.119290785310735
SRE4826419,5.176365,6.15691705967222,up,18.94286936242364,2023-09-12,-0.9411320596722206,5.2157849999999994
SRE4836940,5.789310495702005,6.213903289816461,up,7.33408226125847,2023-09-12,-0.3949284317017865,5.818974858114674
SRE4841216,5.8819799999999995,5.917703003517967,up,0.6073295644998317,2023-09-12,-0.07073300351796696,5.84697
SRE4882360,5.508195215102976,5.9516257561310475,up,8.050378095028744,2023-09-12,-0.41498575613104727,5.53664
SRE4933048,5.500808563535912,6.1527529533119205,up,11.851792009226717,2023-09-12,-0.6272313923159434,5.525521560995977
SRE5027681,5.536630352162399,5.921328009250337,up,6.948227217980869,2023-09-12,-0.3313386677869232,5.589989341463414
SRE5028319,5.3590997153895685,6.148255045478797,up,14.725520553816807,2023-09-12,-0.7792020454787973,5.369053
SRE5049855,5.343483785714285,6.135499451378605,up,14.822084194992058,2023-09-12,-0.7375764683277577,5.397922983050847
SRE5201244,5.324967922805944,6.26442670786728,up,17.6425247753661,2023-09-12,-0.941771372760897,5.322655335106383
SRE5203130,5.654438,5.888370355881604,up,4.137146006050547,2023-09-12,-0.32145335588160506,5.566916999999999
SRE5237297,5.529002,5.904571799761339,up,6.79272316706231,2023-09-12,-0.3528232997613383,5.5517485
SRE5375237,5.352319324063564,6.138849631042368,up,14.695130453869446,2023-09-12,-0.7723843810423681,5.36646525
SRE5375238,5.656427,5.895023109867828,up,4.218141768077763,2023-09-12,-0.2503651098678281,5.644658
SRE5383952,5.898584420289854,6.198852850419984,up,5.0905167873375055,2023-09-12,-0.26153861148193247,5.937314238938051
SRE5383953,5.682943258064515,6.152800690599536,up,8.267853666641104,2023-09-12,-0.4243259044058636,5.728474786193672
SRE5472058,5.605527000000001,5.890670070291467,up,5.086820031220358,2023-09-12,-0.3216273560057532,5.569042714285714
SRE5532291,5.386968,6.113974490608874,up,13.495652667862029,2023-09-12,-0.7520698277193558,5.361904662889518
SRE5552002,5.700864829268293,5.903239657777545,up,3.5498969817747126,2023-09-12,-0.2026254156148921,5.7006142421626524
SRE5589448,5.906495333333333,5.881557639113083,down,-0.42220797296687473,2023-09-12,0.09095730683286263,5.972514945945946
SRE5589452,5.604290269918699,6.112833461867827,up,9.074176522917782,2023-09-12,-0.4914938667823572,5.62133959508547
SRE5605415,5.492989981382979,6.18688993617545,up,12.632463506109776,2023-09-12,-0.6132797898764659,5.573610146298984
SRE5605637,5.826418921200752,6.11606619200626,up,4.971274374926248,2023-09-12,-0.29286175280677984,5.82320443919948
SRE5630936,5.311951140024508,6.260159727952014,up,17.850476462084536,2023-09-12,-0.9454701891279012,5.314689538824113
SRIWS4908073,5.739269129411765,6.148725157418255,up,7.134288683347672,2023-09-12,-0.4096828293835735,5.739042328034682
SRPT4790124,39.79664088888889,6.20209180140132,down,-84.41553944535823,2023-09-12,34.533810627170126,40.73590242857144
SSCM4484140,5.432728241379311,6.186513258673591,up,13.87488907604371,2023-09-12,-0.7649560920069236,5.421557166666667
SSL4703111,7.995339,6.219257701975226,down,-22.213958632958203,2023-09-12,1.7237547232944186,7.943012425269645
SSL5148308,8.58732,6.203777619681098,down,-27.756533823345375,2023-09-12,2.148505630318901,8.35228325
SSL5148309,9.428561493975904,6.177410496377125,down,-34.48194085254685,2023-09-12,3.2651465036228755,9.442557
SSNLF4242558,5.749669885416666,6.199392268134388,up,7.821707883758469,2023-09-12,-0.29725533670072934,5.902136931433659
SSRE3680633,5.515968,6.18876743727662,up,12.197304938618565,2023-09-12,-0.7280861039432862,5.4606813333333335
SSRM4967280,0.809079,6.050531049718224,up,647.8294517245193,2023-09-12,-5.143514049718224,0.907017
STAN4585613,5.502770000000001,5.933270964172208,up,7.823350134063521,2023-09-12,-0.4886510026337465,5.444619961538462
STAN4971122,5.3171919999999995,6.138240831775821,up,15.441398989839408,2023-09-12,-0.7381988317758212,5.400042
STI.GM,5.469666944444445,6.18931223280988,up,13.157022094304683,2023-09-12,-0.7765055231324611,5.412806709677419
STI4625910,6.097615187878789,6.206870784809909,up,1.791775859327835,2023-09-12,-0.10280583694261125,6.104064947867298
STJL4889200,5.626196,6.14904269649467,up,9.293076467557643,2023-09-12,-0.44990269649466974,5.69914
STJL5259111,5.82025,5.903108389506266,up,1.4236225163226017,2023-09-12,-0.1206456096443409,5.782462779861925
STJL5385377,5.410961972803347,5.894977728598839,up,8.945096236644408,2023-09-12,-0.49092472859883873,5.404053
STJL5578463,5.664020374384236,6.1203172056682105,up,8.056059143918253,2023-09-12,-0.41547239020686444,5.704844815461346
STJO4543434,6.9419464824561405,6.1747016246253,down,-11.05230153775805,2023-09-12,0.2966009995357739,6.471302624161074
STLD4486793,5.666597157575757,6.18148153738324,up,9.086306393231538,2023-09-12,-0.5820482416843156,5.599433295698924
STLD4923719,5.8101241347485,6.226312620842978,up,7.163159967708553,2023-09-12,-0.35942712084297757,5.8668855
STLD4997719,6.0223411683168315,6.197706961642592,up,2.911920604039332,2023-09-12,-0.18220248445627973,6.015504477186313
STLD4997720,5.584341558139535,6.1344118015403435,up,9.850225629538118,2023-09-12,-0.5323035884255898,5.602108213114754
STOR4609120,7.192869166666666,6.166033786875255,down,-14.275741098558992,2023-09-12,1.276031213124745,7.442065
STOR4803603,7.701439,6.154760736944242,down,-20.082977519600657,2023-09-12,1.6063124059129006,7.761073142857143
STOR5080242,7.697466953024911,6.151489192730272,down,-20.084240305664554,2023-09-12,1.6105478072697288,7.762037000000001
STOR5299733,7.814091,6.124382269745561,down,-21.62386808976808,2023-09-12,1.7138747302544388,7.838257
STT4071366,6.227968628265524,6.266666558874808,up,0.6213571859314444,2023-09-12,-0.2781771074859183,5.988489451388889
STT4193743,5.6191701818181805,6.203587777263255,up,10.400425268059353,2023-09-12,-0.48855834452782965,5.715029432735426
STT4278988,5.570134702105261,6.205601618922662,up,11.408465877444987,2023-09-12,-0.5438866662240551,5.661714952698607
STT4364240,5.2130324,6.189396259705894,up,18.72928815301231,2023-09-12,-0.9619654393851782,5.227430820320715
STT4939201,5.283231598547062,6.1629656310133045,up,16.651437970430393,2023-09-12,-0.8971478758510631,5.265817755162241
STT5140854,5.703531200902935,6.135406162590912,up,7.572062753327378,2023-09-12,-0.3784388121085991,5.756967350482313
STT5627007,5.430295769187986,6.234589744811591,up,14.81123698983847,2023-09-12,-0.8013466928885133,5.433243051923077
STWD4571193,6.786446282514452,6.269532838734181,down,-7.616850148981786,2023-09-12,0.7298102126943906,6.999343051428571
STWD5607801,5.129750713949844,6.2165749595081055,up,21.186687349206892,2023-09-12,-1.2298489595081055,4.986726
STX4269186,6.205671242138366,6.211145418951459,up,0.0882124849915055,2023-09-12,0.04433679678079372,6.255482215732253
STX4337814,7.367596700166114,6.151569468447917,down,-16.50507324445134,2023-09-12,1.228708029263279,7.380277497711196
STX4380193,6.260391710408366,6.354732943667646,up,1.5069541591531748,2023-09-12,-0.02107283916161773,6.333660104506028
STX5270488,6.760669310869565,6.1733923753881745,down,-8.686668560125952,2023-09-12,0.5800621246118256,6.7534545
STX5270489,7.5401523624031,6.137531460065833,down,-18.602023340152275,2023-09-12,1.325154795482252,7.462686255548085
STX5324236,7.928130228915663,6.1520154985944355,down,-22.402693687388485,2023-09-12,1.835346168072232,7.987361666666668
STX5324238,8.58632,6.129239726778346,down,-28.616220606984765,2023-09-12,3.053082273221653,9.182322
STZ4175968,5.73351153164557,6.21100768203951,up,8.32816237934545,2023-09-12,-0.3870664246522635,5.823941257387246
STZ4313190,5.527894109677419,6.259810521467073,up,13.240420262543074,2023-09-12,-0.6814446971427479,5.578365824324325
STZ4432049,5.447722336283186,6.18725214994196,up,13.575027653911834,2023-09-12,-0.6299358515009823,5.557316298440978
STZ4491910,5.423457175438596,6.177834224847833,up,13.909523483021324,2023-09-12,-0.6933112364076806,5.484522988440152
STZ4593519,5.491441204545454,6.167857368898736,up,12.317643750667655,2023-09-12,-0.6592098833584004,5.508647485540336
STZ4593521,5.8418235,5.943302959866067,up,1.7371195803171122,2023-09-12,-0.05634295986606652,5.88696
STZ4749627,5.568495951807229,6.193400467078938,up,11.222141861643967,2023-09-12,-0.5657119670789381,5.6276885
STZ4749628,5.414224467614534,6.166367160353321,up,13.891974690701653,2023-09-12,-0.734014376831511,5.43235278352181
STZ4863544,5.465484395050412,6.175783231423443,up,12.996082049310829,2023-09-12,-0.7131266602855488,5.462656571137894
STZ4979737,5.546476858715596,6.146095775378032,up,10.810807147247175,2023-09-12,-0.5393428587113647,5.606752916666667
STZ4979738,5.629988,5.9268872727040325,up,5.273532957868339,2023-09-12,-0.2908882727040325,5.635999
STZ5225735,5.522090931578947,6.160918716774707,up,11.568585036195667,2023-09-12,-0.621970223268212,5.538948493506495
STZ5408628,5.800975148164432,6.23564029807067,up,7.492966937529062,2023-09-12,-0.41407914120792544,5.821561156862745
STZ5408629,5.671381545454546,6.176740975368905,up,8.910693556129917,2023-09-12,-0.7156993211093186,5.461041654259587
STZ5408630,5.544006337662337,6.123096367320467,up,10.445334914647786,2023-09-12,-0.5664944555557598,5.556601911764707
STZ5534289,5.697349259086189,6.212368912814131,up,9.03963633450386,2023-09-12,-0.5066590978432313,5.705709814970899
STZ5579807,5.544766,6.1108715674325085,up,10.209728732150435,2023-09-12,-0.5483599960039358,5.562511571428573
SU.GA,6.100877296160877,6.2518725909098025,up,2.474976752014716,2023-09-12,-0.13678723367208612,6.115085357237716
SU.GB,6.199290124999999,6.09283106407772,down,-1.7172782492137173,2023-09-12,0.055864265402048474,6.148695329479769
SU.GC,6.386194039473685,6.103173994339268,down,-4.431748289905431,2023-09-12,0.32401248079600453,6.427186475135272
SU3666570,6.268603249999999,6.0881430637455445,down,-2.87879419158414,2023-09-12,0.36083949181000996,6.448982555555554
SU3667410,5.801078,6.188210413752571,up,6.673456446415135,2023-09-12,-0.39746056638414906,5.790749847368422
SU5142395,5.993358,5.9098202391990355,down,-1.3938389931147814,2023-09-12,0.11107276080096451,6.020893
SUI5205736,6.208010044245785,6.17951148159813,down,-0.4590611555802808,2023-09-12,-0.0006928149314626708,6.178818666666667
SUI5271326,6.050942666666667,6.162152934911626,up,1.8378998838906984,2023-09-12,-0.12097993491162651,6.041173
SUI5392987,6.148322843842233,6.2466824019161855,up,1.5997786806602607,2023-09-12,-0.09884496441618484,6.147837437500001
SUI5524572,6.145962,6.113841648947491,down,-0.5226252790451481,2023-09-12,0.060624208195366514,6.174465857142858
SUN4740651,6.635351431740615,6.1742242895537744,down,-6.949551156868799,2023-09-12,0.5361207474832623,6.710345037037037
SUN4849055,6.45227695273899,6.18320546723719,down,-4.170178798471742,2023-09-12,0.2777170971192451,6.460922564356435
SUN5200421,6.6259742500000005,6.159125259291129,down,-7.045741095490539,2023-09-12,0.5257437570132195,6.684869016304349
SUN5435627,6.64638900880715,6.1870668128257815,down,-6.910853327614726,2023-09-12,0.5023502090371208,6.689417021862902
SUTE4616289,5.209328925373135,6.183238242621931,up,18.695485180541496,2023-09-12,-0.9280382426219305,5.2552
SUTE5066706,5.669091,5.918006698411456,up,4.3907515051611625,2023-09-12,-0.24132255555431215,5.676684142857144
SUTE5066707,5.562595333333333,6.197059564233946,up,11.40590305209953,2023-09-12,-0.10714340331440475,6.089916160919541
SUZBY4444442,5.697326400000001,6.182167642197699,up,8.509978332954535,2023-09-12,-0.5549206421976995,5.627247
SUZBY4699420,6.243374333333334,6.168774416513523,down,-1.1948653538443452,2023-09-12,0.15373773673103397,6.322512153244557
SUZBY4861037,6.475595106382979,6.200048052934779,down,-4.255161864221467,2023-09-12,0.30305704891707297,6.503105101851852
SUZBY5044196,6.487321198161861,6.220842129246427,down,-4.107690382140147,2023-09-12,0.2814914333506522,6.502333562597079
SUZBY5213726,6.534324421860885,6.131360621270343,down,-6.166877776108085,2023-09-12,0.4384401525848629,6.5698007738552056
SUZBY5255720,6.080870406947891,6.180614331632221,up,1.6402902546708387,2023-09-12,-0.06726085127307435,6.113353480359146
SVC4104682,5.5931638234587675,6.255045748758077,up,11.83376611504304,2023-09-12,1.1039548614655654,7.359000610223642
SVC4162878,8.375864386138613,6.21892843999686,down,-25.751801207661735,2023-09-12,2.2932325600031405,8.512161
SVC4332499,8.815477479761906,6.196374299049258,down,-29.710281566998987,2023-09-12,2.508058966530121,8.704433265579379
SVC4443720,9.849505,6.182735535000763,down,-37.227956785637836,2023-09-12,3.6415213042849537,9.824256839285717
SVC4554658,9.924804186666666,6.1723675211326565,down,-37.808672039849064,2023-09-12,3.780730198867346,9.953097720000002
SVC4593973,10.00194,6.14706115747334,down,-38.54131141085289,2023-09-12,3.7453521455569643,9.892413303030304
SVC4882929,7.736947851607347,6.246167256549373,down,-19.26832936773983,2023-09-12,1.632140008248136,7.878307264797509
SVC4882930,9.824653197014928,6.237245060997584,down,-36.514348792559154,2023-09-12,3.638151473907225,9.875396534904809
SVC4882931,9.925612707434054,6.162852633478117,down,-37.90959999011161,2023-09-12,3.868595278286591,10.031447911764708
SVC4997681,8.278244651634726,6.206532044401064,down,-25.025989136773763,2023-09-12,1.9849992107087013,8.191531255109766
SVC5080846,8.977823,6.173742926726149,down,-31.233407845909323,2023-09-12,2.8490249624091035,9.022767889135253
SWEX5050429,5.282502,6.40744681490055,up,21.295681760282342,2023-09-12,-1.0883178149005497,5.319129
SWK.GM,6.082632,6.0311062161469735,down,-0.847096846447833,2023-09-12,0.044482404542682374,6.075588620689656
SWK4762738,5.494391378571428,6.163012128035614,up,12.169150382549406,2023-09-12,-0.6507794613689484,5.512232666666666
SWK4804224,5.6541614838709675,6.1927669228525595,up,9.525823422589099,2023-09-12,-0.4995297584689986,5.693237164383561
SWK4946497,5.6887798,6.147172789947294,up,8.057843791867175,2023-09-12,-0.5082207899472939,5.638952
SWK5367009,5.7296181108132265,6.215874002805783,up,8.48670683784089,2023-09-12,-0.39657808976230413,5.8192959130434785
SWK5367010,5.471966287671233,6.128498387354411,up,11.998102056337528,2023-09-12,-0.6353183873544115,5.49318
SWK5549971,5.377331440142941,6.201297401778016,up,15.32295285881006,2023-09-12,-0.7945253276254727,5.406772074152543
SWK5549972,5.5593216065232465,6.185590861648866,up,11.265210028338036,2023-09-12,-0.6005972994720636,5.584993562176803
SWKS5184361,6.106113720857292,6.199999724254887,up,1.5375737775223413,2023-09-12,-0.05489410062747346,6.145105623627414
SWKS5184362,6.183530649822065,6.141090201105544,down,-0.6863465408349211,2023-09-12,0.10836515603731467,6.249455357142859
SWN4203947,6.447832180722892,6.208269723856531,down,-3.7153953476422945,2023-09-12,0.3628943614147868,6.571164085271318
SWN5032381,6.682418796812749,6.1651003255699495,down,-7.741485335961588,2023-09-12,0.6636844367251324,6.828784762295082
SWN5241640,6.628074437708195,6.230803558334602,down,-5.993760074773054,2023-09-12,0.4035122938393112,6.634315852173914
SWN5303302,6.59989727393617,6.174198286807798,down,-6.450085046164457,2023-09-12,0.4245475568904151,6.598745843698213
SWN5320321,6.577727613959332,6.19703506406541,down,-5.78759979488982,2023-09-12,0.4569443455416229,6.653979409607033
SWX4840290,,no data prior to target date,N/A,N/A,,N/A,6.257731
SWX4996635,5.812078,6.145933890649531,up,5.744174297893657,2023-09-12,-0.3066148906495316,5.839319
SWX5381642,5.7989735,6.125191705499017,up,5.6254474261525225,2023-09-12,-0.3504792299745416,5.774712475524475
SWX5508399,5.544136571428572,6.173706114591209,up,11.355592255917568,2023-09-12,-0.6157131145912098,5.557992999999999
SWX5558500,5.6707716654867255,6.182038196202103,up,9.015819378287295,2023-09-12,-0.5088560138626539,5.673182182339449
SXL3694665,6.671989000000001,6.014196822414322,down,-9.859011721777106,2023-09-12,0.6781829775856769,6.6923797999999985
SXL3952086,6.7563371816479405,6.012171685436259,down,-11.01433330226677,2023-09-12,0.7418325020637413,6.7540041875000005
SXL4113785,6.0265007099373324,6.239089233779054,up,3.5275615829792537,2023-09-12,-0.5878504656129628,5.651238768166091
SXL4113786,6.724368,6.001315265566527,down,-10.752724039396314,2023-09-12,0.7726997344334734,6.774015
SXL4184060,6.668208000000001,5.981554004963415,down,-10.297429159927017,2023-09-12,0.7052689950365858,6.686823
SXL4310802,5.999566128318585,6.203095523736029,up,3.3924019014769082,2023-09-12,-0.19297212113862727,6.010123402597402
SXL4381119,5.703997176470588,6.193359010446385,up,8.579279036014453,2023-09-12,-0.37406672155749554,5.81929228888889
SXL4543580,5.82723515862069,6.1871831076632695,up,6.176993707042699,2023-09-12,-0.32331268669062574,5.863870420972644
SXL4543581,6.680928782608695,5.954467378097476,down,-10.873658860161628,2023-09-12,0.7230336219025233,6.6775009999999995
SYK4121831,,no data prior to target date,N/A,N/A,,N/A,5.680918684210527
SYK4305352,5.402138035714286,6.197273211912017,up,14.718897794558044,2023-09-12,-0.6621252394349533,5.535147972477064
SYK4341749,5.5415885,5.969450589136741,up,7.720928559324493,2023-09-12,-0.4191310891367417,5.5503195
SYK4341754,5.37042109771987,6.209747994821664,up,15.628698044891658,2023-09-12,-0.8134928837105537,5.396255111111111
SYK4605931,5.139928499407351,6.255248585563008,up,21.69913620946782,2023-09-12,-1.1579151704686685,5.097333415094339
SYK4994020,5.385524,5.9213326479098445,up,9.949053200948399,2023-09-12,-0.53731836849808,5.3840142794117645
SYK4994021,5.179586500000001,6.146190019403425,up,18.661789303131133,2023-09-12,-0.9371834999229058,5.2090065194805195
SYK4994023,5.584673333333333,6.201710080049686,up,11.048752718148004,2023-09-12,-0.6698306306619672,5.531879449387719
SYK5082136,5.7463066856214455,6.25968488403429,up,8.934054976519661,2023-09-12,-0.5569727593814058,5.7027121246528845
SYY4292085,5.529559576,6.200700691362839,up,12.137334016180962,2023-09-12,-0.5096667439944191,5.69103394736842
SYY4346897,6.015993999999999,5.968244250446136,down,-0.793713383920646,2023-09-12,0.030504749553863952,5.998749
SYY4346900,5.472359811428571,6.191112714263932,up,13.134240576328779,2023-09-12,-0.7038054048716669,5.487307309392265
SYY4509019,5.3821786666666664,6.178462693360107,up,14.79482707671987,2023-09-12,-0.767940286280461,5.410522407079646
SYY4609158,5.867372,5.948170721754712,up,1.37708537578174,2023-09-12,-0.040494977360094,5.907675744394618
SYY4950401,5.427644868501529,6.150804770981092,up,13.323640731844968,2023-09-12,-0.7230005746762416,5.427804196304851
SYY4950402,5.719414005844846,6.061135588048979,up,5.974765629047255,2023-09-12,-0.35815500272474754,5.702980585324231
SYY4972643,5.43511858449126,6.160126411196068,up,13.339319380695184,2023-09-12,-0.7474249287523902,5.412701482443678
SYY4972644,6.158814,6.0369077219414535,down,-1.9793791151761695,2023-09-12,0.1148517780585463,6.1517595
SYY4972645,5.984936819855055,6.117518155146041,up,2.215250374091619,2023-09-12,-0.1686851856803928,5.9488329694656485
SYY5314911,5.647016999999999,5.91328380382977,up,4.71517623959288,2023-09-12,-0.2645223038297697,5.6487615
T.GK,6.3705642000000005,6.162365090749153,down,-3.2681423923307618,2023-09-12,0.443082575917515,6.605447666666668
T.JH,5.984695666666667,6.146283662730236,up,2.7000202694278355,2023-09-12,-0.2597056627302363,5.886578
T.KA,,no data prior to target date,N/A,N/A,,N/A,6.659768
T.KC,6.332673000000001,6.065339632316962,down,-4.221493320167305,2023-09-12,0.6750736176830392,6.740413250000001
T.KF,6.228212544757036,6.093287305146773,down,-2.1663557343405757,2023-09-12,0.08106094485322757,6.17434825
T.KL,6.221471560747664,6.051977621110442,down,-2.7243384138663904,2023-09-12,0.18939298399989468,6.241370605110337
T.KX,,no data prior to target date,N/A,N/A,,N/A,5.780384333333334
T.LJ,5.986854313807531,6.204236104694792,up,3.6309851466722955,2023-09-12,-0.24944033669479193,5.954795768
T.LW,6.329634666666667,6.1016122269214375,down,-3.6024581473248225,2023-09-12,0.09149152307856312,6.193103750000001
T.LY,6.298023000000001,6.098347569376995,down,-3.1704461959412615,2023-09-12,0.25239929827006335,6.350746867647058
T.MC,6.100551472527473,6.037401036159114,down,-1.0351594712829477,2023-09-12,0.057012044921967764,6.094413081081082
T.MF,6.142132000000001,6.021312801081868,down,-1.9670563725776753,2023-09-12,0.15130619891813168,6.172619
T3668077,8.188407185185184,5.394513935416678,down,-34.12010646983136,2023-09-12,2.2370790645833205,7.631592999999999
T3668083,6.320585266666665,6.134883941006895,down,-2.9380400362465937,2023-09-12,0.2617291164643687,6.396613057471264
T3668084,6.416653,6.199568974898711,down,-3.383134869554094,2023-09-12,-0.5272900019257367,5.672278972972975
T3668085,7.155713,5.973548097391036,down,-16.520574575992143,2023-09-12,1.0294191816787324,7.002967279069768
T3683245,,no data prior to target date,N/A,N/A,,N/A,69.79478
T3705931,6.844793000000001,6.1018938288009155,down,-10.853493614767977,2023-09-12,0.47251021336776056,6.574404042168676
T3706810,6.2771795124378125,6.100092580083899,down,-2.8211226396031424,2023-09-12,0.31125865801133923,6.411351238095238
T4013484,6.230078014925373,5.993755271653922,down,-3.793254959332669,2023-09-12,0.2328900713063673,6.226645342960289
T4013485,6.120022410906296,6.115219990885004,down,-0.07847062802799423,2023-09-12,0.011012070863452905,6.126232061748457
T4132110,6.268326,5.989387010578814,down,-4.449975789727369,2023-09-12,0.271532789421185,6.260919799999999
T4237449,5.982447261099112,6.2310660849943975,up,4.155804690697914,2023-09-12,-0.21609622051077082,6.014969864483627
T4237450,6.221195167304537,5.988412459206611,down,-3.7417682911044943,2023-09-12,0.2931880720012936,6.281600531207904
T4332473,6.122567704697986,5.967855507946451,down,-2.5269168788908747,2023-09-12,0.14999299205354966,6.117848500000001
T4346717,6.070737333333333,6.026317510082197,down,-0.7317039234630501,2023-09-12,0.22941718759222152,6.255734697674418
T4346722,5.9210270000000005,6.033580639613875,up,1.900914142324885,2023-09-12,0.07014536038612462,6.103726
T4346730,6.139325666666666,6.017428249619995,down,-1.9855180139491688,2023-09-12,0.07317075038000453,6.090598999999999
T4404386,5.257976,6.189620783312498,up,17.718696002273457,2023-09-12,-0.7688147833124983,5.420806
T4431416,6.186724637583893,5.956138798654008,down,-3.727106868941496,2023-09-12,0.2804343502821629,6.236573148936171
T4437033,6.190636746478873,5.9405085755430935,down,-4.040427199642234,2023-09-12,0.29595503794005307,6.236463613483147
T4451560,5.604786018659882,6.190415955376259,up,10.4487474591653,2023-09-12,-0.6193117857238324,5.571104169652426
T4451561,6.01188516981972,6.096719907475206,up,1.411117066596098,2023-09-12,-0.08113534415642931,6.015584563318777
T4462626,5.455058887323944,6.185780950926185,up,13.395310274289393,2023-09-12,-0.6395067894996247,5.5462741614265605
T4762509,5.696607849294946,6.169770242095678,up,8.30603765114874,2023-09-12,-0.47608703166543087,5.6936832104302475
T4762510,6.170321666666666,5.963675331636075,down,-3.349036666061293,2023-09-12,0.197441168363925,6.1611165
T4762513,5.269714766666667,6.19644111167781,up,17.58589195136533,2023-09-12,-0.27442277834447726,5.922018333333333
T4763005,5.647535754901961,6.176584244243247,up,9.367775828281944,2023-09-12,-0.4884469585289608,5.688137285714286
T4763016,5.8929103939393945,6.172010836595762,up,4.736207137027063,2023-09-12,-0.43510563659576196,5.7369052
T4763018,5.561036241134753,6.177427502006447,up,11.084107963768943,2023-09-12,-0.5967176818383795,5.580709820168067
T4763020,,no data prior to target date,N/A,N/A,,N/A,6.373817000000001
T4777045,6.0982142,5.928868364910276,down,-2.776974201557635,2023-09-12,0.25424305380893664,6.183111418719212
T4778574,6.042488328076924,6.081526707359572,up,0.6460646204520175,2023-09-12,-0.03200423278329989,6.049522474576272
T4798434,5.605939254880926,6.187986945047921,up,10.382697059377215,2023-09-12,-0.5526826085311418,5.635304336516779
T4798435,6.104350933237616,6.057553785000368,down,-0.7666195595414075,2023-09-12,0.04988774833296539,6.107441533333334
T4833787,7.901948666666667,6.219769519300691,down,-21.28815585024018,2023-09-12,-0.4818342693006894,5.737935250000001
T4833790,6.464853142857144,6.04038799517896,down,-6.565735343070632,2023-09-12,0.26346220482103977,6.303850199999999
T4833791,5.511069171875,6.193013882279931,up,12.374090927494523,2023-09-12,-0.5796096918037401,5.613404190476191
T4833795,5.524358035520475,6.2076580147858476,up,12.368857609733034,2023-09-12,-0.7027920176511779,5.50486599713467
T4833798,6.239297,6.026552203510401,down,-3.4097558825873904,2023-09-12,0.2127842964895983,6.239336499999999
T4833799,5.640440285714288,6.160666846876764,up,9.223155193754467,2023-09-12,-0.5787628468767645,5.581904
T4833806,5.553286399999999,6.200500220280494,up,11.654609066813032,2023-09-12,-0.6287371162804938,5.571763104
T4833811,,no data prior to target date,N/A,N/A,,N/A,6.289377333333333
T4833813,6.263866525000001,5.996824350189233,down,-4.263216237845483,2023-09-12,0.3486518164774326,6.345476166666666
T4834260,6.257177,5.99512919787838,down,-4.187955720632812,2023-09-12,0.22104810212162107,6.216177300000001
T4834264,6.27399357753623,5.9941037819488425,down,-4.461110648718567,2023-09-12,0.2628767621371786,6.256980544086021
T4991212,6.078497172661871,6.032761997242283,down,-0.7524092570986533,2023-09-12,0.05265977666525323,6.0854217739075365
T4991213,6.098601506502787,5.951905647414762,down,-2.4054016143144756,2023-09-12,0.15433844159775578,6.106244089012518
T4991214,6.1150476944579095,5.846398659301009,down,-4.39324513201063,2023-09-12,0.27242049650496813,6.118819155805977
T4991376,5.527208528362727,6.720997796546419,up,21.598411966145175,2023-09-12,-1.1434054908321327,5.577592305714286
T4991377,5.703116540441883,6.166452354392571,up,8.124256459868667,2023-09-12,-0.45719702845235766,5.709255325940213
T5022053,5.869378401709402,6.009693084091754,up,2.390622528980021,2023-09-12,-0.20979583409175362,5.799897250000001
T5022054,5.933225,5.908814198443257,down,-0.4114255157480669,2023-09-12,0.04256591649927177,5.951380114942529
T5022055,5.893284363636364,5.805083596318234,down,-1.4966317909646472,2023-09-12,0.14405440368176592,5.949138
T5022057,5.5490707816,6.181858939401541,up,11.403497679283241,2023-09-12,-0.6160096695211426,5.565849269880398
T5022058,5.6802419779661015,6.133315370301302,up,7.976304426689769,2023-09-12,-0.4197935769855601,5.713521793315742
T5046543,6.064580456774279,7.228055663994789,up,19.184760026077004,2023-09-12,-1.167287895562624,6.060767768432165
T5046544,6.098624449023824,6.535113140393117,up,7.157166259666288,2023-09-12,-0.4484123582416393,6.086700782151477
T5046545,6.171560095768653,5.909400536300881,down,-4.247865294992656,2023-09-12,0.26055336630387593,6.169953902604757
T5153066,5.814610892219391,6.235827641420876,up,7.244108969787143,2023-09-12,-0.3635658415432772,5.872261799877599
T5153067,5.599661862202544,6.206007772963946,up,10.828259378556554,2023-09-12,-0.5631116810231882,5.642896091940758
T5242097,5.790761201304273,6.142219120896123,up,6.0692870483536865,2023-09-12,-0.35223518491784134,5.789983935978282
T5242098,6.156304062898132,6.1604366166708475,up,0.06712718752183426,2023-09-12,-0.009916032097977201,6.15052058457287
T5368762,5.896432950202877,6.1423028443047585,up,4.169807342478501,2023-09-12,-0.23430874779893518,5.907994096505823
T5543175,5.77819243138866,6.210660923654243,up,7.484494457406793,2023-09-12,-0.4495247276392993,5.761136196014943
T5596421,5.93244185687254,6.2550779270429,up,5.438503704787212,2023-09-12,-0.30682505472321164,5.948252872319689
TAC5502848,7.0425341126005385,6.1635908507151775,down,-12.48049704598166,2023-09-12,0.983375600367606,7.1469664510827835
TALD5338944,6.896447662337662,6.130770927164542,down,-11.102480184901195,2023-09-12,0.8491455481246275,6.979916475289169
TAP3849782,6.013778071895424,6.032614255740118,up,0.313217142693075,2023-09-12,-0.04464025574011732,5.987974
TAP4379149,5.571582080725818,6.310105804012643,up,13.255188788147878,2023-09-12,-0.6850879497002902,5.625017854312353
TAP4379150,6.015071,5.970823673481497,down,-0.7356077179887531,2023-09-12,0.05467962273105176,6.025503296212548
TCEH4586321,5.688722000000001,6.182474724330124,up,8.67950172868568,2023-09-12,-0.5080127243301238,5.674462
TCEH4995297,5.754034,6.154916072861172,up,6.966974349841736,2023-09-12,-0.32461840619450566,5.830297666666667
TCEH5167983,6.35903,5.921719134766677,down,-6.8770058520453965,2023-09-12,0.5049138652333225,6.426633
TCK.GF,6.384247818181819,6.0918107469057,down,-4.5806033788864315,2023-09-12,0.27267041438462325,6.364481161290323
TCK.GR,6.611169,6.026421263641252,down,-8.844846295091658,2023-09-12,0.5624607363587506,6.588882000000003
TCK3884450,6.652493999999999,6.031219642093625,down,-9.338969082969102,2023-09-12,0.6447543579063746,6.675973999999999
TCK5055534,5.976987000000001,6.395357329993705,up,6.999686129377623,2023-09-12,-0.40158371125732195,5.993773618736383
TD4805651,5.803957810315575,6.285716612898465,up,8.300522132098264,2023-09-12,-0.40600449807749417,5.879712114820971
TD4843298,5.795158014011439,6.501304938630266,up,12.185119420583817,2023-09-12,-0.6826906805657504,5.818614258064516
TD5000268,5.642778729036502,6.222850595394079,up,10.279897444368222,2023-09-12,-0.5772634376285799,5.645587157765499
TD5043634,5.573456936034178,6.577081481026609,up,18.007218078669954,2023-09-12,-1.0436305528118774,5.533450928214732
TD5106440,5.6118990861565425,6.237828431458271,up,11.153610136108364,2023-09-12,-0.5623768819702182,5.675451549488053
TD5141469,5.978229220472441,6.223125304743925,up,4.096465278260615,2023-09-12,-0.5763646380772576,5.646760666666667
TD5157422,,no data prior to target date,N/A,N/A,,N/A,6.115547454545454
TD5196065,5.636012721168321,6.213715409025013,up,10.25020198565018,2023-09-12,-0.552391939998464,5.661323469026549
TD5254626,5.877980367697594,6.2210885217802065,up,5.8371776123676975,2023-09-12,-0.42993652178020625,5.791152
TD5254628,5.541363815346003,6.207770050212288,up,12.02603288780227,2023-09-12,-0.6521678561528805,5.555602194059407
TD5254631,5.402593729492799,6.153960654131213,up,13.90752224319027,2023-09-12,-0.7330219233764952,5.420938730754718
TD5288946,6.21066,6.1919206211852895,down,-0.30172926572554815,2023-09-12,-0.44330662118528874,5.748614000000001
TD5320307,5.736901719211823,6.223116528436859,up,8.475215944466894,2023-09-12,-0.48241682674830244,5.740699701688556
TD5335227,5.661653908428468,6.34903104787493,up,12.140924729135564,2023-09-12,-0.6699510478749309,5.679079999999999
TD5335230,5.400995516129033,6.1889316963560015,up,14.58872124359202,2023-09-12,-0.7636707033982537,5.425260992957748
TD5375311,5.570638161048689,6.132257132490658,up,10.08177079906124,2023-09-12,-0.5690087406411282,5.5632483918495295
TD5375312,5.853577658536586,6.22247531675154,up,6.3020887350314885,2023-09-12,-0.4224114064912028,5.800063910260337
TD5375314,5.566605452655889,6.189389447098009,up,11.187859454723574,2023-09-12,-0.6104959507714778,5.578893496326531
TD5397849,6.267960666666665,6.200151307683471,down,-1.081840850466857,2023-09-12,-0.24823510768347035,5.9519162
TD5397851,5.7176455,6.217288738007394,up,8.738618685040793,2023-09-12,1.0759422619926058,7.293231
TD5423637,5.606756016884644,6.368420251164406,up,13.584757959612018,2023-09-12,-0.7309578407597819,5.637462410404624
TD5423639,5.577488270245257,6.140447789323827,up,10.09342363088134,2023-09-12,-0.5429783284463969,5.59746946087743
TD5423640,5.5334257961165045,6.1897253639634355,up,11.860637370569572,2023-09-12,-0.5918559562909476,5.597869407672488
TD5452620,6.337672,6.183293476343381,down,-2.4358869259346294,2023-09-12,-0.10591422034338027,6.077379256
TD5452622,,no data prior to target date,N/A,N/A,,N/A,6.785649
TD5463152,6.876821,6.222856681108713,down,-9.509689417410849,2023-09-12,-0.706693681108713,5.516163
TD5473591,5.503278748273696,6.190643039874311,up,12.490086783560278,2023-09-12,-0.6177418588168733,5.572901181057437
TD5473592,5.897529447229218,6.259838897736403,up,6.143410622178506,2023-09-12,-0.5705785510933987,5.689260346643004
TD5487474,6.040738,6.180962689628356,up,2.3213171905213588,2023-09-12,0.09731531037164398,6.278278
TD5500364,5.614309320000001,6.220992342843142,up,10.806013496298435,2023-09-12,-0.6385814462914174,5.582410896551725
TD5516804,6.329553000000001,6.20763064057955,down,-1.9262396478937829,2023-09-12,-0.25820330724621776,5.9494273333333325
TD5520577,5.967027799999999,6.179193506856649,up,3.5556346303037065,2023-09-12,-0.22558893278257486,5.953604574074074
TD5522221,5.597229139542819,6.217461541005374,up,11.081061468089475,2023-09-12,-0.5992043214931781,5.618257219512196
TD5522222,5.544728359281437,6.1833263927730275,up,11.517210440483135,2023-09-12,-0.6359181775353253,5.547408215237702
TD5541219,6.633256,6.177495504943281,down,-6.8708413342816685,2023-09-12,0.27589149505671795,6.453386999999999
TD5567514,6.208772,6.187799750453986,down,-0.33778417931941485,2023-09-12,0.08203149954601408,6.26983125
TD5577672,5.648427666666667,6.198652298088777,up,9.741199921336992,2023-09-12,-0.6541624980887759,5.544489800000001
TD5605389,6.1934835,6.1855376572278775,down,-0.12829359716745228,2023-09-12,0.11044021069665,6.2959778679245275
TD5610399,,no data prior to target date,N/A,N/A,,N/A,6.0898455714285715
TD5610403,6.086112786666667,6.176052816546563,up,1.4777910471349636,2023-09-12,0.016783511251269978,6.192836327797833
TD5615749,5.588500368414466,6.240569345124714,up,11.66804927482271,2023-09-12,-0.5823147508638851,5.658254594260829
TD5615751,5.554553271806414,6.223136694081989,up,12.03667315010093,2023-09-12,-0.6582485940819893,5.5648881
TD5624958,5.5775222000000015,6.196999546460041,up,11.106676481897983,2023-09-12,-0.6217657188738341,5.575233827586207
TD5632553,6.230041024204703,6.188873986581422,down,-0.6607827695410127,2023-09-12,-0.05716758023221491,6.131706406349207
TD5632554,6.085756563909776,6.18545405380476,up,1.6382102840954538,2023-09-12,-0.09615599319869972,6.08929806060606
TD5632558,5.9275709999999995,6.173960359629446,up,4.156666527139817,2023-09-12,-0.14601875962944622,6.0279416
TD5632613,6.259258806498722,6.188121828469123,down,-1.1365080152260236,2023-09-12,0.08025084212926625,6.2683726705983895
TD5650356,,no data prior to target date,N/A,N/A,,N/A,6.2171910761906535
TD5650357,,no data prior to target date,N/A,N/A,,N/A,6.428936602647259
TD5650358,,no data prior to target date,N/A,N/A,,N/A,5.84999
TD5650359,,no data prior to target date,N/A,N/A,,N/A,5.84066381803697
TD5650363,,no data prior to target date,N/A,N/A,,N/A,6.115477693178123
TD5650365,,no data prior to target date,N/A,N/A,,N/A,6.224216817503119
TDG4455966,6.376949136440202,6.207409543570015,down,-2.658631725653515,2023-09-12,0.18183261694641306,6.389242160516428
TDG4629489,4.266570751071545,6.604979977524462,up,54.80769833397532,2023-09-12,-2.3422829775244622,4.262697
TDG4885261,7.2748216388888896,6.194771580125829,down,-14.846412907080156,2023-09-12,0.07305620075995112,6.2678277808857805
TDG5001530,7.013332196086345,6.2924086147256855,down,-10.279330298413024,2023-09-12,0.711619976487742,7.0040285912134275
TDG5263223,7.13412160651866,6.177129988508964,down,-13.414287992165196,2023-09-12,1.0841507563197776,7.261280744828742
TDG5263225,7.07839922368811,6.281647203733351,down,-11.256104590546418,2023-09-12,0.8738838630299046,7.155531066763255
TDOC5196025,7.378717,6.186990400871846,down,-16.150864698133216,2023-09-12,1.0878249282420773,7.274815329113923
TDOC5200163,6.333353,6.217199824115765,down,-1.8339918189343767,2023-09-12,-0.026310463531823203,6.190889360583942
TDS3704564,7.002213223560209,6.540358099231418,down,-6.59584490764714,2023-09-12,0.506748557891223,7.047106657122641
TDY5017610,5.7409,6.151914249626229,up,7.159404442269135,2023-09-12,-0.41101324962622865,5.740901
TDY5145780,6.020645,6.228492400930714,up,3.4522447500344833,2023-09-12,-0.22292998834330202,6.005562412587412
TDY5145781,5.550968830028329,6.20411899894866,up,11.766417519534116,2023-09-12,-0.6665609989486603,5.537558
TDY5145782,5.613315606133493,6.196327990096332,up,10.386239165419457,2023-09-12,-0.5543200492445974,5.642007940851735
TDY5145783,5.624824291262136,6.1452883374767735,up,9.252983191370992,2023-09-12,-0.4989121026794763,5.646376234797297
TEF.GH,5.914640785529717,6.312392664362539,up,6.724869577978931,2023-09-12,-0.3559768214064194,5.95641584295612
TEF.GO,6.385484819320214,6.1230828664441415,down,-4.109350508236078,2023-09-12,0.3165510549223436,6.439633921366485
TEF4462668,6.675961,5.971000050148855,down,-10.559692452534474,2023-09-12,0.7302004613384492,6.701200511487304
TEF4462669,5.76068017794971,6.224558903435169,up,8.052499204192221,2023-09-12,-0.4307401194545868,5.793818783980583
TEF4606313,6.69697,6.25929587273066,down,-6.535405224591723,2023-09-12,0.4236244877078965,6.6829203604385565
TEF4803940,6.7136730632911386,5.952130958800135,down,-11.343151465848784,2023-09-12,0.7607225482421187,6.7128535070422535
TEL4149547,5.910195375,6.224059004058883,up,5.3105457458567145,2023-09-12,-0.27216410180324413,5.951894902255638
TEL4330921,5.328142000000001,6.207274761441519,up,16.499799769629224,2023-09-12,-0.7309338957698772,5.4763408656716415
TEL5534255,5.414361631048011,6.232034415892438,up,15.10192411521943,2023-09-12,-0.8164054106354293,5.415629005257009
TEVA.GL,7.18285588450835,6.331196381726079,down,-11.856836841444796,2023-09-12,0.8539283171282586,7.185124698854337
TEVA4384553,6.82887377208607,6.452927076725742,down,-5.5052517868621385,2023-09-12,0.4567191687555514,6.9096462454812935
TEVA4384554,7.251225752086811,6.051018960912707,down,-16.5517780332339,2023-09-12,1.1385593793574653,7.189578340270172
TEVA4608604,6.8414381460905345,6.260761798110749,down,-8.487635721907491,2023-09-12,0.7273922018892511,6.988154
TEVA4636615,6.66273585915493,6.224841647788319,down,-6.572288330550023,2023-09-12,0.3547668684372285,6.579608516225547
TEVA5034099,6.562108853413656,6.21951521386757,down,-5.220785683368628,2023-09-12,0.4189588249872358,6.638474038854806
TEVA5295244,6.980597891891891,6.192678089038463,down,-11.28728248003819,2023-09-12,0.7823337204853456,6.975011809523808
TEVA5295245,6.8531260000000005,6.1695811128618665,down,-9.974205744037597,2023-09-12,0.7346058871381338,6.904187
TEVA5549923,7.209919191938579,6.173829691316964,down,-14.370334438422944,2023-09-12,1.0305887346397737,7.204418425956738
TEVA5549924,7.237788881679389,6.163209315448906,down,-14.84679345857277,2023-09-12,1.0674386674862486,7.230647982935155
TFC4162927,6.2701962,6.2181809247330015,down,-0.829563758579013,2023-09-12,-0.02098725806633439,6.197193666666667
TFC4166550,6.626469945454545,6.198270757456359,down,-6.461950201583743,2023-09-12,0.42229960598734984,6.620570363443709
TFC4363116,6.353932945858398,6.211885861161651,down,-2.2355773330805437,2023-09-12,0.20225713883834917,6.414143
TFC4556773,6.311247470222039,6.2441589394702,down,-1.062999526929954,2023-09-12,0.11945320991515551,6.3636121493853555
TFC4640191,5.99965511098779,6.215485491172271,up,3.5973797858681613,2023-09-12,-0.14586806061671442,6.069617430555557
TFC4756898,5.9886051907356945,6.207897027676182,up,3.661818235734253,2023-09-12,-0.17097373707789032,6.036923290598292
TFC4774252,6.0041715320881215,6.25065558108853,up,4.105213311830332,2023-09-12,-0.5651014756599579,5.685554105428572
TFC4807935,6.268670957937584,6.172177622352438,down,-1.5392949515552932,2023-09-12,0.1022507102499004,6.274428332602338
TFC4808335,6.024062211451943,6.251117456451491,up,3.7691384489341457,2023-09-12,-0.3282257620324609,5.92289169441903
TFC4862743,6.130769806228372,6.229773246034456,up,1.6148614763761664,2023-09-12,-0.05518459197170422,6.1745886540627515
TFC4921153,6.182914,6.221190513069641,up,0.619069148780668,2023-09-12,-0.06911751306964131,6.152073
TFC4962301,6.318107,6.1808294629017695,down,-2.172763726512243,2023-09-12,0.12489186667216412,6.305721329573934
TFC4962305,6.316392247778358,6.2240852007619765,down,-1.4613887706047488,2023-09-12,0.1619936527109065,6.386078853472883
TFC4997147,5.816186225806452,6.210271014600569,up,6.775656306284709,2023-09-12,-0.3572850606998603,5.852985953900709
TFC4997148,5.854043747063431,6.1689551266749305,up,5.379382068496998,2023-09-12,-0.2954262465777102,5.87352888009722
TFC5024171,5.700473961453746,6.191657562771179,up,8.616539688432697,2023-09-12,-0.4487759428881377,5.7428816198830415
TFTS4038481,,no data prior to target date,N/A,N/A,,N/A,6.4054850000000005
TFX4566956,6.4177331575104315,6.199523871869419,down,-3.400099073699423,2023-09-12,0.32413504200617904,6.523658913875598
TGI4532213,10.660556874049028,6.228574397066389,down,-41.57364881914757,2023-09-12,4.186846559684053,10.415420956750442
TGNA3668098,7.814305999999999,6.185585830748446,down,-20.842799978034567,2023-09-12,1.5164610025848884,7.702046833333334
TGNA5058956,8.102855197763342,6.23094116245199,down,-23.101906545584846,2023-09-12,1.7992546248427983,8.030195787294788
TGNA5151176,8.231089295364074,6.314626048868565,down,-23.283227501551977,2023-09-12,1.7273787151140922,8.042004763982657
TGT.HB,5.090021580645162,6.177786639177028,up,21.370539226554534,2023-09-12,-1.127068783676207,5.050717855500821
TGT.HR,5.180063,6.143038946321755,up,18.590043138891467,2023-09-12,-0.9811045385005261,5.161934407821229
TGT.HW,5.230601923076923,6.129056354389683,up,17.17688412396408,2023-09-12,-0.8866823543896825,5.242374000000001
TGT.ID,5.518510999999999,6.074185645440445,up,10.069285817142447,2023-09-12,-0.5346336454404437,5.539552000000001
TGT.IJ,5.430465999999999,6.071393012499016,up,11.802431181762607,2023-09-12,-0.6437390124990161,5.4276539999999995
TGT3869508,5.210803881998277,6.117011450023705,up,17.390935996576186,2023-09-12,-0.8893534674453054,5.2276579825784
TGT4136096,5.605363819314642,6.228929630037805,up,11.124448489400743,2023-09-12,-0.6198270174004428,5.609102612637362
TGT4350768,4.818915856231392,6.254258917807255,up,29.785601251364568,2023-09-12,-1.4197569001990384,4.834502017608217
TGT4350771,5.426526999999999,5.978423932118824,up,10.170352642101017,2023-09-12,-0.5446345424730481,5.433789389645776
TGT4554193,5.370941,5.96010905290543,up,10.969549896478664,2023-09-12,-0.5623851917943199,5.3977238611111105
TGT4809840,4.862297864947553,6.180934751114913,up,27.1196237415534,2023-09-12,-1.3047225338864488,4.876212217228464
TGT4939186,5.022693313253012,6.159249328979293,up,22.628417560899717,2023-09-12,-1.0989549602534243,5.060294368725868
TGT4971766,5.059251320945946,6.153959401661586,up,21.63774857721357,2023-09-12,-1.1242095016615847,5.029749900000001
TGT4971780,5.313826790178571,6.216901003208042,up,16.99479958019337,2023-09-12,-0.872850692440795,5.344050310767247
TGT5344009,4.960179920984081,6.232116654081784,up,25.642955565316576,2023-09-12,-1.243367200932358,4.988749453149426
TGT5344011,5.3842585,5.914107503145402,up,9.840705143436235,2023-09-12,-0.5201599695700843,5.393947533575318
TGT5472109,5.161172297150611,6.138215726711199,up,18.930649342979613,2023-09-12,-0.9672472898328515,5.170968436878348
TGT5527760,5.153404284370802,6.138741173985593,up,19.120116242444084,2023-09-12,-0.970183664181671,5.168557509803922
TGT5527761,5.496143356604391,5.935933528016199,up,8.00179585715023,2023-09-12,-0.44431555514666243,5.491617972869537
THC.GU,7.0004411666666675,6.140059080988669,down,-12.290398064836223,2023-09-12,0.8952153654399018,7.035274446428571
THC4871472,6.410011545971564,6.228940239347602,down,-2.8248202881593567,2023-09-12,0.2646119051539211,6.493552144501523
THC4871475,6.674713140077821,6.187716459990188,down,-7.296143967049271,2023-09-12,0.5249885344107073,6.712704994400895
THC5040669,7.203708064182194,6.260959342674285,down,-13.086992325457803,2023-09-12,1.0110269061789596,7.271986248853245
THC5187521,6.751817523622048,6.1728634962846085,down,-8.574787830267908,2023-09-12,0.5760519336956671,6.748915429980276
THC5423555,6.935843414355628,6.189819873645613,down,-10.756060887503823,2023-09-12,0.7308802961520753,6.920700169797688
THC5535218,6.93157332956449,6.220083603287599,down,-10.264476655570393,2023-09-12,0.7340487773575628,6.954132380645162
THG4351236,5.786378999999999,6.202857394384367,up,7.197565081450205,2023-09-12,-0.44081679438436794,5.762040599999999
THG5033056,6.345854379746835,6.154606750240797,down,-3.013741224765827,2023-09-12,0.29034213105723694,6.444948881298034
THRX5561968,6.896083,6.190746255369366,down,-10.228077948461953,2023-09-12,0.9418187446306332,7.132565
THS5036824,7.644548261603376,6.179753004723517,down,-19.16130563577122,2023-09-12,1.443977295505916,7.623730300229433
TI.GH,8.152626510735198,6.159118590482532,down,-24.452339594211253,2023-09-12,1.9558496076598821,8.114968198142414
TI.GL,8.012844680803573,6.124946955462937,down,-23.56089254872849,2023-09-12,1.8909787845666042,8.015925740029541
TI.GP,8.31251745844504,6.112488133389171,down,-26.466462609600487,2023-09-12,2.147400036545468,8.259888169934639
TI.GS,8.426901209771229,6.109660503794692,down,-27.49813541530107,2023-09-12,2.2685489961378957,8.378209499932588
TIAA4264310,8.466032,6.211572105260699,down,-26.629475233962037,2023-09-12,2.809839228072632,9.021411333333331
TIF4166548,5.813726733333333,6.003695736052809,up,3.267594289051782,2023-09-12,-0.5351092844399057,5.468586451612904
TIF4240525,5.706426661290323,6.2378190403562455,up,9.312173985703426,2023-09-12,-0.5267790403562458,5.71104
TJEF5349209,,no data prior to target date,N/A,N/A,,N/A,5.849812666666666
TJX4401499,5.210210712121212,6.199628385025735,up,18.98997425579562,2023-09-12,-0.9713598325621335,5.228268552463602
TJX4972594,4.982047161048689,6.1653633109901484,up,23.75160474579649,2023-09-12,-1.131300434334519,5.0340628766556295
TJX4972595,5.338964,5.933856983762178,up,11.142479772521002,2023-09-12,-0.6193698295423857,5.314487154219792
TJX5082156,4.948650333333334,6.179608186074093,up,24.87461772049683,2023-09-12,-1.2122052992816394,4.967402886792454
TJX5082157,4.854739551242236,6.14956117039052,up,26.671289066721677,2023-09-12,-1.3038394996086273,4.845721670781892
TKPH4370840,5.739407463917525,6.2149665126049305,up,8.285856191203495,2023-09-12,-0.4609345126049309,5.754032
TKPH4405746,7.780757871666667,6.238628769641403,down,-19.819780122459125,2023-09-12,0.8455738755198876,7.084202645161291
TKPH4405749,5.556796737388023,6.210131899616897,up,11.757406165912322,2023-09-12,-0.6150358486518792,5.595096050965018
TKPH4770185,5.924551999999999,6.257175838808871,up,5.614328962069572,2023-09-12,-0.43207783880887174,5.825098
TKPH4770188,5.339637823529412,6.178580820711612,up,15.711608631681912,2023-09-12,-0.8035038207116116,5.375077
TKPH5010045,5.402955000000001,6.166109251670575,up,14.124756761264404,2023-09-12,-0.7746965457882213,5.391412705882353
TKPH5010046,5.669912107142857,6.076468477350985,up,7.170417504284673,2023-09-12,-0.425625362701302,5.650843114649683
TKPH5010047,5.648426835098335,5.949814319644652,up,5.335777435825988,2023-09-12,-0.30008480318018105,5.649729516464471
TLOL5188468,7.442323222222222,6.2065549333876575,down,-16.60460385736342,2023-09-12,0.15926306661234246,6.365818
TM4442286,5.138530346938775,6.195861376271222,up,20.5765259314337,2023-09-12,-1.0041165610101777,5.191744815261044
TM4484256,5.735861878453039,6.228065706895274,up,8.581165984683405,2023-09-12,-0.6302137858426411,5.597851921052633
TM4585148,5.034516093750001,6.184253815177522,up,22.837104897824048,2023-09-12,-1.1255435609758404,5.0587102542016815
TM4621133,5.360069,6.218491508234378,up,16.01513913784278,2023-09-12,-0.8159723347183965,5.402519173515982
TM4654837,4.933445780240963,6.201583457364472,up,25.704907555740263,2023-09-12,-1.220557609192264,4.981025848172208
TM4699410,6.837574316666665,6.234007555117537,down,-8.827205871502231,2023-09-12,3.2953881052598186,9.529395660377356
TM4785252,5.353590551724139,6.2503808532016585,up,16.751193293792436,2023-09-12,-0.5995511753040841,5.650829677897574
TM4852624,5.7167736896969705,6.233198823248712,up,9.033506687215308,2023-09-12,-0.5130625059964817,5.72013631725223
TM4949816,5.520961605484052,6.227122530216287,up,12.790542213349127,2023-09-12,-0.7190562546688417,5.508066275547446
TM4949817,5.090991414069457,6.1673415724309635,up,21.142250513071126,2023-09-12,-1.097117323535529,5.0702242488954345
TM4972280,5.440194538461538,6.217652459580123,up,14.290994846269701,2023-09-12,-0.7149004456082588,5.502752013971864
TM4972281,5.194734183294664,6.162100194227087,up,18.622050268583504,2023-09-12,-0.9510504658533856,5.211049728373702
TM5029306,5.1114378380919225,6.205328639423652,up,21.400843284833424,2023-09-12,-1.021668502323692,5.18366013709996
TM5061486,5.361510977127173,6.215888720533215,up,15.935391106181008,2023-09-12,-0.8761567078105692,5.339732012722646
TM5107579,5.435055468085107,6.232230380472884,up,14.667282000502556,2023-09-12,-1.6956043804728846,4.536625999999999
TM5107580,5.331007067477204,6.225618047809864,up,16.7812754515071,2023-09-12,-0.9557285241190909,5.2698895236907735
TM5107581,5.114047290322579,6.152349402093487,up,20.302943106054364,2023-09-12,-1.0190037354268195,5.133345666666667
TM5152131,5.485133882758621,6.230673636788976,up,13.592006502772957,2023-09-12,-0.39993680284063693,5.830736833948339
TM5152132,5.209769469849245,6.207261047354285,up,19.14655885021154,2023-09-12,-1.0056783806876188,5.201582666666666
TM5162386,4.935712697528219,6.260471089127869,up,26.840265485126054,2023-09-12,-1.2179603600529791,5.04251072907489
TM5204228,5.611838333333333,6.225160412070425,up,10.92907604080585,2023-09-12,-0.4251256182256631,5.800034793844762
TM5204229,5.204506611111111,6.202697462944173,up,19.17935601622683,2023-09-12,-1.0375711656468756,5.165126297297298
TM5255642,5.589194364144455,6.235381312876728,up,11.561361202209435,2023-09-12,-0.6747712675449957,5.560610045331733
TM5255644,5.161230546255506,6.145184911398311,up,19.064336621363825,2023-09-12,-0.9388619113983117,5.206322999999999
TM5337811,5.435327739534884,6.219908770018635,up,14.434843087325763,2023-09-12,-0.7091277700186343,5.510781000000001
TM5337813,5.119768644067796,6.197300581786387,up,21.04649668041372,2023-09-12,-1.017374515670685,5.179926066115702
TM5337814,5.086449177570094,6.140745600515603,up,20.727552485822137,2023-09-12,-0.9837486005156038,5.156997
TM5381485,5.690510249714937,6.257330099214035,up,9.960791293320172,2023-09-12,-0.6482428930284678,5.609087206185567
TM5381579,5.123942487682252,6.20543577031688,up,21.106663184344736,2023-09-12,-1.0850108003920687,5.120424969924811
TM5437697,5.371993165993377,6.397628436021142,up,19.092266842787517,2023-09-12,-1.0561653183740844,5.3414631176470575
TM5437698,4.981386234042553,6.169415716115258,up,23.849374978269474,2023-09-12,-1.197771580928297,4.971644135186961
TM5463157,5.298836574923547,6.214106050223355,up,17.273027057133095,2023-09-12,-0.8207947191653338,5.393311331058022
TM5477179,5.5958976533682145,6.239596996500548,up,11.503057829245433,2023-09-12,-0.6456840106486883,5.59391298585186
TM5477180,5.100044793567689,6.203840966727412,up,21.6428721283362,2023-09-12,-1.096431195643075,5.107409771084337
TM5500548,5.267211344535554,6.251356053523123,up,18.68435960916141,2023-09-12,-0.9695666319544953,5.281789421568628
TM5500549,5.112469872340426,6.188717733230399,up,21.05142695730508,2023-09-12,-1.0429990902515307,5.145718642978868
TM5524589,5.464740355120654,6.278009498891981,up,14.882118653803298,2023-09-12,-0.7967546819905724,5.481254816901409
TM5524590,5.04550337978142,6.205982790472947,up,23.00027020776273,2023-09-12,-1.1336651718876496,5.072317618585298
TM5524591,5.121655689655173,6.1297590875614825,up,19.683154413181235,2023-09-12,-0.9694256916061867,5.160333395955296
TM5588219,5.165685168306011,6.214387131003939,up,20.301313930864858,2023-09-12,-1.018063131003939,5.196324
TM5588221,5.218211680074837,6.165310089986611,up,18.14986566237174,2023-09-12,-0.9466470015919173,5.218663088394694
TM5614629,5.1929787453443055,6.215410563352759,up,19.688734888913253,2023-09-12,-1.0108748886467005,5.204535674706059
TM5614630,5.056945790983606,6.186900637418055,up,22.344610623454308,2023-09-12,-1.1155991796147937,5.071301457803261
TM5614631,5.142009326118326,6.127884977998945,up,19.172965067818165,2023-09-12,-0.9817541770542757,5.146130800944669
TM5632596,5.210571592977893,6.291841738111581,up,20.751468928876793,2023-09-12,-1.0061159377200664,5.285725800391515
TM5647857,5.4483022715600615,6.474808197523082,up,18.840840225061367,2023-09-12,-1.0149595691746232,5.459848628348459
TM5647859,5.183015755379654,6.3689212284801755,up,22.880607142079857,2023-09-12,-1.1637570356733526,5.205164192806823
TME5037916,,no data prior to target date,N/A,N/A,,N/A,6.064037
TME5037920,6.107953000000001,6.158321237415677,up,0.8246336770383824,2023-09-12,-0.051284093399450725,6.1070371440162265
TMJC5055385,4.7977875,6.238793311108358,up,30.034798563053442,2023-09-12,-1.343224311108358,4.895569
TMO4530434,5.244127106060606,5.966515269620933,up,13.77518410500514,2023-09-12,-0.6595572757818875,5.306957993839045
TMO4889243,5.109074048,6.16752077318072,up,20.716997155190185,2023-09-12,-1.031949891236275,5.135570881944445
TMO5237153,5.335806,6.0318655283474385,up,13.04506813679955,2023-09-12,-0.6814813257330599,5.350384202614379
TMO5237332,5.0134401235955055,6.1841388720364865,up,23.351206348932855,2023-09-12,-1.160040872036486,5.024098
TMO5237333,5.098543482339956,6.159247844615797,up,20.804066219104513,2023-09-12,-1.0675191716392964,5.091728672976501
TMO5283926,5.460461718471835,6.547572074537278,up,19.90876252072108,2023-09-12,-0.9471537518969333,5.600418322640345
TMO5283957,5.788043035903897,6.408812611240874,up,10.725033858357172,2023-09-12,-0.7510879502975376,5.6577246609433365
TMO5502815,4.895561648894669,6.230878584225726,up,27.276072309957485,2023-09-12,-1.309584828187078,4.921293756038648
TMO5502816,5.141824664639444,6.151107695456265,up,19.628888510292956,2023-09-12,-1.0083647923467556,5.142742903109509
TMO5630761,5.239148915268456,6.2156868173110835,up,18.639246905097554,2023-09-12,-0.9071085602574698,5.308578257053614
TMO5630927,5.1908238092518815,6.250027358122433,up,20.405307284417493,2023-09-12,-1.031372942673582,5.218654415448851
TMO5630948,5.458777314447592,6.015602998181237,up,10.200556858399588,2023-09-12,-0.5528945133877725,5.462708484793464
TMO5630949,5.1811978644763865,6.165742444236026,up,19.00225788538067,2023-09-12,-0.9434983245949473,5.222244119641078
TMUS3703037,5.807677527901993,6.656756198823749,up,14.619934850764402,2023-09-12,-0.8288108740401627,5.827945324783586
TMUS3703056,6.044227925223772,6.541646247573025,up,8.22964204035767,2023-09-12,-0.49905080659006096,6.042595440982964
TMUS4176279,6.027493490140113,6.269783106385442,up,4.019740819988788,2023-09-12,-0.22603635476242712,6.043746751623015
TMUS4176280,8.376625543314502,6.258908270463281,down,-25.281269431237728,2023-09-12,21.92466969505396,28.18357796551724
TMUS4214707,5.951509854110301,6.272948344658897,up,5.400957041625336,2023-09-12,-0.29087335046320906,5.982074994195688
TMUS4466801,5.518134675799087,6.197503698503848,up,12.311570170338058,2023-09-12,-0.6482283507987026,5.549275347705145
TMUS4589487,5.562204452281121,6.409943750115574,up,15.241066830738049,2023-09-12,-0.8058102077262799,5.604133542389294
TMUS4601436,5.921978198403194,6.291682420018626,up,6.242917640512752,2023-09-12,-0.35149257378943766,5.940189846229188
TMUS4973554,5.904877632007479,6.33602121796684,up,7.301482144563678,2023-09-12,-0.4238267331537555,5.912194484813084
TMUS4973557,5.935335221390488,6.144520599967133,up,3.5244071442293015,2023-09-12,-0.1906420111132947,5.953878588853838
TMUS5049934,5.856029,6.044934668570706,up,3.2258321905630174,2023-09-12,-0.19447833948196713,5.850456329088739
TMUS5049937,5.82393567641791,6.1522914417565335,up,5.6380390097402895,2023-09-12,-0.32587285553222056,5.826418586224313
TMUS5109955,5.631957884615384,6.208905030625603,up,10.244166555049077,2023-09-12,-0.47899707127889535,5.729907959346708
TMUS5109956,5.70225825625958,6.218410531297081,up,9.0517169135737,2023-09-12,-0.5185140363475877,5.699896494949494
TMUS5109957,5.7151783906027545,6.387685546564332,up,11.767037002158231,2023-09-12,-0.6502135398529214,5.73747200671141
TMUS5150679,5.69973992824074,6.2090269532119775,up,8.935267773321574,2023-09-12,-0.4650628574163411,5.743964095795636
TMUS5150680,5.7223355165668535,6.344599997888599,up,10.874309615719222,2023-09-12,-0.5835138797193551,5.761086118169244
TMUS5150681,5.748947577593819,6.201186390183858,up,7.866462626178973,2023-09-12,-0.43284076711855146,5.768345623065307
TMUS5190117,5.527062363252569,6.225934402388477,up,12.64454773990708,2023-09-12,-0.6846769259369214,5.541257476451555
TMUS5190118,5.671304016547089,6.248282391701741,up,10.17364566369938,2023-09-12,-0.5500882346445213,5.69819415705722
TMUS5190119,5.43506270609319,6.187725894890996,up,13.84828896185509,2023-09-12,-0.6273764399956798,5.5603494548953165
TMUS5192327,5.674908760692825,6.16832881346913,up,8.694766269970234,2023-09-12,-0.49112958846208876,5.677199225007041
TMUS5194166,5.750438920538621,6.255818998184469,up,8.788547876594274,2023-09-12,-0.49983609088397785,5.755982907300491
TMUS5194656,5.934528392156863,5.821572618139543,down,-1.9033656350284465,2023-09-12,0.11473811423496372,5.936310732374507
TMUS5194659,5.627804611213447,6.192760994775872,up,10.038663787949295,2023-09-12,-0.5539756289222133,5.638785365853659
TMUS5194856,5.604934142857143,6.210527947214916,up,10.804655129258462,2023-09-12,-0.680478352677695,5.530049594537221
TMUS5314840,5.644936,6.140691648762811,up,8.782307696009493,2023-09-12,-0.44918944876281053,5.6915022
TMUS5435679,5.820786555555555,5.9123940065152985,up,1.5737984907264784,2023-09-12,-0.0924140065152983,5.81998
TMUS5475070,5.982000140041543,6.853482392849172,up,14.568409100732271,2023-09-12,-0.8806550149322687,5.972827377916904
TMUS5475071,6.119155925953655,5.947629122084091,down,-2.8031121603235145,2023-09-12,0.1548078779159079,6.102436999999999
TMUS5475162,5.701943002259398,6.247561561807654,up,9.56899357520856,2023-09-12,-0.533769338919317,5.713792222888337
TMUS5537477,5.713443127046337,6.399495837026847,up,12.007692992214606,2023-09-12,-0.673497968623133,5.725997868403714
TMUS5537478,5.497142651533742,6.203931304081544,up,12.857382413945597,2023-09-12,-0.6758076387156899,5.528123665365854
TMUS5584908,5.5136775252796415,6.3567958151881,up,15.291396459855486,2023-09-12,-0.8318319069269613,5.524963908261139
TMUS5584909,5.988162049180327,5.911160134485401,down,-1.285902319651926,2023-09-12,0.08200109555519397,5.993161230040595
TOIP4769001,6.787443,5.954684786658514,down,-12.269100651622209,2023-09-12,0.8402022133414864,6.794887
TOL4306079,5.985584952702703,6.224474728556822,up,3.9910848771138387,2023-09-12,-0.1091379285568248,6.115336799999997
TOL4464594,5.963139563515323,6.4640432884781776,up,8.400000027293796,2023-09-12,-0.4714557895048719,5.992587498973306
TOL4587598,6.034506743264659,6.215083725759552,up,2.9924066734442154,2023-09-12,-0.15095905005054977,6.064124675709002
TOL4882307,5.993274,6.190059802465141,up,3.283444115272233,2023-09-12,-0.17113248539197023,6.018927317073171
TOT4037305,5.523880666666665,6.232930820610325,up,12.836087466956988,2023-09-12,-0.5316436530412947,5.70128716756903
TOT4088038,5.664772303797468,6.256666683939993,up,10.448687933065534,2023-09-12,-0.544847526424852,5.711819157515141
TOT4729742,5.065307630573248,6.183186219132571,up,22.0693128648696,2023-09-12,-1.0888890865358851,5.094297132596686
TOT4797253,5.059787858766233,6.179128232965598,up,22.12227874850671,2023-09-12,-1.079321096718811,5.099807136246787
TOT4856888,5.442524293216632,6.25758129733124,up,14.975716417664236,2023-09-12,-0.7617700661639031,5.495811231167337
TOT4856889,5.086791830866807,6.171053999564675,up,21.315245536853546,2023-09-12,-1.0802370850347618,5.090816914529913
TOT4856890,5.3980455,5.955206003686681,up,10.321522923189152,2023-09-12,-0.5221034154513866,5.433102588235294
TOT4994118,5.404282325220565,5.9554740011367056,up,10.199165083286879,2023-09-12,-0.5458049014216071,5.4096690997150985
TOT5006933,5.46184052601156,6.042022932081213,up,10.622470636163449,2023-09-12,-0.5815600507755754,5.460462881305638
TOT5006934,5.4432523603773575,5.829906927417833,up,7.1033738919587766,2023-09-12,-0.3903645744766564,5.439542352941176
TPH4249632,6.270674234303823,6.284876740708272,up,0.22649089832723332,2023-09-12,-0.12683082159062486,6.158045919117647
TPH4504249,6.816784680755397,6.207710842248344,down,-8.934913849142722,2023-09-12,0.5770280653701336,6.784738907618477
TPH4997721,7.015692582366588,6.188460783828732,down,-11.79116372084263,2023-09-12,0.8375175664732524,7.025978350301984
TPLP5235198,7.118936210526316,6.148130839891627,down,-13.636944368165874,2023-09-12,1.014433160108374,7.162564000000001
TPR5303776,6.919942605177993,6.158979251561543,down,-10.99667146150957,2023-09-12,0.7770080147529903,6.935987266314533
TREE5229360,13.212496,6.216658376163887,down,-52.94864516012805,2023-09-12,10.688185623836112,16.904844
TRGP4740646,6.100254776177727,6.420173059712846,up,5.244342986860827,2023-09-12,-0.2826651529367208,6.137507906776126
TRGP4939940,6.2754988485757135,6.201728972610773,down,-1.175522101827537,2023-09-12,0.05334502738922531,6.255073999999999
TRGP4940559,6.566073311252828,6.231720133692719,down,-5.092132873190739,2023-09-12,0.3736099540781215,6.605330087770841
TRGP5084843,6.4814382424647885,6.323494124824412,down,-2.4368683574822207,2023-09-12,0.1662743186367477,6.48976844346116
TRGP5246086,6.399072816568047,6.200786448053156,down,-3.0986734203352295,2023-09-12,0.21084937178720864,6.411635819840365
TRGP5356788,6.192390833333335,6.1505726091861455,down,-0.6753162917638271,2023-09-12,0.0647997124921762,6.215372321678322
TRGP5385363,6.051116891623805,6.162546158021669,up,1.8414661027637522,2023-09-12,-0.0947221905469835,6.067823967474686
TRGP5385364,6.50020776146789,5.922775887086878,down,-8.883283359093971,2023-09-12,0.5729280198898667,6.495703906976745
TRGP5434323,5.658538,6.195097289606251,up,9.482295419881433,2023-09-12,-0.4806466324633938,5.714450657142857
TRGP5522064,6.07620495423183,6.155304136463246,up,1.3017859474329716,2023-09-12,-0.0802996364632449,6.075004500000001
TRI.GM,5.9199290000000016,6.054112688616352,up,2.2666435461700765,2023-09-12,0.12590131138364757,6.180014
TRI4071344,6.412192333333333,6.012709194965227,down,-6.230055456874248,2023-09-12,0.4433451198495888,6.456054314814816
TRI4071345,6.533112437500001,6.24212483993932,down,-4.454042393184824,2023-09-12,0.6846925955445498,6.92681743548387
TRMB4186496,6.171445416666667,6.225139142865424,up,0.8700348552666659,2023-09-12,-0.07458041405186489,6.150558728813559
TRMB4643093,5.6623090000000005,6.184888589164963,up,9.229089920118497,2023-09-12,-0.4629825891649624,5.721906000000001
TRMB5546739,6.050992339635615,6.147675783219464,up,1.5978113697243828,2023-09-12,-0.07436510665180673,6.073310676567657
TRN4166543,6.700803128279883,6.237807788739156,down,-6.90954995508993,2023-09-12,0.3638326485457988,6.601640437284955
TRP.GX,6.167034000000001,6.071795078910901,down,-1.5443229450186304,2023-09-12,0.12369892108909841,6.195493999999999
TRP.HA,6.276665115384615,6.067865518679086,down,-3.3266008758973715,2023-09-12,0.24663684078554304,6.314502359464629
TRP.HC,6.154329376205788,6.055913418884357,down,-1.5991337366818947,2023-09-12,0.10416279540135687,6.160076214285714
TRP3667908,6.032753846153845,6.099112578005085,up,1.0999741335964983,2023-09-12,-0.027171113719370865,6.071941464285715
TRP3671801,6.168980807276304,6.097310267919625,down,-1.1617889825843397,2023-09-12,0.05564892354759721,6.152959191467223
TRP4057892,5.968092902857143,6.257023751069993,up,4.841259224944842,2023-09-12,-0.3289953781886359,5.928028372881357
TRP4057896,6.220200326829267,6.016487454258224,down,-3.2750210904362547,2023-09-12,0.2350995311432369,6.2515869854014605
TRP4102582,6.00307760667996,6.154736568601656,up,2.526353511621055,2023-09-12,-0.12826225754045506,6.026474311061201
TRP4221400,6.091220399999999,6.222340222730815,up,2.1526034869927857,2023-09-12,-0.1778616513022433,6.044478571428572
TRP4329728,5.607132793418647,6.22457455914601,up,11.01172004437068,2023-09-12,-0.5902545591460102,5.63432
TRP4360557,6.144135022516557,6.2615670662808265,up,1.9112868342559781,2023-09-12,-0.1244748568961942,6.137092209384632
TRP4363411,6.555307112426036,6.004319885625819,down,-8.40520844181019,2023-09-12,0.5551087595354716,6.55942864516129
TRP4629942,5.548653957845434,6.188726141276976,up,11.535629871574919,2023-09-12,-0.6204897581600921,5.568236383116884
TRP4629943,6.183103441717791,6.075073684091504,down,-1.7471769418800849,2023-09-12,0.1377703297973838,6.212844013888888
TRP4629944,6.191792422434367,5.964295282877454,down,-3.6741725826052543,2023-09-12,0.2246747171225465,6.18897
TRP4731909,6.188900253246752,5.953508384793998,down,-3.8034522907242754,2023-09-12,0.21135567267726696,6.164864057471265
TRP4973589,5.750883056910569,6.169091811357448,up,7.272078919155504,2023-09-12,-0.41496264206197075,5.754129169295477
TRP5277560,5.97419116235504,6.2330557524925485,up,4.33304832574965,2023-09-12,-0.1893122524925479,6.043743500000001
TRP5277561,5.821645282732063,6.175853763121486,up,6.084336354879995,2023-09-12,-0.32578445113801546,5.850069311983471
TRP5552761,5.794682039048399,6.245146941949981,up,7.7737639419393805,2023-09-12,-0.4097231603173306,5.835423781632651
TRV.GD,5.359881256410257,6.085352637973743,up,13.535213689591416,2023-09-12,-0.6758009713070745,5.409551666666668
TRV3703446,5.185108860478692,6.1611341782693785,up,18.8236224938309,2023-09-12,-0.9213737483873334,5.239760429882045
TRV3703965,5.219543474358974,6.2363107517476974,up,19.48000399620381,2023-09-12,-0.9911238946048417,5.245186857142856
TRV4034143,,no data prior to target date,N/A,N/A,,N/A,5.573985
TRV5197286,5.307976805209512,5.952884137772775,up,12.149776764855453,2023-09-12,-0.660374637772775,5.2925094999999995
TRV5591548,5.4550856822857146,5.979542762519627,up,9.614094274210593,2023-09-12,-0.509268937240817,5.47027382527881
TSCO5070660,5.628944,6.159702338103797,up,9.42909252790216,2023-09-12,-0.5251554253521187,5.634546912751678
TSCO5581291,5.7230588737541535,6.164683505562319,up,7.716583763159393,2023-09-12,-0.44094075367315,5.723742751889169
TSLA4830349,167.785696,6.232491070492146,down,-96.28544553017669,2023-09-12,163.90520092950783,170.137692
TSLX4903870,6.351276333333334,6.227650942890419,down,-1.9464653079900367,2023-09-12,0.27882936480188825,6.506480307692307
TSM5285156,5.359611306532664,6.23250692843053,up,16.286547138855386,2023-09-12,-0.8236795692044252,5.4088273592261045
TSM5285157,5.23152187037037,6.160587323089657,up,17.7589901321298,2023-09-12,-0.9112263230896556,5.249361000000001
TSM5285158,5.444111,6.037776430521626,up,10.904726786827563,2023-09-12,-0.7262041696520614,5.311572260869565
TSM5399897,5.165683,6.200609571292062,up,20.034651202794716,2023-09-12,-1.006834571292062,5.193775
TSM5399898,5.0907145,6.181772003730366,up,21.432305892038652,2023-09-12,-0.9920550037303659,5.189717
TSM5399900,5.0748477,5.923891531873225,up,16.73042979936569,2023-09-12,-0.8329567520567105,5.090934779816514
TSN.GK,6.857289000000001,6.191673736458433,down,-9.70668238631284,2023-09-12,-0.608933403125099,5.582740333333334
TSN3702568,5.960700541666667,6.141355839444006,up,3.030772918627878,2023-09-12,-0.21831283944400592,5.923043
TSN4152376,5.6776803122529635,6.138656785273199,up,8.119098780982876,2023-09-12,-0.4365937852731987,5.702063
TSN4152380,5.91401821615541,7.3693054158531215,up,24.607418281571785,2023-09-12,-1.4764985173156457,5.892806898537476
TSN4499905,5.50110505511811,6.2019476626781005,up,12.74003314857515,2023-09-12,-0.6360647310072398,5.565882931670861
TSN4499906,6.249122872727273,5.9751169024904796,down,-4.384710875707438,2023-09-12,0.31938609750952107,6.294503000000001
TSN4720756,6.314847262295082,5.969399622832138,down,-5.470403718638695,2023-09-12,0.28289171442127525,6.252291337253413
TSN4798432,5.649729359965388,6.231976819898829,up,10.305758432595228,2023-09-12,-0.5284401324273027,5.7035366874715265
TSN4798433,5.643543227002968,6.1940282357456145,up,9.754244569417155,2023-09-12,-0.5174983629385972,5.676529872807017
TSS4344610,5.868847236080179,6.221758249118439,up,6.01329356246748,2023-09-12,-0.28714033245177273,5.934617916666666
TSS4631848,6.065366363636364,6.187916220177828,up,2.020485642486276,2023-09-12,-0.21780522017782822,5.970111
TSTG4302937,5.928313818181818,6.232103534455075,up,5.124386555609642,2023-09-12,0.368918465544926,6.601022000000001
TTC.GB,5.993130636363637,6.200766483948348,up,3.4645640180921333,2023-09-12,-0.06991848394834754,6.130848
TTCH5543232,5.3715389999999985,6.13603277101955,up,14.232304205918478,2023-09-12,-0.6899453037538246,5.446087467265725
TTWO5394666,5.872595126091173,6.228505508337625,up,6.060529878267764,2023-09-12,-0.34073081268545113,5.8877746956521735
TTWO5394667,5.687548062745098,6.14563809060963,up,8.054262096968284,2023-09-12,-0.46202416834072224,5.683613922268908
TTWO5394669,6.01792123518851,6.240774890428415,up,3.703166700434954,2023-09-12,-0.11809289042841442,6.122682
TTWO5394670,5.472066965183753,6.206194696446826,up,13.415912779101397,2023-09-12,-0.713308696446826,5.492886
TTWO5570095,5.650763,6.213028128296665,up,9.950251466866773,2023-09-12,-0.554975610326264,5.658052517970401
TTWO5570096,5.413663895131085,6.19274655632862,up,14.391042301281805,2023-09-12,-0.6958571964917182,5.496889359836902
TUPE4867564,5.2970136666666665,5.18639685643383,down,-2.088286290989432,2023-09-12,0.16573514356617114,5.352132000000001
TV.GL,6.002624,6.148261163875059,up,2.426224995519611,2023-09-12,-0.15226551081383377,5.995995653061225
TV.GS,6.540093,6.225122488618209,down,-4.815994380841234,2023-09-12,0.2998765113817914,6.524999
TV4313241,6.5253596,6.000042374111709,down,-8.050395044715858,2023-09-12,0.5371746258882899,6.537216999999999
TV4837441,,no data prior to target date,N/A,N/A,,N/A,6.298065
TWI5164245,8.494381626680456,6.210698442929697,down,-26.884631325932144,2023-09-12,2.2874179688350083,8.498116411764705
TWLO5144192,6.714449602379772,6.190591067152747,down,-7.801957960059099,2023-09-12,0.5472144592829862,6.737805526435733
TWLO5144193,6.699832281810655,6.197404970123756,down,-7.499102821587582,2023-09-12,0.5658163575328379,6.763221327656594
TWO5120283,9.700587400000002,6.219070500771169,down,-35.88975343110493,2023-09-12,3.7638044752350233,9.982874976006192
TWX.AA,6.880871666666667,6.161105463583031,down,-10.460392780909338,2023-09-12,0.4195418893581442,6.580647352941175
TWX.AJ,,no data prior to target date,N/A,N/A,,N/A,6.350414
TWX.AU,,no data prior to target date,N/A,N/A,,N/A,7.700516000000002
TWX4080538,,no data prior to target date,N/A,N/A,,N/A,6.806776400000001
TWX4253758,7.135304999999999,6.221079974039757,down,-12.812697228222792,2023-09-12,0.9506992962305141,7.171779270270271
TWX4432055,6.413114,6.203537281356131,down,-3.2679400154725,2023-09-12,0.6953710519772018,6.898908333333333
TXHT4883531,,no data prior to target date,N/A,N/A,,N/A,5.5344405000000005
TXN4558799,4.947611207213337,6.211829063856249,up,25.55208571764397,2023-09-12,-1.2651290638562491,4.9467
TXN4628401,5.250186679802956,5.967144577540813,up,13.655855333600526,2023-09-12,-0.6996419993649168,5.267502578175896
TXN4805020,5.2849385,6.068469028659426,up,14.825726518093377,2023-09-12,-0.7914880286594261,5.276981
TXN4876661,4.899907,6.175287759634542,up,26.02867278163733,2023-09-12,-1.2373787596345416,4.937909
TXN4961574,5.409812212415131,6.2540260549333455,up,15.605233774673433,2023-09-12,-0.8027097794842435,5.451316275449102
TXN4980385,4.8851265,6.169316907003284,up,26.287761575944536,2023-09-12,-1.2806020526268327,4.888714854376452
TXN5254453,4.882879,6.213831061590003,up,27.25752699565161,2023-09-12,-1.1862248711138133,5.02760619047619
TXN5254617,4.852685138859557,6.162879629092864,up,26.999371538480236,2023-09-12,-1.2879829875834297,4.874896641509435
TXN5461341,5.0212272,6.148992354981117,up,22.45995072641041,2023-09-12,-1.0813752429811165,5.067617112000001
TXN5461342,5.2656811569999995,5.92876160241158,up,12.592491372746832,2023-09-12,-0.6537366024115796,5.275025
TXN5503233,4.821540029411764,6.196390400486993,up,28.514755922143877,2023-09-12,-1.2953582293054362,4.901032171181557
TXN5503261,5.3662502,6.229033702411681,up,16.0779589146194,2023-09-12,-1.030245354263533,5.198788348148148
TXN5552752,5.039526477842004,6.144391493355107,up,21.923984730926975,2023-09-12,-1.075970610958838,5.068420882396269
TXN5552772,5.31925413986014,5.919261714017912,up,11.279919296609275,2023-09-12,-0.5802602162347599,5.339001497783152
TXN5586961,5.439340904761905,5.7982717269739865,up,6.598792546682509,2023-09-12,-0.3297379687766524,5.468533758197334
TXT4092088,6.116161000000001,6.2762955498417226,up,2.6182199886778927,2023-09-12,0.7274861168249425,7.003781666666665
TXT4540755,5.571022,6.192606085105273,up,11.157451632847124,2023-09-12,-0.6613366851052733,5.531269399999999
TXT4829085,5.535462695652175,6.176305029363945,up,11.577032832596261,2023-09-12,-0.5657030293639451,5.610602
TXT4964877,5.556036999999999,6.1747912141601935,up,11.13661075619537,2023-09-12,-0.5805798062654564,5.594211407894737
TXT5025275,5.5734494667378165,6.1741683027918555,up,10.778223425889324,2023-09-12,-0.599013612772028,5.575154690019827
TYC4440537,5.929311,5.785424250677507,down,-2.4267026864081362,2023-09-12,0.1682995826558269,5.953723833333334
TYC4440898,5.7702335882352935,6.1062427607890895,up,5.823146800137728,2023-09-12,-0.22774876078908957,5.878494
TYC4440901,5.618426189873417,6.224493831557041,up,10.787142541375607,2023-09-12,-0.5211184565570406,5.703375375
TYC5042748,5.2990733080568715,6.170159718950827,up,16.43846688381399,2023-09-12,-0.8443745356174928,5.325785183333334
TYC5258164,5.454855753097346,6.1656793952678415,up,13.031025463265092,2023-09-12,-0.7834403952678413,5.382239
TYC5472079,5.189478,6.140002344461986,up,18.316376800556544,2023-09-12,-0.8719953444619861,5.268007
TYL5387783,1.0627609999999998,6.214997187180118,up,484.7972580081616,2023-09-12,-4.507520571795502,1.7074766153846157
UA4372319,6.64451248992248,6.219326856551989,down,-6.399049351105241,2023-09-12,0.4590048892107239,6.678331745762713
UAL4447846,6.75389108884688,6.247598225217526,down,-7.496313709669184,2023-09-12,0.5399488222572195,6.787547047474746
UAL4831604,6.698506726368159,6.241585866107457,down,-6.821234626249878,2023-09-12,0.5553173764609145,6.796903242568371
UAL4880184,4.702908761993945,6.2245125206766545,up,32.35452431013307,2023-09-12,-1.4547890033059705,4.769723517370684
UAL5065187,5.9260688126519945,6.2925805813373765,up,6.184736969352929,2023-09-12,-0.37559956583735943,5.916981015500017
UAL5117903,5.693531,6.202063028674166,up,8.93175129237315,2023-09-12,-0.4752400497151408,5.726822978959025
UAL5602563,5.880238945812807,6.110636334329886,up,3.9181637113767285,2023-09-12,-0.24865124902182867,5.861985085308057
UBS.KG,6.006677066666669,6.289789182953219,up,4.713290112725485,2023-09-12,-0.28269518295321827,6.007094
UBS.KM,7.146466448275862,6.223059819952654,down,-12.92116369686429,2023-09-12,0.23788718004734566,6.460947
UBS5603698,6.234740129629629,6.3016814827955745,up,1.0736831331239767,2023-09-12,-0.05411148916500075,6.247569993630574
UBS5603756,5.999814187274243,6.254620911196998,up,4.24691025370763,2023-09-12,-0.17562077715819768,6.0790001340388
UBS5603764,5.968364386530014,6.038499589118478,up,1.1751159622015002,2023-09-12,-0.025775671991406846,6.012723917127071
UBS5636518,5.828018666666667,6.211104565101405,up,6.573175556656966,2023-09-12,-0.3599466955361885,5.851157869565217
UBS5644402,5.76526756060606,6.213353601800443,up,7.77216384988174,2023-09-12,-0.43412760180044163,5.779226000000001
UBS5644406,5.706108249999999,6.230069511812225,up,9.182462702354552,2023-09-12,-0.5392777948310936,5.690791716981131
UBS5647339,5.672554088772845,6.401622049343788,up,12.852551939767649,2023-09-12,-0.699238681767544,5.702383367576244
UBS5647342,5.807685477272727,6.245962631093924,up,7.546502914737914,2023-09-12,-0.4130781644272572,5.832884466666667
UDCS5502701,7.000718,6.195873793014649,down,-11.496595163315403,2023-09-12,0.8581812069853507,7.054055
UDR4505473,5.5710265,6.206307753666656,up,11.40330697882438,2023-09-12,-0.5783077536666559,5.628
UDR4852435,5.649925179487179,6.174603386097925,up,9.286462916635793,2023-09-12,-0.5276327441013668,5.646970641996558
UDR4868970,5.693403775609757,6.157456010834916,up,8.150699537825412,2023-09-12,-0.4453150167656599,5.712140994069256
UDR4893688,5.834352,6.119269814795098,up,4.883452606135148,2023-09-12,-0.2652688147950979,5.854001
UGI4375231,7.760239650988145,6.239554646381458,down,-19.595851069020163,2023-09-12,1.541090222899589,7.780644869281047
UGI4436627,7.070387412407335,6.253999352858111,down,-11.546581706634647,2023-09-12,0.721909229857939,6.97590858271605
UGI4453509,7.899759481481482,6.219559763606593,down,-21.268998401958843,2023-09-12,1.6278473547780106,7.847407118384604
UHS5507484,6.26695,6.165897056670094,down,-1.6124740636179624,2023-09-12,0.0818126712451015,6.247709727915195
UHS5507485,5.937031957446808,6.212369597085052,up,4.637631085897872,2023-09-12,-0.23702656683531664,5.975343030249736
UHS5507486,6.257589255141745,6.191004043995228,down,-1.0640712969743935,2023-09-12,0.07303995600477187,6.264044
UL3668891,5.148108039603961,6.2095028211858105,up,20.61718156294758,2023-09-12,-0.9636263211858109,5.2458765
UMASS5423602,5.973028,5.94910003139167,down,-0.4006003087266629,2023-09-12,-0.014310778964485849,5.934789252427184
UN3702590,4.898985,6.1417795423715775,up,25.36840881063277,2023-09-12,-1.2185928757049105,4.923186666666667
UN4274272,5.202316999999999,6.228159409795962,up,19.7189523398125,2023-09-12,-1.015768632895666,5.212390776900296
UN4387513,4.931471000000001,6.2179812592111885,up,26.087758788628935,2023-09-12,-1.1913612592111882,5.02662
UN4491967,5.535073,6.238680515881546,up,12.711801919894214,2023-09-12,-0.6147024226745952,5.623978093206951
UN4611982,5.360431,6.231466554843581,up,16.249356718584398,2023-09-12,-0.870356269129295,5.361110285714286
UN4611983,4.893408,6.199411326722156,up,26.689034037671817,2023-09-12,-1.2207109141347425,4.978700412587413
UN5042800,4.966007,6.168428269415498,up,24.213040163163242,2023-09-12,-1.1621122418731256,5.006316027542373
UN5237345,5.58227,6.238102423786757,up,11.748489839917399,2023-09-12,-0.5300884237867569,5.708014
UN5647196,4.977339946257198,6.200740061523701,up,24.579396393980723,2023-09-12,-1.19173462848127,5.009005433042431
UN5647197,5.057922257785467,6.453108439458097,up,27.584176081889606,2023-09-12,-1.3541868605267924,5.0989215789313045
UNH.GR,5.357359265895953,6.130916420345759,up,14.43915026147566,2023-09-12,-0.7647790465800988,5.36613737376566
UNH.HC,5.39077251851852,6.08681569977261,up,12.911752051547806,2023-09-12,-0.6505808933209982,5.436234806451612
UNH.HJ,5.399966694214875,6.092755008685042,up,12.829492359876395,2023-09-12,-0.6920400086850416,5.400715000000001
UNH.HK,5.456846,6.088696977671516,up,11.579050932929318,2023-09-12,-0.6341215346217721,5.454575443049744
UNH.HM,5.529428,6.05516988430774,up,9.508069990381282,2023-09-12,-0.5728676642305199,5.48230222007722
UNH.HO,5.609065,6.051005781802803,up,7.87904547019517,2023-09-12,-0.44590204686304613,5.605103734939757
UNH.HR,5.455674842857144,6.0531256899706705,up,10.95099807672263,2023-09-12,-0.569804356637337,5.4833213333333335
UNH3827956,5.441157250000001,6.039417709840336,up,10.995095939201818,2023-09-12,-0.6404087098403357,5.399009
UNH3975557,5.46115809623431,6.0346056705458695,up,10.500475617195102,2023-09-12,-0.5736756506123157,5.460930019933554
UNH4270155,5.148408839506173,6.118997223265572,up,18.852201020082468,2023-09-12,-0.9334498191994989,5.185547404066073
UNH4270156,5.46201462264151,6.001046244663069,up,9.868732679460965,2023-09-12,-0.5351590377665163,5.465887206896553
UNH4270158,5.330200699947034,6.26712917778187,up,17.57773357097315,2023-09-12,-0.9380527306318989,5.329076447149971
UNH4337817,5.1521136124031,6.220392959884486,up,20.734778536514238,2023-09-12,-0.9830840466769386,5.237308913207547
UNH4437455,5.079231266584767,6.2172366960023675,up,22.405072139642623,2023-09-12,-1.1319355515579232,5.085301144444444
UNH4465282,5.112104858075384,6.2319739669187975,up,21.906223364616675,2023-09-12,-1.1204319669187974,5.111542
UNH4465283,5.478595,5.981798813501936,up,9.18490623055612,2023-09-12,-0.4465281733345714,5.535270640167365
UNH4555098,5.124070908234843,6.258025691097121,up,22.12995883878014,2023-09-12,-1.1153331149198351,5.142692576177286
UNH4555101,5.388234023076923,5.97900940290099,up,10.964174482657453,2023-09-12,-0.5451624029009912,5.433846999999999
UNH4645621,5.011051276845638,6.199120765466573,up,23.70898685692162,2023-09-12,-1.1627347516734687,5.036386013793105
UNH4645622,5.491519,5.969158992795257,up,8.697775475150985,2023-09-12,-0.5031536224248869,5.46600537037037
UNH4779902,5.631952212634515,6.297201518374375,up,11.812055227447837,2023-09-12,-0.6086633047821408,5.688538213592234
UNH4779903,5.236449666666666,6.221455520745436,up,18.81056663924335,2023-09-12,-0.8973521503750641,5.324103370370372
UNH4779904,4.916140224733553,6.21737557888676,up,26.468637888044217,2023-09-12,-1.2433631388867603,4.97401244
UNH4862952,5.648650080598255,6.262575334404582,up,10.868530446150517,2023-09-12,-0.6785377002852018,5.5840376341193805
UNH4862953,5.0034007196261685,6.188577702589965,up,23.687428798474247,2023-09-12,-1.122370702589965,5.066207
UNH4862954,5.352569,6.067769426374425,up,13.3618160994174,2023-09-12,-0.705060137912886,5.362709288461539
UNH4862955,5.398043,5.955334733265641,up,10.323958761826098,2023-09-12,-0.4706497332656401,5.484685000000001
UNH4862956,5.476467910958903,5.8454948100870086,up,6.738410689664579,2023-09-12,-0.36769909619055063,5.477795713896458
UNH4987615,5.267225819587629,6.228608131400559,up,18.252156728078106,2023-09-12,-0.9497593487918641,5.278848782608695
UNH4987616,5.154285950342466,6.177919193450112,up,19.85984582480592,2023-09-12,-1.0351732950990842,5.142745898351028
UNH4987617,5.417876891525424,6.062481968605244,up,11.897743156329438,2023-09-12,-0.6356831469269224,5.426798821678322
UNH4987618,5.403496471636953,5.960794979306117,up,10.313664690898449,2023-09-12,-0.5792081338004991,5.381586845505618
UNH5186800,5.719600649360421,6.246276240962414,up,9.208258126568456,2023-09-12,-0.5405824287094498,5.705693812252965
UNH5186801,5.159263929347826,6.2185120644672836,up,20.530993366981225,2023-09-12,-1.0268946728774644,5.191617391589819
UNH5186802,5.06732298139535,6.162786629410945,up,21.618192723013408,2023-09-12,-1.0889686801921963,5.073817949218749
UNH5186803,5.388454,6.0482431836799035,up,12.24449876866172,2023-09-12,-0.637067154470282,5.411176029209622
UNH5186804,5.399330314456459,6.034146547535714,up,11.757314261355042,2023-09-12,-0.631929755303613,5.402216792232101
UNH5415940,5.067139903863432,6.224030072066962,up,22.831226098996417,2023-09-12,-1.0948786514632882,5.129151420603674
UNH5415941,5.07357989617613,6.207055482820073,up,22.340745781853638,2023-09-12,-1.1226541026468295,5.084401380173244
UNH5415942,5.151485302112676,6.157241980930819,up,19.523625126246053,2023-09-12,-0.9876956729688029,5.169546307962016
UNH5415943,5.5038580234375,5.927749442294261,up,7.701714271183446,2023-09-12,-0.4399270076912325,5.487822434603029
UNH5415944,5.542177279122542,5.827481327338332,up,5.147869399460295,2023-09-12,-0.25156435670829946,5.575916970630033
UNH5494732,5.180858416578108,6.239749453106558,up,20.438524881130313,2023-09-12,-1.02913503422036,5.210614418886198
UNH5494733,5.208932053668037,6.24912550123908,up,19.969418622739706,2023-09-12,-1.0110574390031974,5.238068062235882
UNH5494734,4.961212755778007,6.235083320749455,up,25.676596180799795,2023-09-12,-1.247665604400523,4.987417716348932
UNH5494735,5.078909212225168,6.246357737618926,up,22.986205829071643,2023-09-12,-1.108872386959546,5.13748535065938
UNH5494736,5.1887928366225395,6.3697753863475155,up,22.760256323775195,2023-09-12,-1.1860240382930964,5.183751348054419
UNH5494737,5.540037076434468,5.99579786784154,up,8.226674029777357,2023-09-12,-0.4497997994449072,5.545998068396632
UNH5494738,5.654126808080807,5.807235548678535,up,2.7079113326377207,2023-09-12,-0.15089837627853608,5.656337172399999
UNH5559763,5.0869081894223545,6.231692198557435,up,22.504514854730985,2023-09-12,-1.1447332927940375,5.086958905763398
UNH5559764,5.18598840330349,6.320326740838318,up,21.873136793214794,2023-09-12,-1.1248424399341594,5.195484300904159
UNH5559765,5.506942673862549,5.955856797655665,up,8.151784944553434,2023-09-12,-0.432074115472993,5.523782682182672
UNH5559766,5.619475097276266,5.83150692170159,up,3.7731606734603194,2023-09-12,-0.21972937475323473,5.611777546948355
UNM.GD,7.476562,6.087713279710258,down,-18.576034282732383,2023-09-12,1.400615720289741,7.488328999999999
UNM3891621,6.696561315789474,6.039593886950755,down,-9.810519128521825,2023-09-12,0.6519906795773105,6.691584566528065
UNM4307731,5.665086,6.223245106339152,up,9.852614882442252,2023-09-12,-0.5538361063391521,5.669409
UNM4845259,5.80796,6.184323984292152,up,6.480140777349573,2023-09-12,-0.29731798429215317,5.887005999999999
UNM4880674,6.603719296672828,5.964693283624751,down,-9.676759176757255,2023-09-12,0.7117299163752495,6.6764232
UNM5200482,6.595266231481482,5.996161980778667,down,-9.083852412857622,2023-09-12,0.5809461565112155,6.5771081372898825
UNP.HG,4.946832,6.190934655521772,up,25.149482649133283,2023-09-12,-1.1849196555217727,5.006015
UNP4085873,5.963896541087231,6.260385650636779,up,4.9713992774176745,2023-09-12,-0.07966584397011367,6.180719806666666
UNP4087572,5.898219774193549,6.245317677141837,up,5.884790940936843,2023-09-12,-0.2812806771418366,5.964037
UNP4153425,5.870291807017543,6.008864061299041,up,2.3605684152846385,2023-09-12,-0.12869939463237579,5.880164666666666
UNP4153427,5.472043968641116,6.237330075930595,up,13.985379351392973,2023-09-12,-0.835990218787737,5.401339857142858
UNP4259435,5.371704586206895,6.241660758335435,up,16.195160366084828,2023-09-12,-0.874496758335435,5.367164
UNP4305344,6.018028,5.775289935947714,down,-4.033515032703176,2023-09-12,0.3008493140522859,6.07613925
UNP4340157,5.239504670886077,6.22185878354263,up,18.748988203314703,2023-09-12,-0.9139326628136999,5.30792612072893
UNP4432255,5.351696809194268,5.966839484521525,up,11.49434837695657,2023-09-12,-0.6299904845215245,5.336849000000001
UNP4479858,5.095583308690745,6.217565316196951,up,22.018715808111995,2023-09-12,-1.1076051161969511,5.1099602
UNP4541209,5.3310835,6.091461671049806,up,14.263107509942502,2023-09-12,-0.6930496710498053,5.398412
UNP4641649,4.993516885730369,6.211823472787348,up,24.397766442693936,2023-09-12,-1.1934486780853613,5.0183747947019866
UNP4641664,5.671943,6.084244819784577,up,7.269146036632904,2023-09-12,-0.4651470718854176,5.6190977478991595
UNP4641667,5.432382813990461,6.23101942688295,up,14.701405262451212,2023-09-12,-0.7519033028750135,5.479116124007937
UNP4797186,5.943440708333333,6.244274399539233,up,5.061608350598986,2023-09-12,-0.4419823380638226,5.80229206147541
UNP4797257,4.995519225490196,6.192024186792889,up,23.951563537127274,2023-09-12,-1.184867882030984,5.007156304761905
UNP4866170,5.513770434782608,5.8491497016883764,up,6.0825758140036035,2023-09-12,-0.35418070168837623,5.494969
UNP4915331,5.44554552293578,5.848244863199027,up,7.395022933278968,2023-09-12,-0.41237253128413354,5.435872331914894
UNP4943699,5.1077913666666666,6.210566229309365,up,21.590052989230983,2023-09-12,-1.0684662293093652,5.1421
UNP4943700,5.146258707317073,6.184834488418257,up,20.1811809348899,2023-09-12,-1.04202505639606,5.142809432022197
UNP4943701,5.351249737265416,5.954252656486725,up,11.268450340152768,2023-09-12,-0.5950737975910192,5.359178858895706
UNP4943702,5.4355076,5.740225282104659,up,5.606057511623369,2023-09-12,-0.2682402821046592,5.471985
UNP5043884,5.456953,5.812947187104902,up,6.5236806530109614,2023-09-12,-0.39204218710490135,5.420905
UNP5186779,5.067727406593407,6.163332177069663,up,21.619252232288808,2023-09-12,-1.0754151161060443,5.087917060963619
UNP5254434,5.3198289999999995,5.929244976195902,up,11.455555736770904,2023-09-12,-0.6148695727624247,5.314375403433477
UNP5275937,5.4928512,5.715978166145114,up,4.062133817590303,2023-09-12,-0.21136566614511398,5.5046125
UNP5278371,5.32099,6.1077791938053245,up,14.786518933606798,2023-09-12,-0.7853948604719916,5.322384333333333
UNP5359451,5.3529826829268305,5.919898379704168,up,10.590650677527831,2023-09-12,-0.5924243895080901,5.327473990196078
UNP5359456,5.1031961842105265,6.155566460240509,up,20.621787562979733,2023-09-12,-1.0224238588891579,5.133142601351351
UNP5472066,5.1136115792728924,6.180879766991843,up,20.87112349410603,2023-09-12,-1.0750055274818742,5.105874239509969
UNP5541153,5.10204,6.221669491109805,up,21.944741536910826,2023-09-12,-1.0726069431596734,5.149062547950131
UNSR.AA,5.684316,5.262430382148235,down,-7.421924077615757,2023-09-12,0.35444361785176604,5.616874000000001
UNSR5162921,5.245087,5.937083507818543,up,13.193232215567507,2023-09-12,-0.6871340078185426,5.2499495000000005
UOCH5038080,4.911963909090909,5.953108487782283,up,21.196095858205638,2023-09-12,-1.0475195860481792,4.905588901734104
UPS.GB,4.763133857142857,6.177331655711351,up,29.6904903574722,2023-09-12,-1.538107655711351,4.639224
UPS.QD,5.169463953488373,6.08991921973106,up,17.805623068936587,2023-09-12,-0.8955152723173585,5.194403947413702
UPS4416837,4.886621428571428,6.214480118515687,up,27.173348894605283,2023-09-12,-1.2474878385156867,4.96699228
UPS4564424,5.547735532019705,6.23754489496846,up,12.434070783789208,2023-09-12,-0.637689561848255,5.599855333120205
UPS4564425,4.91772843038706,6.2124695256055436,up,26.328031601301312,2023-09-12,-1.2565087988924386,4.955960726713105
UPS4564426,5.274801285371702,5.987697257913879,up,13.515124721744678,2023-09-12,-0.7067362579138798,5.280961
UPS4808741,4.890468624113473,6.191085961460296,up,26.594942884079835,2023-09-12,-1.2847995664854217,4.906286394974875
UPS4871926,5.1651004375,5.963688450075979,up,15.461229113339561,2023-09-12,-0.8042544500759785,5.159434
UPS4872009,5.407120472924188,6.240375586832134,up,15.410330102323751,2023-09-12,-0.6474796843931099,5.592895902439024
UPS4872010,4.841319584541063,6.184004962452429,up,27.73387202527855,2023-09-12,-1.3058084624524282,4.8781965000000005
UPS4969028,5.399086392025995,6.5195566635065205,up,20.752960595988377,2023-09-12,-1.1170860925057715,5.402470571000749
UPS4969029,4.843847066616767,6.191329148883587,up,27.818427455183524,2023-09-12,-1.3355823406338647,4.855746808249722
UPS4969031,5.306459722222223,6.0645967904877445,up,14.287059696140151,2023-09-12,-0.7535967904877445,5.311
UPS4969032,5.354448,5.952379966003856,up,11.16701415353845,2023-09-12,-0.6232286326705223,5.329151333333334
UPS5547103,5.069332917111914,6.259772387195468,up,23.48315822906671,2023-09-12,-1.1862793664380016,5.073493020757466
UPS5547104,5.35653975609756,5.923881031177398,up,10.591562854247668,2023-09-12,-0.5824939243557274,5.341387106821671
URI4418495,6.205703084041549,6.220797555989987,up,0.2432354842637358,2023-09-12,0.0541652750204662,6.274962831010453
URI4525896,6.2853995230821464,6.250842545106758,down,-0.5497976357506462,2023-09-12,0.03135093726324101,6.282193482369999
URI4827726,6.456985092724679,6.186877518950474,down,-4.183184100557169,2023-09-12,0.3053004101149632,6.492177929065437
URI4900993,6.162131175203528,6.335158103187562,up,2.8079072493668518,2023-09-12,-0.09409734232613953,6.241060760861423
URI4949912,6.376268631318573,6.287598906952439,down,-1.390620902177976,2023-09-12,0.1358516953867417,6.423450602339181
URI5024593,6.472141350922722,6.186353405111905,down,-4.415662920743721,2023-09-12,0.3101511151978178,6.496504520309723
URI5232282,6.409116698215962,6.186498468070176,down,-3.4734619547145162,2023-09-12,0.2374971513988502,6.423995619469026
USAC4609644,7.310612261338124,6.271533510927145,down,-14.21329313149468,2023-09-12,1.2123978645421891,7.483931375469334
USAC4800990,7.777152472295514,6.212241804384552,down,-20.121897744523203,2023-09-12,1.546161195615448,7.758403
USB4093677,5.289748562573099,6.26522233666496,up,18.44083442819371,2023-09-12,-0.2645023811094056,6.000719955555555
USB4162475,5.915819314285715,6.269830988118123,up,5.984152913148131,2023-09-12,-0.2502273971146627,6.01960359100346
USB4355982,5.79270877037037,6.22721152425247,up,7.500856181560101,2023-09-12,-0.44116477225246964,5.786046752000001
USB4384830,5.5126305535248035,6.227128174198677,up,12.961101124707522,2023-09-12,-0.6525519870641725,5.574576187134505
USB4487679,5.522610595446585,6.213221490682903,up,12.505152831266608,2023-09-12,-0.6399875829575814,5.573233907725322
USB4625582,5.594513339506173,6.20066084769046,up,10.834678038997977,2023-09-12,-0.611615986480496,5.589044861209964
USB4767837,5.486215112244898,6.226809555739018,up,13.499187114284993,2023-09-12,-0.6453162224056852,5.5814933333333325
USB4792226,5.982817081221199,6.265694018205541,up,4.728156203742759,2023-09-12,-0.23161879685777986,6.034075221347761
USB4863384,5.796645407194245,6.2486900880703615,up,7.798384222624372,2023-09-12,-0.3515104559715958,5.897179632098766
USB4863434,6.025514945215487,6.200148402641399,up,2.898232914758242,2023-09-12,-0.14975477890490563,6.050393623736493
USB4937987,5.822959392156863,6.251000824469487,up,7.3509259379202705,2023-09-12,-0.34332703414690613,5.907673790322581
USB4986108,5.617115742191142,6.244222447954311,up,11.164211929137577,2023-09-12,-0.5394424278240573,5.704780020130253
USB5016389,5.885787669677203,6.207386298961996,up,5.463986255257328,2023-09-12,-0.31919570679171905,5.888190592170277
UTX.GG,5.311493481880929,6.235374841830982,up,17.394003458757588,2023-09-12,-0.8448691325883635,5.3905057092426185
UTX.GS,5.590704474392607,6.267331355369919,up,12.102712351842266,2023-09-12,-0.6524210084311441,5.614910346938775
UTX.GW,5.82559010367893,6.094458898966898,up,4.615305754487832,2023-09-12,-0.1790188989668966,5.915440000000001
UTX3860975,5.760382905895163,6.148894083170337,up,6.744537361875231,2023-09-12,-0.38491793308601885,5.763976150084318
UTX4420965,5.768983,5.993754966301089,up,3.8962147453214637,2023-09-12,-0.16845863958413876,5.82529632671695
UTX4420969,5.3690555,6.305565883296907,up,17.442739850554855,2023-09-12,-0.8575989785350036,5.447966904761904
UTX4479406,6.104859333333333,6.212557972416715,up,1.7641461203755038,2023-09-12,-0.05528682955957187,6.157271142857143
UTX4491524,5.370074977375565,6.211871411154197,up,15.67569237534241,2023-09-12,-0.8223161987928655,5.389555212361332
UTX4491527,5.652291,5.9875488186047505,up,5.931361612570028,2023-09-12,-0.29345065404322135,5.694098164561529
UTX4666714,5.755884542372881,6.087693950733448,up,5.764698821143795,2023-09-12,-0.316339787015969,5.771354163717479
UTX4666715,5.679135426966292,5.978960079208176,up,5.279406629717324,2023-09-12,-0.3074830792081764,5.671476999999999
UTX4666718,5.566004330037083,6.2345273092537,up,12.010823915621396,2023-09-12,-0.6324314597949714,5.6020958494587285
UTX4666720,5.308911623111783,6.200935669064665,up,16.8023901936802,2023-09-12,-0.8502432868369247,5.350692382227741
UTX4988356,5.413191743093922,6.179428290189897,up,14.154986253230902,2023-09-12,-0.7300731438811718,5.449355146308725
UTX4988358,5.588332,5.952136682621135,up,6.510076398845572,2023-09-12,-0.36872882215601877,5.583407860465116
UTX5077957,5.7439465,5.959257064638046,up,3.7484778912555368,2023-09-12,-0.219500392506899,5.739756672131147
UTX5077958,5.842458,6.0663918324220445,up,3.8328702135649895,2023-09-12,-0.21745801986879254,5.848933812553252
UTX5077959,5.466778265968964,6.195178523812236,up,13.324122955152742,2023-09-12,-0.6641035890650899,5.531074934747146
UTX5077960,5.535993825327512,6.214688639633326,up,12.259674337076454,2023-09-12,-0.6690821819706256,5.5456064576627
UTX5077961,5.917371251379039,6.250051250605971,up,5.622091045063316,2023-09-12,-0.3486252563404628,5.901425994265508
UTX5077963,5.540612935096153,6.177882163526511,up,11.5017821294405,2023-09-12,-0.6146029282323919,5.563279235294119
UTX5078898,5.879034161818627,6.292002366338587,up,7.024422603324562,2023-09-12,-0.4492394948566094,5.842762871481978
UTX5078899,5.90378482722513,6.251260886776023,up,5.885649116961663,2023-09-12,-0.48536448677602273,5.7658964
UTX5088067,,no data prior to target date,N/A,N/A,,N/A,5.909474735849056
UTX5088068,5.859238333333334,6.062640590274503,up,3.4714794887930993,2023-09-12,-0.1916185902745049,5.871021999999998
UTX5088698,5.43309727931596,6.253980996084108,up,15.108945681743794,2023-09-12,-0.8033931930629601,5.450587803021148
UTX5088699,5.642914199999999,5.98847466056967,up,6.123794343172385,2023-09-12,-0.23654838325874472,5.751926277310925
UTX5131665,5.398454118466899,6.240254038321973,up,15.593351381379094,2023-09-12,-0.7793409810622594,5.460913057259714
UTX5234333,5.547976,6.009688067933753,up,8.32217132759322,2023-09-12,-0.4174556931983968,5.592232374735357
UTX5234334,5.440474751503759,6.192562966089519,up,13.823944580900438,2023-09-12,-0.7141691491509912,5.478393816938528
UTX5294415,5.457303441176469,6.159135794908285,up,12.86042385762073,2023-09-12,-0.6913831177841017,5.467752677124183
UTX5294416,5.572568109262457,6.197676440269191,up,11.217598757881644,2023-09-12,-0.6137312299915791,5.583945210277612
UTX5547417,5.725238626785713,6.2032874837483245,up,8.349850340316722,2023-09-12,-0.4841841882861253,5.719103295462199
UTX5547419,5.516049630292793,6.344654713771644,up,15.021711895562994,2023-09-12,-0.7907626317814644,5.553892081990179
UTX5547420,5.391114936868687,6.251381924652394,up,15.95712571254092,2023-09-12,-0.9159748276424278,5.335407097009966
UU.GC,5.994875808,6.201406913627902,up,3.4451273427931874,2023-09-12,-0.22674645416844275,5.974660459459459
V4319927,5.052722560105681,6.244124261282925,up,23.57940074889695,2023-09-12,-1.1252078687909988,5.1189163924919265
V4319928,4.944994999999999,6.1455990155989575,up,24.279175521895553,2023-09-12,-1.1796385090783525,4.965960506520605
V4319930,5.173509145971007,6.212459213257805,up,20.082115213730802,2023-09-12,-1.0195801371087772,5.192879076149028
V4539215,4.877155999999999,6.208541053784582,up,27.298389753876712,2023-09-12,-1.344023406441588,4.8645176473429945
V4539216,5.124280695896571,5.9930417344329605,up,16.95381440037188,2023-09-12,-1.117429818466574,4.875611915966386
V4972834,4.865643030456853,6.220119979574062,up,27.837573382156478,2023-09-12,-1.309758193091727,4.910361786482335
V4972835,5.060969,6.066616206062292,up,19.870645444820788,2023-09-12,-0.9953787584816469,5.071237447580645
V4972836,4.914020609447005,6.193355462587591,up,26.0343811070128,2023-09-12,-1.26785655233118,4.925498910256411
V5028507,4.699097303750659,6.219345173023941,up,32.351912952725435,2023-09-12,-1.535879599503379,4.683465573520562
V5028508,4.8410282300884955,5.9942294213882885,up,23.821410173406736,2023-09-12,-1.1912092268428331,4.803020194545455
V5028512,4.828245456722918,6.179771225681011,up,27.992068362560346,2023-09-12,-1.3522580248613396,4.827513200819672
VALEF3669360,6.50670505792683,6.108498922550502,down,-6.11993523344371,2023-09-12,0.34196667744950116,6.450465600000003
VALEF3676677,6.490035538461538,6.073740042507455,down,-6.414379297108838,2023-09-12,0.39978562415921104,6.473525666666666
VALEF3702366,6.4689551428571415,6.152542206834248,down,-4.89125259080315,2023-09-12,0.4198315239349828,6.572373730769231
VALEF3704759,6.414719000000001,6.1391070346775924,down,-4.296555551730454,2023-09-12,0.34840675654841746,6.48751379122601
VALEF3898342,6.098112,6.039943406612577,down,-0.9538787314405485,2023-09-12,0.18217359338742334,6.222117
VALEF4390655,5.448672137931033,6.2255966244676095,up,14.258969284057343,2023-09-12,-0.6298405648456997,5.59575605962191
VALEF5012001,6.022239481851181,6.195037649192069,up,2.869334038635267,2023-09-12,-0.07663365618243301,6.118403993009636
VALEF5600595,6.29953323428736,6.182567420680709,down,-1.8567377813013917,2023-09-12,0.11460007716411891,6.2971674978448275
VFC.GJ,6.303037,6.140206084320684,down,-2.5833723596944766,2023-09-12,-0.04216508432068444,6.098040999999999
VFC.GL,6.722957433734942,6.101530352893951,down,-9.243358848633337,2023-09-12,0.5266238025682348,6.628154155462186
VFC4978862,6.18231560186916,6.244147658068735,up,1.0001439619304011,2023-09-12,-0.07525276312710183,6.168894894941634
VFC4978863,5.768171776632302,6.214411581403726,up,7.736243337606656,2023-09-12,-0.38735900997515404,5.827052571428572
VFC4978864,6.301715602256699,6.2425132737622455,down,-0.9394636672155272,2023-09-12,0.10619550941047429,6.34870878317272
VIA.GK,7.201368418794688,6.219952005103026,down,-13.628193374057714,2023-09-12,1.020682738029861,7.240634743132887
VIA.GW,7.0212685316455685,6.14842544621938,down,-12.431415797475857,2023-09-12,0.8637275797546469,7.012153025974027
VIA.HD,7.772278403314917,6.313931749402106,down,-18.763438186810426,2023-09-12,1.412166445752673,7.726098195154779
VIA3685677,7.9861415,6.0667795264079905,down,-24.03365847690038,2023-09-12,1.9094890339368362,7.976268560344827
VIA3865871,8.04231487052811,6.059020163805546,down,-24.660744308713287,2023-09-12,1.9745009508021534,8.0335211146077
VIA4023164,7.777981695490717,6.455990035852452,down,-16.996590007465432,2023-09-12,1.323255987539361,7.779246023391813
VIA4040155,7.8518293739982195,6.054700204557217,down,-22.88803135982932,2023-09-12,1.8384100399074468,7.893110244464664
VIA4104367,8.063546058139533,6.032704984498682,down,-25.185458841533766,2023-09-12,0.8911229043902065,6.923827888888889
VIA4154102,8.021943572850619,6.346678732111166,down,-20.883528106694758,2023-09-12,1.6973395527611332,8.0440182848723
VIA4190852,7.57025025,6.127659234492938,down,-19.056054527484896,2023-09-12,1.6934564321737273,7.821115666666666
VIA4200514,7.924527820960698,6.157592312216391,down,-22.29704467780012,2023-09-12,1.7734166877836097,7.931009
VIA4266468,6.41244266630334,6.535092281664326,up,1.9126816681807701,2023-09-12,-0.15149935402322523,6.383592927641101
VIA4380824,6.544293873581848,6.226752199309586,down,-4.852191548948033,2023-09-12,0.44528546026488236,6.672037659574468
VIA4410591,6.7521448807205475,6.322784084123237,down,-6.3588800919137265,2023-09-12,0.5380087266875746,6.860792810810811
VIA4511808,6.652395498018493,6.216999160115768,down,-6.544955693515425,2023-09-12,0.45716393101723707,6.674163091133005
VIA4565287,6.5522050000000025,6.217817916034013,down,-5.103428295756759,2023-09-12,0.4532626938314577,6.671080609865471
VIA4800266,6.763041999999998,6.19267174589501,down,-8.433634658856006,2023-09-12,0.6870253182075539,6.879697064102563
VIA4972276,6.184749887151928,6.303934825613323,up,1.9270777418014555,2023-09-12,-0.07189332082260247,6.232041504790721
VIA4972277,7.231826549588776,6.194819443393111,down,-14.339490847642525,2023-09-12,1.0234945452593696,7.218313988652481
VIA4987234,7.566333511130783,6.295475544550715,down,-16.79621926142321,2023-09-12,1.2754380659573181,7.5709136105080335
VIA4987235,7.146756811486306,6.282795329978024,down,-12.088860783953336,2023-09-12,0.8751705043465288,7.1579658343245525
VIAS4810598,9.207995515151516,6.228701848694364,down,-32.35550735830402,2023-09-12,2.9418807335910397,9.170582582285403
VICI5401506,6.2907502919759635,6.2829405385878605,down,-0.12414661249651791,2023-09-12,0.02909107221546403,6.3120316108033245
VICI5401507,6.144855649859944,6.206649054684283,up,1.0056119841602393,2023-09-12,-0.03236874980623394,6.1742803048780495
VICI5401508,6.212904856450048,6.187987457360048,down,-0.40105875859552376,2023-09-12,0.03872663941414611,6.226714096774194
VICI5401509,6.348935460288999,6.210028897750096,down,-2.1878717055438464,2023-09-12,0.15579497111361817,6.365823868863714
VICI5401510,6.66201817097489,5.9477737684723575,down,-10.721141614628968,2023-09-12,0.7404143942857804,6.688188162758138
VLO.HR,5.877353119402985,6.160370994502391,up,4.815396818085945,2023-09-12,-0.29867568318163595,5.861695311320755
VLO.ID,6.043752476534296,6.104821370229097,up,1.0104466377785954,2023-09-12,-0.021648338355843677,6.083173031873254
VLO4221381,5.707802666666667,6.245288426268714,up,9.416684335303707,2023-09-12,-0.553193426268713,5.692095000000001
VLO4221419,6.10097,6.0137625301823014,down,-1.4294033541830033,2023-09-12,0.06278518410341238,6.076547714285714
VLO4401477,5.5589754000000005,6.221784772824922,up,11.923229104862045,2023-09-12,-0.7035041819158323,5.5182805909090895
VLO4615283,5.62046891286307,6.231133092916644,up,10.865004139707999,2023-09-12,-0.5700550929166441,5.661078
VLO4634651,5.517305617210683,6.205610574767383,up,12.475382103351349,2023-09-12,-0.6826404523607454,5.522970122406638
VLO4811037,5.261334976447498,6.2038312868410275,up,17.91363436490242,2023-09-12,-0.895453853851337,5.3083774329896904
VLO4976779,5.6363648,6.239734744729433,up,10.704948422242527,2023-09-12,-0.18989514472943192,6.049839600000001
VLO5042754,5.3700885000000005,6.210137947329676,up,15.643121101815641,2023-09-12,-0.8796101789680941,5.3305277683615815
VLO5042815,6.155144760894818,6.585878150204697,up,6.997940845298004,2023-09-12,-0.5288544177755954,6.057023732429101
VLO5306500,5.645390911242604,6.1703008095714535,up,9.298025709495322,2023-09-12,-0.5048860595714535,5.66541475
VLO5306501,6.0988399699999984,5.943914153355441,down,-2.540250562510788,2023-09-12,0.14564684664455996,6.089561000000001
VLY4055112,6.110393999999999,6.256182831077583,up,2.3859153939595914,2023-09-12,5.980667813217716,12.236850644295298
VMC4223107,5.543354750000001,6.239413247135998,up,12.55662912672145,2023-09-12,-0.47041291380266426,5.7690003333333335
VMC4465734,5.354165199999999,6.215947582091998,up,16.09555084501313,2023-09-12,-0.7997341949952235,5.416213387096774
VMC4506867,5.807781181708785,6.00254288811809,up,3.35346150820375,2023-09-12,-0.23403238811809057,5.7685105
VMC4985657,5.5338769999999995,6.179943479010788,up,11.674753143425281,2023-09-12,-0.6060144790107884,5.573929
VMC5548669,5.871694553140097,6.273864637721791,up,6.849301865789643,2023-09-12,-0.4233984904825281,5.8504661472392625
VMI4162438,,no data prior to target date,N/A,N/A,,N/A,6.407558199999999
VMI4162440,6.344262399999998,5.907613936874419,down,-6.882572560768906,2023-09-12,0.5082326631255816,6.415846600000001
VNO4576854,7.535244287356323,6.242255777209493,down,-17.159211577471815,2023-09-12,1.2983166994074216,7.540572476616915
VNO5185167,8.019957130558183,6.2485395668880175,down,-22.08761885921547,2023-09-12,1.890243464039819,8.138783030927836
VNO5185168,8.209755139030023,6.193037576610135,down,-24.56489296291194,2023-09-12,1.9862576122010553,8.17929518881119
VOD.GJ,5.734051425742573,6.251059635885916,up,9.016455761493097,2023-09-12,-0.5185414086131868,5.732518227272729
VOD.GW,6.069745355177194,6.189101033404284,up,1.9664033866805573,2023-09-12,-0.14028869994289206,6.048812333461392
VOD3702663,5.708003999999999,6.152041638603504,up,7.7792103615117485,2023-09-12,-0.49334523860350377,5.6586964
VOD3968278,6.135072371316948,6.140394323999552,up,0.08674637168887814,2023-09-12,-0.013308649580946685,6.1270856744186055
VOD4637157,6.4103114188138415,6.265473102075112,down,-2.2594583519552356,2023-09-12,-0.23937110207511214,6.026102
VOD4637158,5.6001895597014935,6.245419639455745,up,11.52157570517389,2023-09-12,-0.6055787414328524,5.639840898022893
VOD4637159,4.956774525896415,6.2098060532374,up,25.279171380392352,2023-09-12,-1.2323948240707328,4.977411229166667
VOD4637160,5.892013,6.096762483073222,up,3.475034475878141,2023-09-12,-0.2014016595438095,5.895360823529413
VOD4637161,6.1616225,5.978900882382102,down,-2.965478940293698,2023-09-12,0.15907311761789789,6.137974
VOD4846311,6.199016818181819,5.987751785455747,down,-3.4080409671809218,2023-09-12,0.20669095724982345,6.19444274270557
VOD4846312,6.2481205,5.866038532972706,down,-6.115150420471151,2023-09-12,0.3759264670272948,6.241965
VOD4882936,6.092276,5.95271302952281,down,-2.2908182504730568,2023-09-12,0.14814097047718988,6.100854
VOD5538097,6.16529354275093,5.9408158591109625,down,-3.6409893881517617,2023-09-12,0.24805653715943432,6.188872396270397
VOD5538098,6.351360900990098,5.827716427752171,down,-8.244602714298559,2023-09-12,0.5285695722478287,6.356286
VRNT5402847,6.889017,6.232566811238475,down,-9.528938435796066,2023-09-12,0.6155721887615249,6.848139
VRSK4245064,5.760602548387097,6.237394631866599,up,8.276774512294697,2023-09-12,-0.42810667582264283,5.809287956043956
VRSK4804230,5.293061395833332,6.194896129244326,up,17.03805540817859,2023-09-12,-0.8222708409560378,5.372625288288289
VRSK4986179,5.860073083333332,5.95953151768538,up,1.6972217400311653,2023-09-12,-0.09451829127028599,5.865013226415094
VRSK5550494,5.612481857142858,6.150877923083324,up,9.59283396622946,2023-09-12,-0.5323020748287535,5.6185758482545705
VRSN4262866,5.82786975,6.252237625101468,up,7.281698001254555,2023-09-12,-0.3890339193918422,5.863203705709626
VRSN4514587,5.786480656652359,6.232732264625136,up,7.711969234006672,2023-09-12,-0.42366393672422387,5.8090683279009125
VSH4857537,1.6136666715867158,6.238142833794946,up,286.5818724297621,2023-09-12,-4.198364794833907,2.039778038961039
VTR4116770,6.192905657980456,6.3779154623537675,up,2.987447485735553,2023-09-12,-0.18646466455964905,6.191450797794118
VTR4200526,6.379097999999999,6.241183984654625,down,-2.1619673399808907,2023-09-12,0.11027136859212838,6.351455353246753
VTR4267618,5.898603224999999,6.234601180371544,up,5.696229133491944,2023-09-12,-0.10092178037154476,6.133679399999999
VTR4404326,6.044437106918239,6.223646783414402,up,2.964869570584935,2023-09-12,-0.12381140371515453,6.099835379699248
VTR4599508,5.937594,6.206734865542937,up,4.53282702628265,2023-09-12,-0.24200869162989314,5.964726173913044
VTR4664024,5.8307833333333345,6.197012075878851,up,6.280952688669894,2023-09-12,-0.27629720921218404,5.920714866666667
VTR4799813,6.421820095238094,6.255925487339575,down,-2.583295785902395,2023-09-12,0.004185623771535418,6.260111111111111
VTR4851472,6.113930887850467,6.242242258568159,up,2.0986722465684235,2023-09-12,0.10283438017529711,6.345076638743456
VTR4972638,5.989830811594204,6.177422519625171,up,3.131836506431133,2023-09-12,-0.15765851962517097,6.019764
VTR5239124,5.978340057692308,6.178886006435344,up,3.354542344659608,2023-09-12,-0.1763925064353442,6.0024935
VZ.GI,6.311750999999999,6.1985243837542265,down,-1.7939018228978407,2023-09-12,-0.38172505042089355,5.816799333333333
VZ.IP,5.440342888888889,6.2205250632475595,up,14.340680179407064,2023-09-12,-0.7430040632475592,5.477521
VZ.KV,6.183836399999998,6.189862715495286,up,0.09745269935161906,2023-09-12,-0.49123438216195314,5.698628333333333
VZ.LV,6.281153000000001,6.209315689503497,down,-1.1436962369250285,2023-09-12,-0.4938050895034971,5.7155106
VZ.MT,5.520052000000001,6.181109636531614,up,11.97556900789365,2023-09-12,-0.7085782198649477,5.4725314166666665
VZ.QY,5.840790999999999,6.149125311967766,up,5.27898210991913,2023-09-12,-0.28040422105867524,5.868721090909091
VZ.RH,5.8402322,6.1313824045706875,up,4.985250493476741,2023-09-12,-0.2880432379040201,5.843339166666667
VZ.RM,6.211855,6.106154739895925,down,-1.7015893014900516,2023-09-12,0.0865715101040756,6.192726250000001
VZ.RS,6.231569407407408,6.096588878059143,down,-2.166075999856703,2023-09-12,0.3558047886075242,6.4523936666666675
VZ.TA,5.708652502793297,6.056853549393226,up,6.099531306723463,2023-09-12,-0.28384192028524424,5.773011629107982
VZ3706966,6.163153333333333,6.158982536253945,down,-0.0676731026117736,2023-09-12,0.0351364637460545,6.194119
VZ4050439,5.671958666666667,6.034680370533565,up,6.394999067933357,2023-09-12,-0.151714942714678,5.882965427818887
VZ4106368,5.920415210526316,6.142873256998486,up,3.7574737338801345,2023-09-12,-0.17966965699848636,5.9632036
VZ4176696,5.6635749238653,6.26009877405875,up,10.532638098947073,2023-09-12,-0.5750597635968475,5.685039010461902
VZ4176697,5.71613947082334,6.174589186719872,up,8.02026819388466,2023-09-12,-0.4939369661256272,5.6806522205942445
VZ4213375,5.712507,6.122995347130171,up,7.185782829328204,2023-09-12,-0.4358099717148889,5.687185375415282
VZ4213458,5.842574,5.979180994309772,up,2.338130322521749,2023-09-12,-0.10749541438412091,5.871685579925651
VZ4213475,5.834975,5.912142306998604,up,1.3224959318352458,2023-09-12,-0.008471306998603545,5.903671
VZ4214177,5.909993,5.911579278181893,up,0.026840610164735622,2023-09-12,0.016391721818107108,5.927971
VZ4214179,5.946752899125063,6.043785531865954,up,1.6316910150271524,2023-09-12,-0.06663353616086987,5.977151995705084
VZ4388862,5.830603133333334,6.005524070094436,up,3.0000487558668913,2023-09-12,-0.09301837500292365,5.912505695091513
VZ4388863,5.365690486001056,6.246226476914737,up,16.410487955109897,2023-09-12,-0.8299512168027254,5.416275260112012
VZ4466640,5.6478163,6.1096759828812415,up,8.177668294226246,2023-09-12,-0.45655890056131554,5.653117082319926
VZ4466641,5.862021,5.9942583119459645,up,2.255831426498883,2023-09-12,-0.1642223119459647,5.830036
VZ4466757,5.417333120676101,6.247057452985527,up,15.316103215854548,2023-09-12,-0.803310176846117,5.44374727613941
VZ4498542,6.0134480969023025,5.999404290491406,down,-0.2335399954334132,2023-09-12,0.0039239384242568676,6.003328228915663
VZ4503469,5.902428,5.991469776599835,up,1.508561842682961,2023-09-12,0.03254914647708862,6.024018923076923
VZ4506545,5.877833525252526,6.089626070814054,up,3.603241647651619,2023-09-12,-0.22123007081405266,5.8683960000000015
VZ4508287,6.143139,5.991711957717569,down,-2.464978283617396,2023-09-12,-0.05531495771756845,5.936397
VZ4526725,5.683849799306662,6.206626677857999,up,9.19758433122401,2023-09-12,-0.5136014489106309,5.693025228947368
VZ4527587,6.113015666666667,5.990035144854418,down,-2.011781557878912,2023-09-12,0.027903105145582252,6.01793825
VZ4559111,6.107193,5.987195516862823,down,-1.9648549364196788,2023-09-12,0.006325883137177968,5.9935214000000006
VZ4561538,5.919058,5.987754784813961,up,1.1606033394834359,2023-09-12,-0.012863618147293643,5.9748911666666675
VZ4581325,5.654379926012295,6.269023776543781,up,10.870225534437314,2023-09-12,-0.5907901818956143,5.678233594648167
VZ4609142,,no data prior to target date,N/A,N/A,,N/A,6.000003
VZ4636949,6.132700882352942,5.981953210480411,down,-2.458095947681266,2023-09-12,0.15859178951959052,6.140545000000001
VZ4651554,6.102279199999999,5.980974747260094,down,-1.9878548451192701,2023-09-12,0.1468422527399067,6.127817
VZ4693571,6.144816,5.978882407061739,down,-2.700383427888826,2023-09-12,0.07232859293826088,6.0512109999999995
VZ4719974,5.490351964472721,6.302027550478861,up,14.783671270227789,2023-09-12,-0.7970325795037096,5.504994970975152
VZ4795624,5.41265861237785,6.202043217447511,up,14.584045689940057,2023-09-12,-0.7469410313276379,5.455102186119873
VZ4841434,,no data prior to target date,N/A,N/A,,N/A,5.8684476666666665
VZ4843669,,no data prior to target date,N/A,N/A,,N/A,6.041325833333334
VZ4872504,5.512156606121091,6.21481562410167,up,12.74744293731234,2023-09-12,-0.6686567785282289,5.546158845573441
VZ4968006,5.573978463730568,6.192815733042095,up,11.102254401201073,2023-09-12,-0.6413310950550821,5.551484637987013
VZ4968007,5.353841768983268,6.228737867840812,up,16.34146350618974,2023-09-12,-0.8246311236441812,5.404106744196631
VZ4968008,5.881760368584758,5.979920211330389,up,1.6688854457572753,2023-09-12,-0.12591887799705592,5.854001333333333
VZ5047191,5.3972273304786675,6.217446453296912,up,15.197046049670487,2023-09-12,-0.7809834651001903,5.4364629881967215
VZ5078162,5.6159897661150895,6.1997611461441515,up,10.39480847261036,2023-09-12,-0.590463829413225,5.609297316730927
VZ5078163,5.800888352272727,5.969835835229323,up,2.912441555445623,2023-09-12,-0.19069612184212037,5.7791397133872024
VZ5078164,5.833239224267212,5.858778128042203,up,0.4378168422914145,2023-09-12,-0.03569256723139258,5.82308556081081
VZ5078182,5.518233948656306,6.300287242221261,up,14.172166327877155,2023-09-12,-0.747806926431787,5.552480315789474
VZ5078183,5.850054790629576,6.074541953057602,up,3.8373514516069434,2023-09-12,-0.2229548924124405,5.851587060645161
VZ5148413,5.842974524988101,5.98619431307235,up,2.45114517394786,2023-09-12,-0.1437420690285629,5.842452244043787
VZ5148414,5.913947,5.848585780085138,down,-1.1052046951868615,2023-09-12,0.060051983355722705,5.9086377634408604
VZ5148416,5.724602148039519,6.326417661779208,up,10.51279194914514,2023-09-12,-0.40526699980737657,5.921150661971831
VZ5148417,5.556112714683368,6.255791195639614,up,12.592949727372824,2023-09-12,-0.6515293717823125,5.604261823857302
VZ5148419,5.44516796999723,6.652904464845314,up,22.17996766128591,2023-09-12,-1.2089241353921052,5.4439803294532085
VZ5148420,5.602719759619072,6.263041531845024,up,11.785736223773709,2023-09-12,-0.6286623504890922,5.634379181355932
VZ5148421,5.895144490853658,6.096382382107265,up,3.4136210158347815,2023-09-12,-0.21390150839213895,5.882480873715126
VZ5181143,5.857006053892215,5.893863624556658,up,0.6292902948247586,2023-09-12,-0.03753596139025994,5.856327663166398
VZ5185677,5.547162952251024,6.19239061470156,up,11.631669521961758,2023-09-12,-0.625863682240607,5.566526932460953
VZ5205719,,no data prior to target date,N/A,N/A,,N/A,4.540915
VZ5233515,5.0184169999999995,6.171653384213821,up,22.98008284711736,2023-09-12,-1.2843413842138212,4.887312
VZ5252609,5.633045240808638,6.330956993251305,up,12.38959963230261,2023-09-12,-0.6831104829777974,5.647846510273507
VZ5252694,5.80823424516129,6.075956643128716,up,4.609359517317327,2023-09-12,-0.25126413093359456,5.824692512195122
VZ5504662,5.649393625,6.192488726723337,up,9.613334417343534,2023-09-12,-0.5147117267233368,5.677777
VZ5584330,5.629861014705883,6.167415719394938,up,9.548276649901254,2023-09-12,-0.5183377294548785,5.64907798994006
W4921584,,no data prior to target date,N/A,N/A,,N/A,0.370794
W5033514,5.89021525,6.283774959154512,up,6.681584499896023,2023-09-12,-0.20212795915451132,6.081647
WAB4421862,5.754299217983652,6.237455939374759,up,8.3964476487618,2023-09-12,-0.43634193937475985,5.801113999999999
WAB4688157,6.660289,6.255415605576805,down,-6.0789163116374505,2023-09-12,-0.1812596332011136,6.074155972375691
WAB4688160,5.708614931506849,6.459096043966795,up,13.146465849674128,2023-09-12,-0.6791523744945485,5.779943669472247
WAB5002625,6.151848,6.2411963118936,up,1.452381656594897,2023-09-12,-0.06936652048255709,6.171829791411043
WAG3900832,7.085515400000001,6.048161290303337,down,-14.640489098318291,2023-09-12,0.7952554020043561,6.843416692307693
WAG4182650,7.019045470355732,6.0345500415228015,down,-14.026058571508807,2023-09-12,0.9926021818404855,7.027152223363287
WAG4182655,5.842819550122251,6.256871314780901,up,7.0865061141583015,2023-09-12,-0.15596899085093874,6.1009023239299625
WAG4369076,5.884094286793955,6.2726904658744935,up,6.604180017181056,2023-09-12,-0.3215378309684427,5.951152634906051
WAG4369077,6.844489,6.007815446569353,down,-12.224047016959883,2023-09-12,0.7797850534306479,6.787600500000001
WAG4976357,6.2682035365183335,6.378237982161903,up,1.7554383006632277,2023-09-12,-0.06432492827589265,6.313913053886011
WAG4976358,6.924903131894485,5.9720788294387335,down,-13.759388172049162,2023-09-12,0.9754319760325476,6.947510805471281
WAG5295096,6.330886530955587,6.275781730494442,down,-0.8704120693318915,2023-09-12,-0.2274500351258837,6.048331695368558
WBK4362379,5.278720154471545,6.245158985367471,up,18.308203553417524,2023-09-12,-0.9204346916174719,5.324724293749999
WBK4393792,5.309725092039604,6.369489658060541,up,19.95893474051505,2023-09-12,-1.0367829913938742,5.332706666666667
WBK4461871,5.26833558974359,6.242777072476083,up,18.496192319819908,2023-09-12,-0.9388830864440072,5.303893986032076
WBK4587619,5.0833088326693225,6.2152122172522475,up,22.267059150693886,2023-09-12,-1.1086713802957266,5.106540836956521
WBK4799905,5.594226681881051,6.2644273529706425,up,11.980220130519225,2023-09-12,-0.39556367283596217,5.86886368013468
WBK4860150,6.571758,6.085107933912445,down,-7.40517325938592,2023-09-12,0.4020740660875548,6.487182
WBK4911635,5.414869958610496,6.252945501988101,up,15.47729769659441,2023-09-12,-0.793860928771581,5.45908457321652
WBK5077458,6.466238,6.068911750149492,down,-6.144627677646692,2023-09-12,0.4660600415171734,6.534971791666665
WBK5193097,5.30883035505618,6.233565260029846,up,17.418806839305752,2023-09-12,-0.8983584016698885,5.335206858359958
WBK5298881,5.656099898876405,6.249410207041478,up,10.489742380309371,2023-09-12,-0.6684631881735532,5.580947018867925
WBK5298889,6.491760858638743,6.0587383431991135,down,-6.670339910371102,2023-09-12,0.45264961332262477,6.511387956521738
WBK5298892,5.195691813504823,6.212218283708876,up,19.564795347596682,2023-09-12,-1.0409338793827523,5.171284404326124
WBK5416516,5.398349042253521,6.240280962692256,up,15.596100101138946,2023-09-12,-0.8507219894779707,5.389558973214285
WBK5416521,4.836367055555555,6.219499435523891,up,28.598581622946213,2023-09-12,-1.2104858260611806,5.00901360946271
WBK5501846,5.470058630916276,6.431886949568947,up,17.583510224488336,2023-09-12,-0.8762591495689449,5.555627800000002
WBK5501847,5.234678333333332,6.215981282989277,up,18.746193885634067,2023-09-12,-0.9869467509695724,5.229034532019704
WBS4810643,6.920598,6.20076822635383,down,-10.401265521363474,2023-09-12,0.8326883182244833,7.033456544578313
WDAY5390289,5.364409907103826,6.22940020443162,up,16.124612255717626,2023-09-12,-0.8143142044316205,5.415086
WDAY5390290,5.443193629578755,6.224125734922232,up,14.346947003682336,2023-09-12,-0.7477289589222327,5.476396776
WDAY5390291,5.615907330188679,6.167360314837677,up,9.819481558832468,2023-09-12,-0.5146734782725799,5.652686836565097
WDC4594056,6.931468513346206,6.431665407410254,down,-7.210638048396323,2023-09-12,0.5343301348959253,6.965995542306179
WDC4890018,6.436572951034834,6.302134188433341,down,-2.08866991214446,2023-09-12,0.2063499665473172,6.508484154980658
WDC5319114,7.230240437262358,6.207643874883059,down,-14.143327199869612,2023-09-12,1.0840705149659895,7.291714389849049
WDC5319124,7.267842,6.168569690149845,down,-15.125154204647753,2023-09-12,0.7214713098501555,6.890041
WEC.GJ,5.145461249999999,6.209718240150241,up,20.683412787342267,2023-09-12,-1.0561992019336799,5.153519038216561
WEC.GV,5.251813217391304,6.179452242899363,up,17.663214343499416,2023-09-12,-0.8662772428993639,5.313174999999999
WEC3669215,5.714271999999999,6.117971639694332,up,7.064760650076382,2023-09-12,-0.3379876396943322,5.779984
WEC3940630,,no data prior to target date,N/A,N/A,,N/A,5.794572500000001
WEC4125803,6.14045746031746,6.0342280597724,down,-1.7299916371306985,2023-09-12,0.08487394022759975,6.119102
WEC4728585,5.690001,6.0005312248408,up,5.457472236662176,2023-09-12,-0.30986684646242146,5.690664378378378
WEC4921081,5.605350555555556,6.250940850287028,up,11.517393753217045,2023-09-12,-0.6401238502870292,5.610816999999999
WEC5045773,5.457479999999999,6.2630226431803555,up,14.760340728328023,2023-09-12,14.581772856819644,20.8447955
WEC5057771,5.485594026315789,6.217970323999244,up,13.350902275488469,2023-09-12,-0.7671054039992438,5.45086492
WEC5057796,5.611134333333334,6.184850932645993,up,10.22460994926562,2023-09-12,-0.5263019326459935,5.658549
WEC5150609,6.064901,6.257678241422287,up,3.178571940783321,2023-09-12,-0.34403936396057944,5.9136388774617075
WEC5300782,5.488004,5.946365027198766,up,8.352053446002698,2023-09-12,-0.39890202719876644,5.547463
WEC5317613,5.353225363636364,6.2051887057768695,up,15.914953775863083,2023-09-12,-0.8058674458898638,5.399321259887006
WEC5476349,5.287402999999999,6.162164412056623,up,16.544254562336633,2023-09-12,-0.8825862120566228,5.2795782
WEC5480308,5.613983257731959,6.2542195227233295,up,11.404313757252377,2023-09-12,-0.5971353428198629,5.657084179903467
WEC5480309,5.3685406923076915,6.217975606919875,up,15.822454616564533,2023-09-12,-0.783307606919875,5.434668
WEC5500526,5.257042859649122,6.240758177206412,up,18.712332081366128,2023-09-12,-0.8268801772064114,5.413878
WEC5524478,5.554468127053668,6.247238582298134,up,12.472309488468362,2023-09-12,-0.619162736144288,5.628075846153846
WEC5524479,5.446635,6.2155752794700865,up,14.117712669750897,2023-09-12,-0.7842290970283861,5.4313461824417
WEC5647182,,no data prior to target date,N/A,N/A,,N/A,5.567079336334404
WEN.GB,6.582968705167174,6.243422499948132,down,-5.157949557811537,2023-09-12,0.2757527642028119,6.5191752641509435
WF4119518,,no data prior to target date,N/A,N/A,,N/A,6.388628000000001
WFC.GCE,5.764981666666666,6.13576799634411,up,6.431700066304537,2023-09-12,-0.31463139634410986,5.8211366
WFC.GJ,,no data prior to target date,N/A,N/A,,N/A,7.446884999999998
WFC.HAD,6.100608,6.123074095216593,up,0.3682599376421577,2023-09-12,0.028667252884671868,6.151741348101265
WFC.MG,6.059724711111111,6.135547016131229,up,1.2512499929425744,2023-09-12,-0.021497912440543665,6.114049103690685
WFC.MI,5.914785538461539,6.234187566811368,up,5.400061021196505,2023-09-12,-0.5115445668113683,5.722643
WFC.MS,5.758170442953021,6.2573043425561545,up,8.668272406107484,2023-09-12,-0.41064131786479763,5.846663024691357
WFC.NM,6.133678295180723,6.144263717431697,up,0.17257869978754237,2023-09-12,-0.07864718852174413,6.065616528909953
WFC.PR,6.177692,6.1046956519467654,down,-1.1816119685674675,2023-09-12,0.077831785147918,6.182527437094683
WFC.PT,,no data prior to target date,N/A,N/A,,N/A,5.933986323170733
WFC.PV,,no data prior to target date,N/A,N/A,,N/A,7.342952875
WFC4062494,6.212046734439835,6.059391709736396,down,-2.457403030423354,2023-09-12,0.09761361736640772,6.157005327102803
WFC4097728,6.249238766079296,6.086334035534616,down,-2.6067931894188874,2023-09-12,0.1581473325084728,6.244481368043089
WFC4097730,5.68610650200481,6.294899487127514,up,10.706675735110766,2023-09-12,-0.5660364184056137,5.728863068721901
WFC4130435,5.854731371715382,6.460445421339216,up,10.34571889241718,2023-09-12,-0.6075345719861662,5.85291084935305
WFC4160708,5.844823495887594,6.383258653238764,up,9.212171380881081,2023-09-12,-0.5959944157267829,5.787264237511981
WFC4179449,6.226794990673575,6.069840116291341,down,-2.5206366134956952,2023-09-12,0.16395543436945115,6.233795550660792
WFC4212161,5.794354895104895,6.2646913805101,up,8.117150121449198,2023-09-12,-0.420177399010897,5.844513981499203
WFC4237374,5.817427143730886,6.026794348249107,up,3.5989656483080097,2023-09-12,-0.2148213482491066,5.811973
WFC4269125,5.682585114240381,6.361679491696238,up,11.950447970485607,2023-09-12,-0.6310231221743257,5.730656369521912
WFC4291219,5.732942775784752,6.2710944883203705,up,9.387006526712685,2023-09-12,-0.504224541565609,5.7668699467547615
WFC4310074,6.121510600000001,6.021416384927715,down,-1.635122792604258,2023-09-12,0.1839163750722852,6.20533276
WFC4354551,5.76717311531659,6.282342941113498,up,8.932796285041428,2023-09-12,-0.4630500099916359,5.819292931121862
WFC4371959,6.244433,6.009923735427534,down,-3.75549332617495,2023-09-12,0.21987143698626,6.229795172413794
WFC4416762,5.71143509699202,6.256681161886326,up,9.546568517980102,2023-09-12,-0.4866049300022688,5.770076231884057
WFC4432930,6.245616002216476,6.0640652787578935,down,-2.9068505555601374,2023-09-12,0.1652237167172208,6.229288995475114
WFC4622835,6.525548666666667,6.10011605178216,down,-6.519491871352849,2023-09-12,0.030461948217840096,6.130578
WFC4788975,5.900879687991066,6.560367290196426,up,11.176089618425705,2023-09-12,-0.714959946555787,5.845407343640639
WFC4788976,5.554019784144765,6.230165079852409,up,12.17398068400578,2023-09-12,-0.6427847764514549,5.587380303400954
WFC4973233,6.079954799999999,6.203072798483723,up,2.024982134467905,2023-09-12,0.13553799812644574,6.338610796610169
WFC5001991,6.165252,6.132904415315363,down,-0.5246757907809184,2023-09-12,-0.08930091531536277,6.043603500000001
WFC5023410,,no data prior to target date,N/A,N/A,,N/A,5.653146
WFC5088354,5.815511000000001,6.230164873468805,up,7.130136517131586,2023-09-12,-0.22583844973999145,6.004326423728814
WFC5088372,6.479216666666667,6.161959791660738,down,-4.89653134518723,2023-09-12,-0.16739345832740504,5.994566333333333
WFC5406368,5.657998,6.241328879843033,up,10.309845988687751,2023-09-12,-0.48021487984303324,5.761114
WFC5495076,4.991952333333334,6.2419353091704375,up,25.03996217052093,2023-09-12,-1.6043143091704382,4.637620999999999
WFC5501052,6.161929499999999,6.219391328922819,up,0.9325298013036218,2023-09-12,0.015739671077182216,6.235131000000001
WFC5626878,5.468535000000001,6.211594239906055,up,13.587903156989094,2023-09-12,-0.7251532399060556,5.486440999999999
WFC5628803,5.509158924901186,6.258817765329057,up,13.607500721016441,2023-09-12,-0.6814507675137076,5.577366997815349
WFC5628805,5.506007329987453,6.268936752401094,up,13.8563096031218,2023-09-12,-0.7303224298794708,5.538614322521624
WFC5633125,5.7366068354978355,6.234429137992894,up,8.677992352806175,2023-09-12,-0.1392171415452923,6.095211996447602
WFC5643505,5.596116604938271,6.234528820743382,up,11.408129259525186,2023-09-12,-0.5046248207433806,5.729904000000001
WFC5643508,5.433221545454544,6.210906749337413,up,14.31351910421329,2023-09-12,-0.18532793115559354,6.0255788181818195
WFC5647799,5.6614622,6.222385628254581,up,9.90774835968314,2023-09-12,-0.8736030032545807,5.348782625
WFC5647801,,no data prior to target date,N/A,N/A,,N/A,5.857192999999999
WGO5080708,6.28955968,6.318601693695575,up,0.46174955280136415,2023-09-12,0.49784330630442497,6.816445
WHR4180312,5.697521846153845,6.248895043263498,up,9.677421377188077,2023-09-12,-0.5468433765968301,5.702051666666668
WHR4800338,5.422209358974359,6.20575342608571,up,14.45064207663798,2023-09-12,-0.7179711829022173,5.487782243183493
WHR4984039,6.029695333333333,5.966978436274593,down,-1.0401337645043014,2023-09-12,0.12718836372540654,6.094166799999999
WHR5541725,5.745432428571427,6.160840002116225,up,7.230222941601743,2023-09-12,-0.45317981164003474,5.70766019047619
WK5042553,11.8031106,6.303460888635941,down,-46.59491804951873,2023-09-12,6.104373325434313,12.407834214070254
WLCD5315126,10.500343999999998,6.233593440252519,down,-40.634388356681264,2023-09-12,3.649870159747482,9.8834636
WLK4481123,5.619515230769232,6.24042975061926,up,11.049254150077878,2023-09-12,-0.6076156419236085,5.632814108695651
WLK4999829,5.900140586956522,6.195057112298358,up,4.9984660703477175,2023-09-12,-0.31263351425914276,5.882423598039216
WLK5235252,6.006183327235772,6.267420080529243,up,4.349463528841376,2023-09-12,-0.18237809049602038,6.085041990033223
WLK5235254,6.116355676348547,5.966874761842627,down,-2.443953923149875,2023-09-12,0.11016323815737294,6.077038
WLK5235255,6.357115,5.841854556536132,down,-8.105255976396021,2023-09-12,0.5176229434638682,6.359477500000001
WMB.HF,5.885964666666667,6.230930590863943,up,5.86082220559161,2023-09-12,0.012016742469389108,6.2429473333333325
WMB.HV,6.028987411764705,6.189391915909307,up,2.6605546369460957,2023-09-12,-0.12758468514007593,6.061807230769231
WMB.HX,6.117934250000002,6.182739119948579,up,1.0592606474738886,2023-09-12,-0.07662861994857906,6.1061105
WMB.IQ,6.183886322097379,6.179110916173604,down,-0.07722337822916744,2023-09-12,-0.007061325191319412,6.172049590982285
WMB3841018,6.105818500000001,6.066303137258649,down,-0.6471755218624884,2023-09-12,0.07704486274135025,6.143348
WMB3948781,6.03495820289855,6.061054769487749,up,0.4324233194633322,2023-09-12,-0.031107644487748054,6.0299471250000005
WMB4070318,6.000655992836675,6.296482698577223,up,4.929906098494779,2023-09-12,-0.34431236543290744,5.952170333144315
WMB4070553,6.301524000000001,6.0424447360783695,down,-4.111374707477604,2023-09-12,0.23984896392163169,6.282293700000001
WMB4103279,5.905799326732674,6.284546199235906,up,6.413134811215639,2023-09-12,-0.17809704955557493,6.106449149680331
WMB4136859,6.309254999999999,6.049121578691101,down,-4.123044976132659,2023-09-12,0.310783065359006,6.359904644050107
WMB4136980,5.997428552276725,6.401560332563868,up,6.738417586212472,2023-09-12,-0.4542192369541125,5.947341095609755
WMB4139017,5.908728,6.254151820413974,up,5.845992917832304,2023-09-12,-0.33316433029539727,5.920987490118577
WMB4217669,5.800321522522522,6.247456906815991,up,7.708803426797144,2023-09-12,-0.4337702968344743,5.8136866099815165
WMB4217670,6.243087999999999,6.029494118747787,down,-3.421285768392373,2023-09-12,0.2105778215507188,6.240071940298506
WMB4328489,5.745525133214921,6.25335402160245,up,8.838685352741168,2023-09-12,-0.46892796160245087,5.7844260599999995
WMB4503017,5.6361149527439025,6.229140399555823,up,10.521883456674539,2023-09-12,-0.5671046933534285,5.662035706202395
WMB4594836,5.637839,6.227948605916451,up,10.466946748859824,2023-09-12,-0.5545898447224209,5.67335876119403
WMB4609129,6.011779866756392,6.005190576775767,down,-0.10960630839231904,2023-09-12,-0.01111353329750564,5.994077043478262
WMB4987219,5.591916413279134,6.195456915906517,up,10.793088773540218,2023-09-12,-0.5572078406028727,5.638249075303644
WMB5080056,5.551972000000001,6.193271072048238,up,11.550834046861848,2023-09-12,-0.6238278412790068,5.569443230769231
WMB5140287,5.732962603384157,6.213727340112459,up,8.3859737100763,2023-09-12,-0.46102005050849915,5.7527072896039595
WMB5170946,5.38497,6.1716277889757025,up,14.60839687084055,2023-09-12,-0.7791071338032882,5.392520655172414
WMB5457473,5.650083862068966,6.16803700692219,up,9.167176231319834,2023-09-12,-0.47105016601309924,5.696986840909091
WMB5457474,6.1599226015625,5.9577551331134275,down,-3.2819806599159485,2023-09-12,0.19696500998781108,6.154720143101239
WMB5548727,5.632228787878788,6.2451885035928525,up,10.883075578059358,2023-09-12,-0.5803986056547075,5.664789897938145
WMB5548791,5.801530971988496,6.21391165976155,up,7.108135589797746,2023-09-12,-0.40117708415179365,5.812734575609756
WMB5630756,5.609421273664182,6.283365914208594,up,12.014512864429207,2023-09-12,-0.6622584262059457,5.621107488002648
WMI.GF,5.114911333333334,6.214894788151067,up,21.505425668852915,2023-09-12,-1.0056013595796394,5.209293428571428
WMI.GL,5.138771448979592,6.239967727212188,up,21.429174057765515,2023-09-12,-1.1346299007659066,5.105337826446282
WMI.GU,5.323850419354839,6.206541288640677,up,16.579933690037922,2023-09-12,-1.0683532886406768,5.138188
WMI4123611,6.049309710833983,6.289302063331989,up,3.967268398709901,2023-09-12,-0.24352571550589985,6.045776347826089
WMI4214123,5.445972,6.1402133373067125,up,12.747794834543994,2023-09-12,-0.6485880039733782,5.491625333333334
WMI4214174,5.371683104874446,6.259478370975592,up,16.52732018565151,2023-09-12,-1.6931113709755925,4.566367
WMI4560154,5.0828025616438355,6.224823070832728,up,22.468323239759094,2023-09-12,-1.1229215989226162,5.101901471910112
WMI5076359,5.164239439805151,6.225938512206772,up,20.558672477852422,2023-09-12,-1.035417416589243,5.190521095617529
WMI5076360,5.214777178324522,6.2117728341519935,up,19.118662633784872,2023-09-12,-1.0070037846728264,5.204769049479167
WMI5076412,5.33209366542056,6.247116130280662,up,17.160660001045407,2023-09-12,-0.924968093917026,5.322148036363636
WMI5176907,5.47795,6.069785901181962,up,10.80396683397918,2023-09-12,-0.5479185531156645,5.521867348066298
WMI5176920,5.187472829268293,6.204699469256218,up,19.60929094893028,2023-09-12,-0.9722500644119281,5.2324494048442896
WMI5407494,5.238239393299246,6.213788921127157,up,18.623614817525024,2023-09-12,-0.9697919897989005,5.243996931328256
WMI5538999,5.2753934923928085,6.166943616937337,up,16.90016348221523,2023-09-12,-0.8798427890046563,5.28710082793268
WMI5539001,5.239606185680027,6.327061945721624,up,20.75453233515222,2023-09-12,-1.1093662705623881,5.217695675159236
WMI5625777,5.156697558848434,6.214461308071667,up,20.51242558152756,2023-09-12,-1.0476203756846658,5.166840932387001
WMI5625990,5.3081845653681645,6.393419923828164,up,20.4445671603118,2023-09-12,-1.0708903400144356,5.322529583813728
WMT.AB,5.228409337023633,6.281350919618601,up,20.138851316380933,2023-09-12,-1.0580869196186011,5.2232639999999995
WMT.GP,4.7751968323586755,6.20824846480238,up,30.01031544360148,2023-09-12,-1.4259937918165981,4.782254672985782
WMT.HV,4.911699125269977,6.196703155254254,up,26.162108003992312,2023-09-12,-1.2880377432275285,4.908665412026726
WMT.IA,4.632166193548385,6.229717049417406,up,34.48820247628565,2023-09-12,-1.607798140326497,4.621918909090909
WMT.IC,5.13692492377261,6.147349322909367,up,19.66982998837933,2023-09-12,-1.0343898858423914,5.1129594370669755
WMT.IE,4.916605922509225,6.117131235344626,up,24.417765665113635,2023-09-12,-1.1099341300814674,5.007197105263159
WMT.IJ,5.084732,6.105675791921017,up,20.07861558723287,2023-09-12,-0.9580440414048033,5.147631750516214
WMT.IM,5.237841256410257,6.082097193514824,up,16.118394883986532,2023-09-12,-0.8736447268481573,5.2084524666666665
WMT.IQ,5.101606964773543,6.201364021509897,up,21.557071415539188,2023-09-12,-1.1230098075360964,5.0783542139738005
WMT3991377,5.099979,6.0525174865866695,up,18.677302133727792,2023-09-12,-0.905897652016149,5.1466198345705205
WMT4117477,5.601600067745802,6.336961718568396,up,13.127707118129173,2023-09-12,-0.88078842809941,5.456173290468986
WMT4553032,5.323055967029112,6.28705884189024,up,18.10995189290025,2023-09-12,-0.9602516221100199,5.32680721978022
WMT4553033,5.12429,5.997294924744717,up,17.03660262679741,2023-09-12,-0.8704631846612099,5.1268317400835075
WMT4647240,5.053951285714286,6.103786810427411,up,20.77256913181247,2023-09-12,-1.022804228861939,5.080982581565472
WMT4647241,5.005782583333333,5.994508279797275,up,19.751670792812444,2023-09-12,-0.9836321021207386,5.010876177676536
WMT4647490,5.192813207373272,6.250625520868454,up,20.370698333481265,2023-09-12,-0.9968969276481161,5.2537285932203375
WMT4647491,4.710503912181303,6.223659247576373,up,32.123003474895114,2023-09-12,-1.506301425646548,4.717357821929825
WMT4822452,5.532803556863143,6.3153903883450795,up,14.144489740850826,2023-09-12,-0.7778424328689661,5.537547955476113
WMT4822453,4.866206,6.2382672602889135,up,28.195708531223573,2023-09-12,-1.3477421174317712,4.890525142857142
WMT4822454,4.697670201612903,6.205675764699192,up,32.10113733757915,2023-09-12,-1.494280967191406,4.711394797507786
WMT4886982,4.643086,6.202318968572814,up,33.5818239975054,2023-09-12,-1.5272969685728137,4.675022
WMT4887055,5.080968373737375,5.977937719277547,up,17.65351168443495,2023-09-12,-0.8989197192775471,5.079018
WMT5255645,4.6983393327849585,6.2033965878449004,up,32.03381340631719,2023-09-12,-1.4781033384331357,4.725293249411765
WMT5255646,5.046238234317341,6.070446878488506,up,20.296478220270167,2023-09-12,-1.0290403207195817,5.041406557768925
WMT5255647,4.920082833787466,6.238005678749739,up,26.786598711545277,2023-09-12,-1.2720056577155594,4.96600002103418
WMT5255678,4.718643277844312,6.236697349075004,up,32.17140991264351,2023-09-12,-1.6152163935194483,4.621480955555556
WMT5255679,4.930728566901408,5.956896283463335,up,20.811685385610193,2023-09-12,-1.0074466633516028,4.949449620111732
WMT5472033,5.119028444234729,6.280074848689151,up,22.680991463566535,2023-09-12,-1.179490353943872,5.100584494745279
WMT5472034,4.689626070048308,6.294502632486064,up,34.22184495023553,2023-09-12,-1.5493681241904378,4.745134508295626
WMT5472137,5.117043268926554,5.969284591893255,up,16.654956352274183,2023-09-12,-0.8530184007167847,5.116266191176471
WMT5472138,4.7620410459849,6.177193676940912,up,29.71735474958145,2023-09-12,-1.4004743970650733,4.776719279875839
WMT5571287,4.905937,6.241236640952345,up,27.21803482091893,2023-09-12,-1.3318784452725492,4.909358195679796
WMT5571288,4.757254542795699,6.244506148633613,up,31.26281329827478,2023-09-12,-1.44774268521898,4.796763463414633
WMT5571289,4.7861598837539425,6.231550774830685,up,30.199385858022676,2023-09-12,-1.430301694583771,4.801249080246914
WMT5571290,4.8961229995629365,6.175274132724578,up,26.12579653893147,2023-09-12,-1.2789633887632244,4.896310743961354
WMT5571329,5.123273162153985,5.975002584990666,up,16.624712286053224,2023-09-12,-0.855968373014389,5.119034211976277
WPC4106810,5.6436682000000005,6.265174022417579,up,11.012444395961804,2023-09-12,0.06893538934712762,6.3341094117647065
WPC4204175,5.99145593452381,6.2603195782191925,up,4.487450907318601,2023-09-12,-0.21187396119791568,6.048445617021277
WPC4401487,5.7451575,6.238214439715498,up,8.58213094620117,2023-09-12,-0.5806791063821652,5.657535333333333
WPC4845246,5.973146203883495,6.206553234825595,up,3.907606192367239,2023-09-12,-0.24097793250001232,5.965575302325583
WPC5058355,5.937009080736543,6.211133098613975,up,4.617207320212214,2023-09-12,-0.2497105768748451,5.96142252173913
WPPG4164808,6.556745518084067,6.310473238063156,down,-3.7560140063644476,2023-09-12,0.2041047153677109,6.514577953430867
WR3985121,5.9844409999999995,6.051574567449186,up,1.1218018098797602,2023-09-12,-0.08564656744918686,5.965927999999999
WR4309112,5.490901,6.247508032247964,up,13.779287447505684,2023-09-12,-0.7563750322479645,5.491133
WRK3702660,6.089899,6.168331429258089,up,1.2879101814018412,2023-09-12,-0.08685709592475543,6.081474333333333
WRK3705845,5.870121329411766,6.209216679218282,up,5.776632726610043,2023-09-12,-0.2709022138717465,5.938314465346536
WRK3705853,5.984471539007092,6.189162179732623,up,3.420362840584111,2023-09-12,-0.19567427306595775,5.993487906666665
WRK4791641,5.785349213270143,6.221584538435985,up,7.540345605503417,2023-09-12,-0.37251353843598434,5.849071
WRK4791642,5.661841694407582,6.327092116379943,up,11.749717810539542,2023-09-12,-0.6003039394944318,5.726788176885512
WRK4791643,6.087898115432874,6.264163641534987,up,2.895342904232879,2023-09-12,0.10996822638954029,6.374131867924527
WRK4791645,5.89729,6.255894252725346,up,6.080831241559193,2023-09-12,-0.476734252725346,5.77916
WRK4792215,5.903525967213116,6.243719051975741,up,5.762540668949068,2023-09-12,-0.26556320683182477,5.978155845143916
WRK4835556,5.796115587360594,6.219716930111328,up,7.308366031803579,2023-09-12,-0.3323922634446621,5.887324666666666
WRK4996668,5.693957339971223,6.258805321797878,up,9.92013020296899,2023-09-12,-0.5327612873151191,5.726044034482759
WSH4039269,6.699005333333333,6.04813922447665,down,-9.715861929801171,2023-09-12,0.6432464421900175,6.691385666666667
WSH4345594,5.997851569444443,6.2455636068938345,up,4.130012798438352,2023-09-12,-0.1981508376630643,6.04741276923077
WSH4496345,6.137020248677248,6.271222983856445,up,2.1867735438566034,2023-09-12,-0.044387996051567846,6.226834987804877
WSH4685769,5.734571057142857,6.219106784909181,up,8.449380484400775,2023-09-12,-0.4458501027899766,5.773256682119205
WSH4685770,6.481586,6.045324615661284,down,-6.730781391139706,2023-09-12,0.46170038433871596,6.507025
WSH4880187,6.3068129215987705,6.052270701828092,down,-4.035988112140682,2023-09-12,0.23650912686237469,6.288779828690466
WSH4880188,5.7349979629629635,6.204536450920625,up,8.187247685003129,2023-09-12,-0.45015297437278345,5.754383476547842
WSH5414156,5.733386239436619,6.231388840601005,up,8.686011727919464,2023-09-12,-0.4833168406010051,5.748072
WSH5586098,5.990345161681717,6.182837941348651,up,3.213383777920625,2023-09-12,-0.19554885613125883,5.987289085217392
WSUV4366404,6.0573960344827595,5.230629744939032,down,-13.64887296186711,2023-09-12,0.9532217550609685,6.1838515
WTR4826337,5.452156,6.20920300097826,up,13.885277695250469,2023-09-12,-0.6760860009782599,5.533117
WTR4826338,6.090007,5.984151427313524,down,-1.7381847457067956,2023-09-12,0.10680957268647617,6.090961
WTR4976365,5.973301444444445,5.985523262126444,up,0.20460741510653027,2023-09-12,-0.015069668678312276,5.9704535934481315
WTR5167840,5.84616364450867,6.193847553856016,up,5.947214797415516,2023-09-12,-0.3870836619641249,5.806763891891891
WTR5416513,6.083980655660378,5.962415729852318,down,-1.9981149298191625,2023-09-12,0.1401132701476815,6.102529
WU.GF,6.259048496143958,6.13054471293465,down,-2.053088153710191,2023-09-12,0.09346188671872735,6.224006599653378
WU.GK,6.224150999999999,6.084166136355517,down,-2.249059568838903,2023-09-12,0.3677500590467826,6.451916195402299
WU4914115,6.160109187500002,6.258448222550169,up,1.5963846103526125,2023-09-12,-0.02516049338350257,6.233287729166666
WU5138271,6.583705643196956,6.264177411905683,down,-4.853318915031487,2023-09-12,0.28748015952288775,6.551657571428571
WU5138272,6.0344602,6.2719249789179505,up,3.9351453327664787,2023-09-12,-0.27980488214375665,5.992120096774194
WY.GI,5.185678666666666,6.25963854050333,up,20.710112270165034,2023-09-12,-1.028212040503333,5.231426499999997
WY.GJ,6.339264,6.255597492080957,down,-1.319814223213339,2023-09-12,-0.7474207143031792,5.508176777777778
WY.GL,5.38853397186401,6.24586481091222,up,15.910279930027805,2023-09-12,-0.8173321186045257,5.428532692307694
WY.HI,5.680778744186046,6.179009528632587,up,8.77046628433561,2023-09-12,-0.49263652863258756,5.686373
WY3705927,,no data prior to target date,N/A,N/A,,N/A,4.769084333333332
WY4971818,5.741761184873949,6.199157443463082,up,7.966131712236544,2023-09-12,-0.44273798617664895,5.756419457286433
WY5368827,5.5746010102040815,6.166569489122672,up,10.619028659360845,2023-09-12,-0.5989334891226719,5.567636
WY5588218,5.520772549872123,6.249116850062791,up,13.192796725660042,2023-09-12,-0.7060402214913619,5.543076628571429
WYN4288192,6.767274033426183,6.269596783086723,down,-7.354176111108244,2023-09-12,0.46362954623054264,6.733226329317266
WYN4467949,6.965609710105347,6.290038480423812,down,-9.698666129706506,2023-09-12,0.7030041683437949,6.993042648767607
WYN4467950,7.248911824561404,6.268996159523306,down,-13.518107113923786,2023-09-12,0.2465009043064832,6.515497063829789
X.GF,6.837297081264109,6.126144966335936,down,-10.401070868734172,2023-09-12,0.8045673253695629,6.930712291705499
X5074850,22.213950363273103,6.301819157535949,down,-71.6312539891378,2023-09-12,15.377334717464052,21.679153875
X5128130,6.837139012643679,6.245417438153389,down,-8.654520164004857,2023-09-12,0.7422070116335879,6.987624449786977
XEL.GC,5.127764,6.252582827918811,up,21.935854066583623,2023-09-12,-0.6418588279188109,5.610724
XEL.GE,5.301719117647059,6.224105820746822,up,17.397879492135857,2023-09-12,-0.8777178207468221,5.346388
XEL.IA,5.4527030000000005,6.222984322745073,up,14.126595979004763,2023-09-12,-1.0540609894117399,5.168923333333333
XEL.ID,5.673262965534719,6.163273680645182,up,8.637193764634148,2023-09-12,-0.5172206806451829,5.646052999999999
XEL.IF,6.1145263939393955,6.132025280423065,up,0.2861854762948435,2023-09-12,-0.07825794708973177,6.053767333333333
XEL.IK,5.639934272727273,6.096574272929842,up,8.096548259626328,2023-09-12,-0.4933020018675691,5.603272271062273
XEL3674047,5.933868933333334,6.10865801888931,up,2.94561756452192,2023-09-12,-0.14229101888930895,5.966367000000001
XEL3694788,6.010041000000001,6.072421533012988,up,1.037938560036225,2023-09-12,-0.09269653301298764,5.979725
XEL3886361,5.5522246,6.061763632159529,up,9.177204974012207,2023-09-12,-0.4477906321595295,5.613973
XEL3983771,6.120521700404857,6.058653603441768,down,-1.0108304486363684,2023-09-12,0.05717239655823381,6.115826000000002
XEL4103876,5.831602333333333,6.0452215158474445,up,3.663130136516142,2023-09-12,-0.1971825158474445,5.848039
XEL4131784,5.96905953846154,6.265652321931559,up,4.9688360713932935,2023-09-12,-0.6329904647887004,5.632661857142859
XEL4241725,5.830791264705883,6.257083694535024,up,7.311056261086107,2023-09-12,-0.5240544509452798,5.733029243589744
XEL4253229,5.791879135506004,6.286883462451844,up,8.546523768276014,2023-09-12,-0.521463625242542,5.765419837209302
XEL4366341,5.646783244186046,6.0210669635146505,up,6.628264325781746,2023-09-12,-0.3397670506064072,5.681299912908243
XEL4371161,6.1202098,6.018252135583889,down,-1.6659177993556726,2023-09-12,0.1667952238932342,6.185047359477124
XEL4431627,5.56407998413457,6.354510283343265,up,14.205947819990538,2023-09-12,-0.784387283343265,5.570123
XEL4539081,5.572956,6.005799367660485,up,7.766854209157318,2023-09-12,-0.4217363676604844,5.584063
XEL4645490,5.33926633142857,6.22537159744526,up,16.5960117179546,2023-09-12,-0.8204105974452602,5.404961
XEL4645491,,no data prior to target date,N/A,N/A,,N/A,5.879009
XEL4647470,5.417025,6.221054839111583,up,14.842645900869641,2023-09-12,-0.8512575013632384,5.369797337748345
XEL4762277,,no data prior to target date,N/A,N/A,,N/A,6.008994
XEL4806638,5.851965,5.996430762042614,up,2.4686709856025146,2023-09-12,-0.17146876204261297,5.824962000000001
XEL4868912,5.714693,5.977388579223769,up,4.596844996288853,2023-09-12,-0.2894735792237686,5.687915
XEL4880176,5.471259137254902,5.9805481982415705,up,9.30844341696076,2023-09-12,-0.5133539223795012,5.467194275862069
XEL4908085,5.476745762376238,6.205511930237688,up,13.306554649074215,2023-09-12,-0.7108009302376885,5.494711
XEL4972260,5.591906969303423,6.203591163704467,up,10.938740536258255,2023-09-12,-0.5982475287234781,5.605343634980989
XEL4986204,5.464623,6.19954131504359,up,13.448655379219954,2023-09-12,-0.7161414279468161,5.483399887096774
XEL4986596,5.805074534965035,5.976934959974401,up,2.9605205579053115,2023-09-12,-0.20292695997440102,5.774008
XEL4999468,5.422936,5.963818430825717,up,9.973977764548895,2023-09-12,-0.5353810305636459,5.428437400262071
XEL5049979,6.243194053959966,6.286255492201743,up,0.6897340987577287,2023-09-12,0.15584850779825654,6.442104
XEL5136701,5.393340223880597,6.187793816568739,up,14.73027029095004,2023-09-12,-0.836946957484928,5.350846859083811
XEL5154153,5.4250819480519485,5.9555053312127,up,9.77724185993573,2023-09-12,-0.42963333121270075,5.525872
XEL5293181,5.855028,6.2064480998172975,up,6.0020225320407965,2023-09-12,-0.45422809981729806,5.7522199999999994
XEL5408446,5.589095,5.954292191179599,up,6.5341024115639215,2023-09-12,-0.3884041911795988,5.565888
XEL5409077,5.7469893333333335,6.178216680723124,up,7.50353484890971,2023-09-12,-0.4120872777927218,5.766129402930402
XEL5412893,5.491949000000001,6.178518987179038,up,12.50139043860452,2023-09-12,-0.6898669871790384,5.488651999999999
XEL5562952,5.944907115335868,5.94752368100389,up,0.044013566860826345,2023-09-12,-0.03216668100388986,5.915357
XEL5581286,5.598819750153092,5.996531253418944,up,7.1034882531265,2023-09-12,-0.39177512373651435,5.604756129682429
XEL5626855,5.8666956240535075,6.251989158106419,up,6.567471004856704,2023-09-12,-0.38890531105205817,5.8630838470543605
XL4072317,5.832961999999999,6.077447694831581,up,4.191450155711313,2023-09-12,-0.30756150964639595,5.769886185185185
XOM3671271,5.761050679999999,6.121043282204434,up,6.248731736628897,2023-09-12,-0.37403028220443435,5.747013
XOM4108355,5.653786156842323,6.376570816790651,up,12.784082027467553,2023-09-12,-0.9590809059949086,5.417489910795743
XOM4218985,5.312305795631826,6.265552047654371,up,17.944114828750546,2023-09-12,-0.9443213879033339,5.321230659751037
XOM4218990,5.392946146341464,6.03442836213508,up,11.894838153145542,2023-09-12,-0.6303418460060479,5.404086516129032
XOM4340688,5.115014089444185,6.319156865084994,up,23.541338392904716,2023-09-12,-1.1767306424718118,5.1424262226131825
XOM4340690,5.400616697368422,6.0246754126343705,up,11.555323220217346,2023-09-12,-0.6410595801220556,5.383615832512315
XOM4871939,5.272843676174367,6.169074829671975,up,16.99711215690458,2023-09-12,-0.8910705842732023,5.2780042453987726
XOM4871940,5.319980999999999,5.985324949933501,up,12.506509890420695,2023-09-12,-0.7131509148457811,5.27217403508772
XOM4872077,4.935548349653104,6.355898978234852,up,28.777970105015342,2023-09-12,-1.3576070203401152,4.998291957894737
XOM4872078,4.840638587387388,6.221131771576446,up,28.51882368962696,2023-09-12,-1.3460757632053255,4.8750560083711205
XOM4872084,5.535472616273229,6.275992670126261,up,13.377720480019073,2023-09-12,-0.7634308779010599,5.512561792225201
XOM4968077,5.327946603389831,6.271481998998996,up,17.709175144676816,2023-09-12,-0.9187263290074688,5.352755669991527
XOM4968078,4.851491291626565,6.241706819497757,up,28.655426636973175,2023-09-12,-1.3843037104326017,4.857403109065156
XOM4968079,5.035778348097269,6.343768733525369,up,25.9739467270698,2023-09-12,-1.3371748539666806,5.006593879558689
XOM4968081,5.282793035532996,6.1010573628716935,up,15.489236883499084,2023-09-12,-0.8184536591679903,5.282603703703703
XOM4968082,5.403065000000001,5.9779587776769745,up,10.640141802420917,2023-09-12,-0.5958915531429483,5.382067224534026
XOM4976375,5.3349743424657525,5.9719813091999745,up,11.940206753455652,2023-09-12,-0.6473763335902181,5.324604975609756
XOM4976385,4.994479745888158,6.202738076293296,up,24.191875668329025,2023-09-12,-1.1584385048487338,5.044299571444562
XPO3706165,6.781984999999999,6.1622975895481975,down,-9.137257166623067,2023-09-12,0.5777601304517983,6.740057719999996
XRAY4990787,5.9110334090909085,6.203172643927755,up,4.942270067151868,2023-09-12,-0.23686905772085876,5.966303586206896
XRX.XU,9.272166046212345,6.169572497726309,down,-33.46136741968115,2023-09-12,3.1423188404239806,9.31189133815029
XRX4124220,6.183411132352941,6.27114298701673,up,1.4188261589910676,2023-09-12,0.2828466796499365,6.553989666666666
XRX4217780,9.258797106157113,6.154909020112272,down,-33.52366458036705,2023-09-12,3.1574150347400485,9.31232405485232
XYLE4411418,5.525486454545454,6.249858941551047,up,13.10965999038328,2023-09-12,-0.6713148674769709,5.578544074074076
XYLE5006806,5.361150475719424,6.1991428037525464,up,15.630830207590291,2023-09-12,-0.7895858350025478,5.409556968749999
XYLE5006807,5.233720666666666,6.227026512646292,up,18.978961798743807,2023-09-12,-0.9542700126462922,5.2727565
Y3676844,5.961806438596493,6.094832055679997,up,2.231297148835658,2023-09-12,-0.13297119853713735,5.9618608571428595
Y4987707,5.121121481612761,6.226272271660709,up,21.580249443719705,2023-09-12,-1.092119726206163,5.134152545454546
Y5237989,5.53108,5.996111053144337,up,8.407599476853285,2023-09-12,-0.5140330531443373,5.482078
YALE4997010,4.9525624,6.258448659861084,up,26.367891091308287,2023-09-12,-1.074217659861083,5.1842310000000005
YMCA4730470,,no data prior to target date,N/A,N/A,,N/A,6.0755424285714295
YUM.GH,6.337366879310345,6.181751445548488,down,-2.455521934036922,2023-09-12,0.16857305445151205,6.3503245
YUM4062875,6.300695398230087,6.060318415785391,down,-3.815086546037765,2023-09-12,0.16325458421460937,6.223573
YUM4062878,5.6461879999999995,6.279377395278026,up,11.214458237629108,2023-09-12,0.5155856669229291,6.794963062200955
YUM5043696,6.331256454013379,6.218781501985001,down,-1.7765028607722857,2023-09-12,0.12658090479465933,6.34536240677966
YUM5150651,6.344474437106235,6.207910767263069,down,-2.15248199353536,2023-09-12,0.20141072353873568,6.409321490801805
YUM5386721,6.520364203194887,6.224069121830212,down,-4.54414925502927,2023-09-12,0.28942402611987816,6.51349314795009
Z4987262,0.8113358421052632,6.257853166240863,up,671.3024424020164,2023-09-12,-4.866275376636902,1.3915777896039605
Z5044854,6.616938428571427,6.245066013839434,down,-5.620007179245875,2023-09-12,0.5981099434996837,6.843175957339118
ZBH4221424,5.889493799431683,6.353524437786899,up,7.878956225405881,2023-09-12,-0.44254208109899995,5.910982356687899
ZBH4966994,5.643664611197143,6.297213496524796,up,11.580221901049875,2023-09-12,-0.6515017465247963,5.645711749999999
ZBH4966995,6.029705,6.212589012402982,up,3.0330507446547093,2023-09-12,-0.18615501240298205,6.026434
ZBH5302814,5.559033,6.184730170854034,up,11.255503805320705,2023-09-12,-0.5996765621583817,5.585053608695652
ZBH5302954,5.83284196730038,6.270640545130238,up,7.50575071781834,2023-09-12,-0.40744655256825446,5.863193992561984
ZFSVF3706215,8.831617999999999,6.275876401626567,down,-28.938543292672218,2023-09-12,2.490504598373432,8.766380999999999
ZION4902922,7.789259368421052,6.245050139834462,down,-19.824853115651404,2023-09-12,1.7675408601655365,8.012590999999999
ZS5218675,11.79313988465032,6.404214458030756,down,-45.69542530088756,2023-09-12,5.476475647970226,11.880690106000982
ZTO5647134,2.435736,6.2429195274585725,up,156.30526163174386,2023-09-12,-3.70195383515088,2.5409656923076924
